122426
24798
616888
888762
839985
343047
320870
464708
470073
710053
227055
480223
739622
60793
81279
732226
362312
649683
728544
944944
728687
46936
930046
75807
757489
235322
311963
5177
957916
504553
204122
490624
962296
245159
296699
69564
201572
473415
266223
842410
801235
972359
481727
603524
191782
267063
430378
386737
216982
230628
913957
43950
20688
225095
806216
567191
435831
99154
995443
470602
543189
613191
182833
430042
576821
388510
783428
702810
221911
284589
163039
993828
597722
805969
308799
204670
802231
255092
123161
720693
652297
535227
938046
675293
890976
978073
451871
375216
783680
362768
408814
605689
462046
258216
326060
32789
439013
925338
77725
582487
827351
889684
824112
716968
532477
213336
821710
482045
199781
746561
377205
736511
885431
23204
756346
481956
507755
471778
258447
560888
608652
542606
513355
560789
939823
227597
43333
925911
27082
269877
99858
971885
263417
102001
689689
772829
780493
187655
36687
227326
224737
102180
627429
673960
865999
456894
473767
814349
470158
168547
314565
862310
956712
223764
771246
864750
341064
927779
282569
165796
288692
986819
140960
264377
528301
9845
875686
959430
640145
424435
233123
141002
120734
538067
587964
589338
107605
712403
404295
226081
738526
840133
982739
7080
442716
149638
156911
536658
584047
747722
688062
862041
491145
9989
617953
483171
25043
595669
255816
10118
874015
71882
884816
869588
90250
523871
70395
310350
91413
172732
755849
752798
749054
396355
566193
42846
272281
302266
196861
820318
576126
612013
795219
913884
151422
812588
798626
695923
223053
583077
835972
142686
432105
860014
464016
576467
84768
254415
1560
92383
899631
840833
437218
397777
861835
394687
610039
507543
807804
838200
540182
179247
995125
520558
328150
141311
390080
74991
246439
733542
604896
974667
506461
35211
713196
274728
775002
970827
919772
159456
667710
246157
667736
491619
680961
591045
635555
693743
233349
956179
342068
571086
675820
802636
932040
27416
539690
220849
535108
936817
156346
538296
941301
227527
324596
10481
816326
885314
926156
603621
314960
180737
1477
677302
64886
652736
286795
945101
857147
452655
43420
147629
301948
832083
353007
666258
325117
60774
580008
646320
666244
610612
473265
634004
110613
669750
755581
552725
861
736502
336381
145926
578645
382678
79252
677033
61122
793268
396480
366058
513701
809263
283290
952101
194724
307424
698750
10681
696742
778560
377544
43670
589782
759996
683633
56516
118424
436160
439999
828517
792251
385093
451108
962584
87415
712544
183784
208085
366504
611375
890212
453882
496016
709769
869989
660771
894131
387235
431679
697338
426551
955069
106404
102516
773419
126184
562299
173399
706983
741151
689921
220037
530427
871929
349243
706047
262174
194351
526638
477573
247979
446884
114777
820060
954637
759029
415411
767356
294164
156294
573820
530768
225411
450168
50312
952110
768275
571516
852394
590012
295319
429864
762909
274775
468345
174348
229396
168150
53655
634879
701418
779676
408692
360405
715616
202616
982909
331196
812967
730218
734276
162063
392356
417729
222264
738122
291552
253270
712161
284974
108103
703479
855098
573637
968502
489306
787924
203207
80206
135801
240755
155997
77841
481868
311822
421393
177001
209666
710209
834097
348973
480569
110104
150077
414624
163270
438214
512156
752168
698122
584625
956892
397894
36349
877173
678003
886750
108141
412891
357840
66057
5591
928768
44748
841577
914941
761837
466242
809715
645083
498015
131570
305228
471370
820128
474306
433875
786834
380714
683674
580646
317757
866678
339737
532380
158290
966012
764378
681560
787148
230110
788118
246159
839852
707473
276952
632131
137308
682079
338108
701696
999240
711385
624981
775696
151199
754650
190883
957966
999559
885528
49698
625627
556346
670306
562205
37825
547498
644996
624125
283109
8692
355399
856378
761771
907375
194608
543476
586918
70502
943077
323370
4099
126976
592987
201836
384806
21352
833828
26585
570555
77661
238346
53140
195079
622121
565005
176338
901760
467349
918825
472878
589595
759712
118119
932038
971562
896047
694646
467031
244374
146298
269611
641601
389418
533327
414944
4059
369333
732024
297662
621261
227110
98213
146387
388657
63955
277596
995512
393253
755803
464659
256785
644566
721149
101389
125043
432822
969651
297876
531094
652106
521481
742419
849831
395368
689903
675334
876825
236639
948705
278272
845189
485424
845946
2958
66086
3939
891414
510484
396473
887636
641489
213434
582746
808392
561339
481277
79263
83828
106484
614703
276317
528947
83747
466784
844732
197935
746639
734050
240214
947102
589815
779524
134417
19453
307141
867680
973330
939436
782523
962647
15416
23406
890081
402101
278585
495171
72422
209887
43364
109590
388164
269575
16384
821900
99272
864860
347136
209174
469010
157355
544594
843074
656238
918108
577487
208673
667677
135679
668384
959741
741344
738676
73116
760995
864547
678144
99465
5408
829771
610291
864191
754730
274544
605916
182438
452405
670582
313916
536746
200963
380665
127433
812363
784649
890075
126762
276350
608920
811364
888075
273420
249262
813518
390923
661029
206316
405062
379623
635971
611322
568101
307928
704959
55733
52764
233418
173885
633081
45251
279773
750226
858125
289238
360697
878976
547700
889751
999060
733353
474367
709837
961224
943248
244808
27101
140096
958971
623221
563119
423877
106912
612237
156847
755513
665784
478673
517089
729733
905064
617444
279417
347421
532532
851794
198177
613792
577944
817537
652567
306897
909252
309926
648870
179715
888938
918768
972665
228397
4709
479432
544044
292693
133084
428388
946980
53864
508255
199600
777830
897200
327723
464084
19401
243105
130334
331831
493828
885647
513567
97880
503005
562875
375106
160574
79750
65851
189572
864400
642601
577612
56147
648649
684890
100373
62779
113178
45921
899295
42852
655999
248841
372046
106884
245852
729968
362247
641989
879810
468747
844726
598770
83644
595789
782591
249926
752421
617088
528409
660154
624127
370358
617342
647940
508886
604263
106018
664979
214951
449717
151557
200971
608954
632452
200363
571240
984128
369311
493453
428936
451011
711940
888053
677082
955221
23808
375702
962018
401151
931341
594320
587016
545091
962758
706878
120439
997068
113223
190369
841550
250984
273672
879459
417333
617668
514083
130380
500577
215647
708090
588830
492503
997564
998716
564139
588420
317545
10146
160423
37876
507094
451110
955473
356351
968108
653545
197940
269462
517287
812273
290452
951185
847640
76692
236740
805499
636842
590506
288382
328360
192105
284098
446296
905173
591846
139057
109108
320312
758026
836551
113861
464538
682855
732761
316268
518046
995810
342120
359434
20869
484432
943990
615122
783298
954990
199548
593602
636269
641168
137372
642255
581182
762142
120875
406266
557486
224673
454677
230312
896091
87139
874317
544683
132985
72979
470002
634803
724725
522294
211411
95991
531453
625707
22714
194338
371715
877588
257136
867027
412718
904878
144663
232832
246125
400242
202705
212935
80475
337316
101216
827296
214039
620793
717740
887496
143926
853667
530878
364331
738346
940609
458015
946663
362704
901128
398110
81006
648412
412842
583308
728083
166232
598194
132919
99350
787798
860365
736577
898252
74824
889380
304298
594430
911291
973448
256319
535028
690574
251752
218078
793885
365481
297821
422073
436684
472468
158757
151881
131913
818545
462986
203246
420016
212441
477427
248779
812862
996906
634679
36525
222474
976914
887810
301834
73668
893752
540054
941519
623196
996857
887886
766679
341186
822883
657933
28770
629486
165317
472631
22169
64810
765433
490229
742954
885763
257949
174171
458395
526722
350662
556892
839006
699189
741172
705625
342719
125852
219480
131520
824823
520496
319774
224178
122093
296710
593901
643161
505137
937559
390767
156428
854189
247273
637613
431308
190432
635343
868384
372231
242611
285859
812784
217269
636007
719556
348801
124920
132269
387624
327411
182383
528610
268455
746739
366151
153525
952516
780348
48249
791100
944905
575043
901170
233436
45828
31948
435193
770823
317865
11832
729328
303993
714301
609001
665282
44396
994892
786510
733517
853076
544387
285391
916125
570099
517058
219287
444599
358137
121102
273947
591003
973347
369686
789999
293750
9644
585158
58325
348657
168113
371201
529952
698842
682852
38510
459079
235413
23690
127970
762799
397854
448405
379543
86568
137869
913021
452612
935830
874365
488247
416461
9937
43477
452167
410644
264084
946019
620848
768202
78588
266672
858588
784070
598586
544009
26257
100312
758925
727416
996275
924124
384354
874974
792266
931244
947893
488517
841989
431186
357027
938375
544295
214335
170730
601071
641688
533974
302881
59416
201608
395070
445777
362320
616354
259123
694764
400914
40569
52766
774159
737532
29772
877659
874853
100585
372733
759818
701008
185723
615715
717708
23133
875458
286638
169272
341111
344051
829286
431624
740355
322809
894196
466761
214505
769398
647985
871164
594044
948669
686223
793099
439730
597707
267699
628369
352908
378451
369509
940652
282617
31560
22479
551101
151407
261903
636018
489511
562349
454756
705226
480515
979313
126778
646889
875963
928435
957543
281349
416724
429916
194826
160697
133951
908008
185711
294536
277791
233651
935181
650524
687412
873376
217106
255629
742842
821228
87347
617994
204930
288204
718744
556484
33005
641769
474801
967294
297058
922948
823160
749711
260313
915183
194570
492934
717656
965283
142
18721
501780
272250
623144
392035
477216
267420
829886
231510
320727
154940
802645
394141
721818
506402
848268
555322
812798
753556
164202
501027
825338
301899
73577
126630
70289
115586
492482
176219
937246
387775
809712
160463
608221
327857
692471
611729
504909
241649
828010
543412
427226
439993
798212
218398
312393
930017
243601
582425
235817
891648
375148
738738
569240
615720
572830
388624
475065
718788
121173
576955
753524
870392
430816
258942
581682
566560
759380
651457
405221
451335
807648
137643
79832
657446
117299
483205
842378
835644
887432
145343
464738
441047
113647
881827
147618
905671
979265
873874
821792
765010
250561
55656
403827
870222
384284
145763
738197
364527
704846
488612
264179
783621
290784
961066
280435
304366
489286
787109
133984
339500
804389
998932
284698
969082
245647
630539
165283
190574
267758
340895
770659
853656
311729
313439
111354
145713
323911
574574
424
980475
361242
778410
533378
362323
217609
618633
409146
949094
630506
642297
271587
442851
628244
994777
595179
646048
612807
598949
840566
843265
320108
57820
622110
70448
713680
548273
875848
796611
998278
594600
233254
588654
52991
680077
513904
619833
963647
158918
691686
810758
761352
739511
543542
26112
285578
951243
493701
984062
296177
571990
813852
551787
825013
262438
862779
368727
908879
218561
665098
728468
555624
529523
866445
144723
27349
522398
651991
145470
960377
115591
774498
493045
197392
473709
540421
702059
518928
303838
700241
399703
105725
997452
179052
801510
165865
610496
545386
368402
832701
923870
768741
779704
433382
697171
93793
390861
603891
655736
706814
175257
697575
429286
448957
564841
269851
464968
649361
839317
182841
641287
194157
615965
734782
665630
970056
262919
419370
781830
919650
893351
963818
556256
398642
253340
146000
55095
351951
415913
298625
219166
282380
415584
559338
60637
1239
347493
214954
157693
113566
214219
553463
909329
513819
298673
231050
702742
775314
347071
829197
590689
342053
75147
624593
805545
600886
610234
927861
413658
14815
209016
275299
349289
949900
255111
920093
357742
484222
779923
494819
800214
541136
986335
437548
709395
20280
350120
912603
142389
443757
660704
643609
798589
13526
426931
202279
628395
59018
404720
971389
338913
705055
997721
451948
656674
423777
286190
486445
676944
229250
304801
533271
621851
884642
901109
675233
311792
952833
156215
435112
598203
95122
590402
190585
173472
901092
796269
56937
200828
878008
35995
337407
360778
937690
647065
648741
713694
573617
353741
903643
656807
875986
779607
974972
793594
534308
284709
938870
778196
542255
505189
786677
897878
96345
483271
860669
666027
358320
844086
631468
124530
562863
754443
680897
252015
14451
612647
798535
38069
790013
711822
666888
616740
669343
811172
138208
819004
663667
999159
994284
66750
711689
537415
737646
741277
507058
503995
856174
112236
72265
910728
649890
699076
813814
941834
425144
239758
96
550514
227332
662141
715731
653842
527790
328395
749693
526564
931867
633991
428767
227078
768915
244415
195626
378137
795693
740757
38448
544937
646505
632086
783057
60407
870251
523845
704067
328359
171003
925
605238
19925
18424
861301
312149
604261
551839
62344
611725
732480
57388
526717
786066
350129
830321
234637
262599
826080
618792
874044
448982
8462
895930
939526
264961
193592
827463
878766
219340
84018
481555
267011
255551
107623
693527
7724
906603
411157
193507
436318
539619
556533
112186
764679
462887
568797
939317
645918
965412
681001
661175
158605
651189
814141
994177
525449
315782
177484
252661
590948
10218
921028
59547
219073
46665
279213
246754
955261
990822
637670
205915
67725
662179
416041
987161
435605
577910
692063
250305
957285
511270
446562
518766
47218
281757
943929
800714
914890
353779
284753
122907
711365
832363
151828
266833
691771
259403
729166
199476
752021
570487
903576
290767
546963
823420
934548
804261
434011
441011
492826
224209
649790
1926
30996
925014
643748
253411
901181
287221
469369
576717
954369
780830
419981
248995
207113
479164
577090
429552
16128
154083
53175
602598
695805
796419
185644
476481
208447
527104
510788
260142
484849
463169
456408
305773
797273
483926
554615
915534
184913
91479
890608
167788
739133
53528
613835
524412
248755
805124
524057
888769
605472
750800
829258
312285
834085
157407
898591
116270
174291
529647
517315
160998
466179
170904
501051
456469
397425
381880
3496
560723
118995
266431
819120
523001
840153
509470
85837
756643
507881
557342
780524
878036
959749
953174
158661
440259
79208
576337
432364
491090
94549
578373
896773
222525
107774
622495
400291
705082
90600
174541
930702
156017
806006
151905
24844
335855
698753
555248
577981
112962
165849
341496
741808
594379
797641
752725
170826
20091
846882
821187
520073
302731
659053
1391
291345
890562
717696
596407
116227
788281
989774
605117
256671
692760
442885
447490
135584
956898
466337
702628
949155
152983
237957
945185
548283
984437
149462
288247
755191
126853
325446
652910
729988
735417
115107
524998
60557
114004
604208
398434
848572
572944
710519
600227
374599
681931
813
364340
781004
969210
994816
210946
357439
294426
292644
145578
891150
501413
336891
460635
327080
9372
971191
787317
720256
300919
537037
372278
368143
216892
364998
730689
467678
524141
756434
564281
49021
589895
870876
328481
572599
939528
508526
263096
826547
334485
729115
292277
451816
879943
925413
674195
288078
479375
764411
246196
287777
603411
524664
424452
143400
563080
560507
681319
789857
793998
388415
95965
704911
197879
991031
717946
328814
182812
303157
832853
193497
860639
345144
86381
64712
624033
867989
123613
667812
692477
341338
333384
342074
675673
176222
843405
499252
978393
96421
883245
550349
355112
432534
106266
289038
231430
42818
392797
190265
354293
306954
668157
598797
482175
631685
747648
241240
976212
425097
312787
250243
154383
829457
336422
343957
83861
116035
619255
804475
478824
220272
33412
237798
399204
808779
892978
145177
653536
615901
151377
62337
641373
113763
114331
680569
606227
228441
144944
498073
576132
297302
379093
320422
23959
411436
1197
248306
379206
204840
55309
452109
873077
271582
282569
138
923085
330278
529482
74762
250515
860063
150494
564625
494031
352307
268034
454607
47886
481930
536586
310023
522605
198719
45691
880118
113067
446478
800272
9612
135800
468047
245986
606296
688226
370861
59854
458245
279452
884525
315301
455316
701410
627801
516154
139928
669531
983232
20551
428267
966383
643135
996706
38344
689081
438546
857496
548548
11609
697135
736539
194104
939457
977702
357065
698417
252551
813853
654365
112686
136701
446973
922580
265542
123620
294272
525997
580882
355093
366531
300830
870055
126665
526053
36211
607460
159509
696199
676592
6036
664247
262307
878390
148303
60039
814553
306369
943098
601023
902467
459537
86210
354298
651108
658839
527019
537743
904659
57552
538921
454604
978021
247517
276621
292916
863088
701437
256214
767881
381015
158497
436914
912730
404930
493264
801188
681272
995852
761653
219678
975734
992536
989552
645927
403426
799268
906658
155223
876806
709474
567849
731329
539320
933894
193958
640756
587559
910731
568156
78142
65065
871235
866221
604825
224250
966571
528669
923591
741175
544626
887179
193367
892541
953150
337973
679055
704719
283855
435926
233828
477769
355920
639113
625196
458916
756161
820537
154018
47516
573696
319141
177281
672615
260846
264520
356740
247997
905931
430566
801951
778304
758933
181206
964488
627381
671740
554826
528768
42047
112826
660501
528578
600025
84002
436442
94648
520075
470000
221276
293102
397760
937299
209982
853524
955845
427693
775699
756215
130940
102659
257361
72266
63638
127117
848753
343759
646010
687459
289011
534928
55917
574601
404771
50490
988909
719266
445742
90571
712319
476067
312257
10322
919939
613878
669256
742933
783320
718483
402836
596025
563672
529775
429617
336776
274612
597962
267556
972687
360971
127920
755517
338759
790807
46514
869075
136362
648183
389593
584836
544274
855226
953060
522123
291706
98547
161538
158391
147813
202320
121336
119992
500840
848195
303296
652878
352477
330225
398976
657563
755415
795789
762449
537261
160509
378749
312011
296157
571393
363564
245036
601304
65520
994099
198379
81613
950626
940904
549564
129041
858316
61030
329386
751958
173541
365765
230031
954073
815597
311742
618115
919217
350136
544784
390143
498194
539694
511519
646783
491141
967196
693564
396088
83593
326128
428004
34578
246829
717131
986436
500265
509199
22232
420206
20935
637489
849676
432672
43556
395667
567333
843954
160614
642587
927921
269018
649402
720126
215225
277222
285903
257781
591803
324494
367055
533161
489515
111127
443991
896732
210400
865459
763995
558003
334647
316699
719007
249744
724879
284557
155349
473615
684173
204466
452516
764486
585430
996784
512833
412169
722032
88854
842932
961393
806402
267124
213974
7562
389227
269676
319173
455395
622800
51302
298946
556794
420016
541855
751008
928962
389595
289053
164286
221710
262471
546250
429435
70918
476231
668297
429144
394964
999453
270682
677250
966693
662705
676953
251804
711509
244968
379433
680744
732430
154360
672053
511670
414207
997118
313363
476129
431891
136070
217328
25549
132717
843457
643445
273476
563002
962282
777551
454830
61022
99542
394268
140061
679019
449910
159781
981185
197255
468086
525676
733594
79334
824781
434428
62537
472407
555286
977983
369188
885484
645867
249480
654922
678210
61296
388924
513475
746147
108681
135126
809071
777347
50297
455580
47902
186557
249092
699409
669978
757422
776996
431504
380246
108617
597207
204396
463563
318987
320713
33451
817528
213381
413904
158056
33589
567852
862428
390155
967418
237083
616224
516225
595915
318983
253244
5292
679368
99831
530461
560164
509921
880625
56234
240866
670129
59083
405447
577665
52685
8493
986135
721380
68026
998605
388406
558335
800335
126334
13751
645994
751702
72956
743072
48897
99363
993788
580970
495606
709747
427796
641372
978826
260890
648023
305169
142740
688672
612457
311667
271826
806530
612641
597530
176118
970716
897318
598168
375597
565285
652244
288792
926564
804698
941382
154483
619757
249644
258213
986436
111878
450836
409740
209689
439076
621386
364704
890624
814214
939707
327665
235684
766920
484998
260086
210726
480412
856087
965111
656065
13178
610358
7204
893708
408514
144651
860708
27735
603493
143374
687794
385360
24194
83272
891545
711901
827156
719018
171135
483598
193065
80825
637644
962713
426425
27840
236355
88161
345132
625291
331283
953079
35000
999616
74061
144435
295211
798315
893528
492737
694600
620876
425038
150080
404708
968435
271240
740230
181027
568104
390749
638393
294798
526433
394386
840957
443914
659895
146921
721788
22728
111638
510418
626648
857792
806248
532324
551134
90093
139774
680582
728437
813171
454582
103569
178464
424795
530945
371057
27126
838182
199834
52556
667935
107631
807969
539264
47440
721256
168666
43472
430148
402893
150995
855575
372226
766286
917313
485860
802631
308720
44173
850443
710692
991531
741100
559897
472570
630737
210550
103339
593619
224853
927076
532698
230710
605802
288756
937077
656561
45116
620183
950098
275575
159940
60212
286468
511054
224348
992504
202461
154619
846019
461434
819151
235644
53529
57533
236923
894512
420037
585790
501944
832216
938238
118490
514855
240971
451463
68124
427473
511426
308073
811457
334180
257516
480359
847528
534123
354692
720951
901586
917414
273742
244587
287426
50451
936544
560539
710878
940835
861776
530440
896192
694989
113742
825793
323646
791554
620588
567815
511208
307645
432309
818835
532103
969280
367081
382630
358706
426755
51771
769201
634819
996673
317664
559912
520888
953939
519218
893795
843753
852578
236345
4106
614800
643015
436664
23650
591879
560310
196092
886608
827165
147838
6860
404897
37231
568756
687917
118272
142116
819335
988837
492653
917685
440841
873585
207463
147554
738359
659299
100396
796118
259216
616860
105845
136674
909213
820329
821298
717741
629356
335336
225335
147767
219531
626680
920641
90187
960023
343563
848179
855217
984886
616478
953617
352475
173467
424791
448160
216468
936050
349718
83634
433303
733052
685353
626777
811142
62339
61067
838422
763658
994471
177413
453740
272697
726234
189657
192249
406656
612432
510796
868936
187098
510094
261786
798028
205287
683697
143247
917677
870585
474417
540016
125258
174879
401847
54134
530546
797056
831996
135625
818765
482359
516534
162718
311406
596996
965395
385503
272549
898024
264974
874767
945894
404908
436191
230873
128280
523934
645211
571032
626232
273931
579441
374479
433386
369550
266641
787319
285974
356388
110921
372907
213445
974499
595622
10001
542945
374775
910532
325595
379153
138650
168295
708557
81291
649134
625377
260735
357312
900551
517315
117564
820276
38483
706826
72770
496185
905289
13409
117466
233214
846512
669386
640796
68259
946806
335807
43353
690678
454269
806137
387114
554393
771847
594074
284306
803875
995076
569935
791365
62027
251483
817999
400908
821040
534508
557395
859027
927970
623027
129595
553365
612743
929140
876377
885609
550094
594937
341005
537022
26513
961508
491445
535886
147531
991441
44811
714613
141180
866065
844104
696276
247803
692450
174083
994924
859290
655001
549688
589207
111205
997150
828965
104527
824799
162896
893999
784839
559164
925249
806512
256090
470251
417737
272436
305269
159345
172775
202054
658466
562520
12924
776405
332769
698842
576968
251312
535627
633902
564379
15581
644643
684134
823447
308
257212
699250
319673
367667
309749
917029
175451
151633
431707
319067
471493
425360
888086
602642
103470
613613
601643
775216
974800
746800
243556
596563
4919
674026
481188
521036
619995
230834
288783
587707
190692
173838
359799
273334
184976
214074
247767
876361
462463
668705
642170
189393
789460
481131
440663
759129
839257
125071
44093
835863
377827
888092
762014
612409
517332
17421
674203
659328
802231
354167
515588
427692
661188
575507
151872
213268
806795
779587
152189
590559
674400
148056
666031
200901
888023
139610
214891
316748
674169
805137
669180
508426
287623
533781
791464
123593
526459
254581
472712
798949
466514
515511
635586
391055
891890
678336
762571
373973
591915
491589
710633
541438
263718
695320
378498
302943
417480
329799
517733
917293
632396
174680
458585
836063
148441
479891
311669
167504
735722
524393
413236
873059
410044
889177
456808
127796
806825
650559
325793
334122
145478
147738
317958
395895
909012
618832
524472
390382
947374
486119
828790
612971
69542
416955
114235
697415
984968
625131
616414
519135
934
889043
211127
514461
674733
907922
113859
796767
399256
955511
595166
796031
18855
360653
65006
740301
510717
306670
20414
227378
195414
169628
779329
817886
640389
921477
136717
944537
227014
264976
701208
635283
493532
936069
773754
922288
692457
214292
583718
134443
730713
446834
660519
25427
433543
102081
589075
428381
405024
419740
331221
215628
290691
758699
883305
233806
605875
142751
428682
179723
927123
635251
520145
199579
866634
40575
272646
644202
108601
802281
445061
895483
530428
802351
384186
765618
97990
264305
712773
562321
859816
282149
196091
359717
611239
573360
517291
144299
849254
94008
923517
428368
701719
648006
882162
418047
56649
816470
890433
894871
645446
1671
224524
47903
302061
555498
953086
472164
648864
692967
682271
716771
516169
872674
963575
305539
316292
232648
295421
544768
205582
451936
712211
697733
229702
190115
130986
318583
546412
721272
573650
395683
287297
96041
577280
340132
499683
676744
194107
283656
795810
749483
540324
396686
413335
668098
493021
322007
991594
203837
333271
942626
461076
98454
852841
741645
344377
423856
544023
100317
56981
133630
337698
949077
987164
840473
705749
449236
548912
324860
194912
429938
956231
708840
434668
744224
833010
605438
271072
476088
2528
928220
291473
732682
640848
732742
222762
386274
92922
984325
475633
750642
686892
661031
249485
979661
853345
883475
359314
424653
814692
918717
512222
989511
723758
566608
550268
815713
315414
586693
510032
991098
373259
649822
152190
814810
32482
650700
845152
506691
404956
676625
44646
371049
928111
670279
580515
134486
735592
288396
639768
315174
449040
995352
655528
7708
444197
978621
791561
358499
465063
970155
104003
699949
416163
185172
572910
164426
136618
112193
284909
239613
813498
278586
870014
175494
799371
758305
828912
230070
739318
714527
859359
865920
704022
342751
209853
799820
896529
279669
756165
674792
39887
427544
404385
353314
261437
505157
161782
904949
531628
317981
448421
601900
428952
369927
435071
791190
737247
365224
461914
235834
33773
329514
804349
518518
107311
715282
998159
105159
384517
315671
526458
171530
687187
93063
430966
33332
598557
116739
798291
938808
928816
480900
434679
462069
54873
347936
692042
618059
275666
569787
705596
510590
144211
834745
911369
637172
410296
353862
170644
922135
295602
871496
936812
715778
962549
66600
155455
277995
789313
120261
848545
25156
622198
332876
825922
93933
465813
962976
96811
943982
789321
889895
950293
749875
227423
381376
926777
335264
169899
388379
558023
485938
514533
411534
862148
883995
966048
162367
274499
867104
441641
237254
553124
850825
384806
208336
644612
89617
449736
477022
296026
432205
285112
810797
668587
108773
990293
327959
836159
519934
309487
895115
720446
491071
268222
457012
592121
411372
12263
281870
788793
445712
332568
991266
484029
603870
498896
892831
658007
904331
419500
737978
588956
304817
143985
149269
561547
771168
881391
872899
849424
856912
633329
831146
232680
355357
409177
687028
750705
626760
665573
58220
924206
853093
91133
421924
972088
802279
481733
30666
254658
20837
531273
672159
797685
201448
114
937558
956984
509986
490031
108824
677051
354084
260995
198752
253303
561062
299375
99191
546189
605371
264578
330960
842311
322469
576811
104236
5809
673413
384360
169982
254474
77775
771414
218731
751650
65603
274247
114900
341048
958075
571229
137447
939703
479962
123976
145932
800561
562031
183396
559715
800224
501808
459690
843403
476236
761859
263141
529924
321078
234044
334658
187009
498293
381392
50189
923229
283473
659353
346761
168226
164571
381511
671472
115648
930956
768504
893009
160412
241813
221796
133403
760625
926490
801006
396845
802019
436633
511443
427649
912742
656364
72392
503491
208051
764389
299757
452134
844453
631007
317719
167204
366021
845677
401675
398450
848740
123415
162584
946264
242641
940838
973685
620960
250104
49798
573813
614571
391148
634349
81707
575070
990901
610724
442969
997446
638582
79256
898339
867195
916910
16500
1131
624347
637463
229362
611654
96966
173694
490875
393330
803690
522327
369007
800862
630801
463921
353691
85632
149283
48113
560145
990107
330325
872156
703846
80047
810108
416208
934397
418747
644705
606627
352365
194449
521358
43071
749189
404874
607225
495549
253078
759892
894516
413868
94494
928848
776993
88818
439292
256732
974216
448817
370617
473680
538982
399240
127116
650142
611371
874854
793873
878094
634273
664551
66708
73625
934315
94455
547778
689843
761025
453505
152789
335456
882484
800901
814923
790608
980541
429123
709103
882229
734304
319613
130838
296369
683146
280516
83378
787717
342674
933509
866314
406027
30128
796841
169072
573686
95880
388359
591021
22358
816995
473393
535013
68184
931168
47022
675559
491210
381244
328960
834037
142470
718993
932894
807123
582462
807688
46819
621206
489096
3698
177917
507895
379037
951322
784371
516416
262246
153016
926710
939720
253285
837227
973808
958340
823853
832557
124173
22612
263737
811246
392571
611534
225612
658335
839656
997661
55637
650172
518384
555005
983013
713343
130904
289392
276080
140108
466136
219064
114731
247493
575052
682813
136497
679038
154515
439361
743309
634516
623699
772831
350147
974892
578012
508993
11406
302279
887255
464976
280741
740088
460927
673578
761897
235553
924031
300751
37545
265994
556989
172984
865234
25838
506739
691498
135534
155579
536545
501045
191292
543689
309044
228892
889858
30591
137532
366107
523015
64469
867169
758788
128613
650344
171010
29891
611771
352928
423464
491699
936656
414273
651359
864640
197279
174190
331512
184469
777518
745845
697864
636185
898214
443164
54014
406607
91285
868241
254134
91324
379701
960422
87515
69688
613353
719040
780155
824043
632948
140702
855581
346138
567850
597643
231906
504018
735741
529091
257133
954949
845669
935764
751225
281395
783215
788186
366772
973676
975941
626587
328532
893164
737013
711218
10573
355840
305593
423897
788200
676847
56565
336742
849953
366929
711200
908874
265807
209213
470773
968535
754580
692523
737149
594578
764540
936314
189364
561190
52266
957100
982165
215011
919157
473884
384496
856707
604571
165409
998728
911949
619695
896363
232981
600209
962155
962598
807323
118859
111365
21677
591665
504585
929019
316952
753467
387150
234526
684187
979247
982326
83502
551307
333905
805966
513411
987564
446762
793632
14386
648903
556897
193842
446381
749314
982754
782822
868105
276323
824169
612831
94378
620602
953558
657796
739460
793172
847888
867572
551123
500447
37073
863122
351553
522008
426268
523321
906853
518300
154052
103099
4267
580234
226674
525821
320447
251205
43054
253363
920051
857775
144837
637438
934567
453997
334637
397827
785925
841486
212517
462353
50984
990397
256122
585288
208103
586762
471753
230138
759229
702443
13972
545751
395848
946258
612999
929777
592208
82772
841035
582059
446731
471266
814990
101728
747910
502712
842480
840952
173640
819894
6295
124698
345662
363298
962157
912089
968389
229654
420801
953574
504635
173605
191432
65335
61041
489749
220616
441947
941965
108462
15856
93004
172367
100328
667703
865614
527212
153906
938144
265955
423088
622669
372079
257221
937224
225042
896273
277082
78024
461285
853366
516948
454114
879885
245575
904063
203473
744185
396597
432160
296449
212641
695358
685720
522590
675583
175030
55638
630874
335617
342837
855962
747596
197156
652210
334834
80228
534916
867482
799484
780036
776733
942081
952611
213302
933350
303616
968324
884289
137174
184092
732556
846637
113426
631652
719543
487052
441004
363574
855596
985864
884447
637680
988590
7888
207610
811440
315266
728961
27221
581785
192188
814790
542713
496237
259524
405164
997186
68445
347823
217691
467674
99764
986787
508500
168478
455883
356087
274045
17930
122387
417149
649897
781829
639474
436237
150079
775748
352490
435004
52706
199052
585541
233660
73270
653541
7680
896569
501658
37107
608317
90808
638732
251726
509213
990984
826720
615534
203306
66161
90254
583621
471776
28671
759500
604835
49931
256004
474406
489497
134910
793849
542048
360616
368136
279016
895828
816991
498943
591651
939991
486926
249460
284660
747611
756964
107159
567493
476278
500549
56497
24971
137135
293776
222584
728953
40850
235760
363572
160997
193371
690446
83184
955428
589760
654714
355764
101643
721909
573758
398980
17983
717486
730623
617793
685113
917133
141635
489786
391951
87579
784910
843513
116941
478434
619365
86213
837343
839838
711249
442685
472663
992771
690224
640917
940467
874644
631317
740040
182907
765775
741748
389737
246646
802096
109093
210470
72673
714586
305627
53267
601104
547026
823804
227959
964261
157935
550284
207898
533509
34276
283824
623245
59586
632757
771914
570471
703743
817672
59105
608274
566972
276870
899421
171379
487641
207594
584299
222927
401067
569303
684495
252744
726921
649808
246524
392850
300807
48975
156189
585629
686953
616278
882481
531979
816846
432289
611209
193757
847199
926998
223445
558811
616840
121357
729456
243787
431671
137282
383070
795861
873269
13169
205092
21100
678609
877438
34550
328952
980996
304625
315261
164340
314648
290150
250465
702442
773268
278262
482042
238106
554451
78946
828748
968179
39518
179062
856629
833431
47028
730740
985438
225179
411437
3741
558212
62832
972430
796180
32059
314639
284418
847854
765963
696512
787888
882180
882298
388768
392749
570113
106132
656432
833904
944198
386587
791033
505763
405979
336085
970659
292911
633875
784446
99069
855026
970860
140112
156647
303165
94849
574040
283611
238902
354893
11302
566227
635991
39093
107962
61674
465485
361467
773782
596027
674719
354765
373935
606004
96486
328041
981795
614661
638770
613935
891280
54619
593085
818823
799023
935276
919406
984259
194414
434818
160653
580570
97985
803111
462379
936773
96077
26220
725210
791188
442516
213614
935118
30948
584473
61759
303877
786277
161041
569439
602569
511572
491544
557760
418139
597351
299210
932005
110054
771221
317674
605290
551407
804032
640131
166945
724509
161005
768381
644998
69075
37468
475452
244624
674411
278527
652351
486218
491589
367885
243215
71247
798817
259644
977778
527544
905322
128354
800832
379659
650015
988698
495356
243893
379310
554933
881065
754913
425133
588920
220483
487177
364121
202649
232831
260208
203645
421525
994873
348840
720856
393527
209732
97493
127866
41835
578233
9613
229740
27119
639375
350893
903632
593192
460455
584163
924294
746719
460987
120827
530943
145842
578441
492533
701492
186712
130493
894467
814303
988324
232587
927825
149007
17415
659596
637061
676916
457167
19228
36836
233691
896113
495275
674531
989430
610592
855593
763828
249483
712476
753658
329831
882480
22477
307159
127853
232419
350632
286118
348799
495598
23157
141938
818007
356014
34443
220909
531035
133289
368706
381807
774001
826548
185201
874499
680149
44259
622505
626984
209792
802163
47929
604679
535248
819668
152051
140743
227597
991360
396757
386716
843584
316555
718631
678447
602823
510983
800307
252025
757371
870612
923701
560796
124187
914865
415701
398975
614368
701886
611646
25096
698001
396126
528410
783523
782213
964153
532812
510713
749382
875053
559979
124879
877171
61291
98913
973625
328864
118324
466163
681784
797041
405668
743073
100457
145766
11288
725930
748327
444803
656493
993408
600325
878612
578602
525539
383421
379544
765305
159879
106063
109785
860423
124612
402979
735193
648535
316842
326716
995174
29581
351820
542236
372579
939168
751142
945181
110944
12034
710863
493549
934530
73378
777724
316634
548931
581773
995193
297342
569905
186429
658959
633354
747109
943766
440019
879542
546254
747268
820233
119701
290860
498694
645912
331593
610342
756049
480296
42084
695230
498042
587374
339150
569253
54617
450964
903086
151340
705931
917674
944296
685604
573166
92283
200591
273963
690688
928596
395194
530189
385322
307492
561290
783844
238629
39266
958619
214461
248235
133294
8925
248775
880448
235103
416501
298350
467561
29573
680000
72387
70178
626033
22406
275533
943116
412171
559649
879350
951960
493465
914297
876055
520685
968801
601891
645582
317430
180983
568741
8238
104663
63058
9337
990283
4162
380677
676160
358725
182982
273823
995767
972182
669288
43785
95343
665563
991556
352520
484118
430333
529252
731297
58265
249920
594950
65430
748335
724382
540061
652239
162695
853861
501977
602923
510942
493574
774967
470544
303621
391944
372101
6640
60768
82019
660216
907892
104439
577032
449821
676699
518857
259874
785031
892620
34187
431344
890673
467347
894319
55915
677026
577334
128254
390528
596873
304300
955332
719380
193892
200933
640418
489040
780660
389663
750293
595450
168770
413593
427621
999424
602677
633487
161408
97397
178158
796311
406394
449787
58456
143646
445402
564566
990798
296463
235601
19863
849697
990408
632485
129374
318011
398056
861915
471430
503019
66377
211694
754396
257212
929084
878858
302337
341776
587968
856921
419670
915380
872584
822327
509011
365194
331766
255385
968907
503457
898219
339639
605031
663202
24179
803520
58106
240535
69961
410167
849972
542576
941591
86751
845620
449234
498550
658112
545182
162934
178051
522670
967266
386632
611478
718948
39324
302888
545960
984733
592929
826653
443578
58649
723555
281545
438979
534289
465693
743991
938756
108244
841447
683276
975679
627107
586604
392845
24003
382267
18677
533312
909267
844987
220943
37993
584199
956593
577765
57856
975459
473473
874415
226791
88237
272615
503127
383337
979765
424635
435892
236711
161762
600694
250372
474363
323325
986834
680372
415933
691786
894
634729
567961
260465
406277
673540
758275
188041
807839
775220
994504
559356
22562
935322
631764
278027
900476
144532
206446
659012
380544
587922
111154
774433
589339
874172
34421
629979
58786
451874
496218
874411
996428
556063
185613
374978
239755
47771
850579
339767
859192
507634
328501
349567
220929
870151
561195
661957
850813
835425
333324
508063
479777
209668
315118
225885
18523
796018
641858
492903
2115
555082
647045
893909
512282
306625
242240
699319
287905
715329
652092
800373
831827
205995
981960
863112
400361
771947
212759
671020
97244
780629
648690
106268
632038
845990
157163
17581
875092
454589
189739
381631
132982
854161
371865
740795
818171
133691
216500
895996
904911
802136
245725
683952
301476
116240
763017
447571
859979
805187
657446
570757
967578
440629
402459
444028
510414
713073
599776
978048
14339
117522
388590
444928
915635
499500
114821
128136
368187
811505
455573
333313
785754
111053
447979
835682
532946
290668
108114
369189
792715
75697
235028
191657
181693
183074
736731
967828
64232
193498
669118
467777
410428
286430
678240
733299
665158
614704
810923
821437
575735
649534
306946
476128
265229
288709
930641
991661
324948
253012
617475
195742
989855
757114
339062
940435
973166
693512
251715
987358
688274
157161
770153
317381
242755
729693
280349
346334
798772
678611
69859
261225
148749
405562
259105
818902
320575
163633
920863
172145
584485
586367
911700
279612
303272
193819
296531
438523
674276
143458
724037
571906
963466
984158
698008
947696
464165
144845
217036
462771
704195
63775
131642
152825
286045
869699
516215
247748
462679
412175
81688
635191
995407
785194
937486
689595
266325
702910
569136
704329
437788
909079
679917
186064
153957
632035
157508
884845
962969
550322
626909
262957
556243
295320
128449
699099
179399
242081
890976
602285
105676
8149
242014
66819
660165
456086
158274
786555
14894
640789
300858
182371
365275
843224
805653
935144
293037
185187
469000
173671
109245
41895
264703
897081
238109
509934
641548
160857
828041
795998
161443
522122
467232
974809
533251
887721
424062
282360
445875
716818
485418
360455
537563
460532
281562
105005
776122
873648
572909
943925
802671
51639
502684
625125
81793
959323
948540
890564
310248
310510
181998
971750
442827
324330
54326
570584
349081
53333
614414
636117
808009
694640
59293
429924
830408
968395
792540
24356
749139
22099
822487
330650
318354
158224
118232
8736
488248
81081
486864
425455
959621
146406
95593
698361
265274
523032
752923
828304
821125
907985
854094
658769
459587
75439
869110
171778
591242
318039
613458
322568
324286
716952
981207
866324
958583
886048
759586
66840
752325
924168
189344
13177
877635
471482
787693
971147
509356
997351
862242
951997
91343
459862
672907
231637
818446
445249
859351
362962
520195
638759
738794
631577
436114
553957
840346
283028
693607
703043
830618
10398
830058
674067
793937
941161
99849
128752
505195
987983
184370
509032
705706
396021
630304
964509
581953
509475
709137
346090
583926
655350
843852
37259
139088
619657
496111
177384
999746
976039
233344
87024
895351
281604
521519
13929
454549
209040
179565
511713
828447
783544
990159
630862
86443
728083
58091
305237
471555
94838
692044
199818
39763
982089
642078
185119
304666
584749
576981
645015
619529
197540
373145
704321
361284
838524
696511
753935
967386
912769
642928
885049
948318
137679
571170
648484
866862
381865
287740
567974
433264
160544
368322
792534
382583
152347
18235
710874
202040
48047
932752
442825
471545
244740
670138
802071
804513
48390
362155
394490
446663
103734
55099
821948
997544
87691
484750
559660
936643
537233
998764
224775
670208
778008
912684
444935
747746
963282
886096
686280
977029
735208
881610
910761
336468
367228
389431
163665
771726
73100
756503
755617
550382
352032
351503
548806
451179
952027
242481
402221
522693
924135
535106
171227
868367
678899
483384
572384
539284
259542
779545
934516
838423
157757
633696
393798
224030
146911
409497
780010
461084
838850
627952
507402
820166
821970
269144
237206
859930
319923
990883
282063
921995
210762
502170
198512
1748
875712
299876
864635
798827
580270
173045
556758
791567
344601
626116
110961
261683
45872
448035
247330
904605
976161
668070
243342
284895
479797
833085
402744
623253
674309
509990
427450
804320
809407
810925
996549
971773
621597
112789
480075
772370
111920
813572
214404
955003
252897
595829
486591
326159
934504
695152
393283
625313
945702
963160
586958
328917
573879
625164
96538
534354
652601
201336
282040
331944
780424
233377
161475
174869
175057
687009
585421
341675
637422
801713
673853
879622
205900
876979
708316
467181
832605
904416
91349
787105
704285
365582
82407
675763
848631
238001
704863
106829
649245
736252
907675
806017
23961
394322
30304
660015
2969
126238
298914
488312
134833
627519
705903
402658
829388
736729
34558
195432
366480
596352
641286
10711
196349
313579
552921
291505
711766
237270
632046
515603
414638
544988
492059
919604
849578
575719
805061
725017
639407
995239
379739
828117
220472
587525
358187
809058
582012
930144
965035
310140
383185
694654
442765
314647
673251
35518
601532
873223
922273
111388
58912
294315
119114
474722
255945
734412
140895
404679
405271
408978
390047
123601
673984
26121
3380
726993
338116
64864
641801
98458
805339
23860
814332
37083
750490
793151
321468
620028
352298
693674
894798
305972
239024
711569
652662
923104
71498
910359
974073
3132
579139
299352
89185
865699
243098
879175
450826
41881
86220
734793
121885
730219
296203
34144
106847
845689
41226
554345
82368
114599
302652
846395
862030
167751
448559
275277
511646
712983
771465
293821
609695
615733
326286
956978
702377
258446
281969
482197
153756
538843
944590
383297
210342
528721
576791
99186
781952
652531
982365
104358
346875
475992
596403
443371
404143
716921
435217
732805
616262
650532
809348
419366
316681
352784
801448
351696
853046
592858
55563
350388
414344
926397
801770
297581
637265
206266
809982
414166
847320
699997
174540
364585
525930
181278
240102
73426
980012
576777
620038
955418
476903
996467
788836
861721
963669
4314
772187
985100
677227
397063
22310
251168
36261
808795
969338
345121
48445
353190
30342
824830
296230
354769
727634
70786
235140
315436
125579
197022
290149
434847
480839
617981
995911
84113
726384
474343
475748
783914
720281
773973
59440
467721
847471
501384
133858
709015
293976
385863
393344
243590
838661
503930
125652
874518
972090
462842
33053
971624
302770
889744
23624
749696
859100
704307
983439
609522
902403
270072
974049
503696
379537
247812
76350
520496
834882
672889
764396
628054
541636
884768
39459
49987
766556
545962
880500
987361
797650
361446
280712
562417
679912
954005
831917
108922
277382
407647
603543
8863
320900
67416
657318
383435
573700
954880
193139
905314
280803
793864
296881
109642
215577
631
504642
88182
351835
642287
600104
414217
908789
36935
386614
870202
970458
816372
708823
784246
52251
627275
240455
29598
743635
421722
595893
972578
398486
841247
141863
741514
350534
972571
562380
448757
255445
278745
484929
194219
960704
505849
783611
831415
393503
546398
781450
621972
228924
574946
277836
31732
407471
373583
895156
845752
917214
835510
510666
798881
528749
167226
686435
761842
417844
108947
215592
361292
549232
452716
223433
154905
413028
620328
996850
23620
834270
824644
148257
821132
838727
834709
185229
711993
634179
98424
166486
877818
843704
735268
256486
910534
434158
794932
961704
406324
764755
552781
57041
492227
40720
427856
329094
842921
702474
612568
877435
566693
117654
149281
133849
985946
843130
993272
164720
334010
98595
237312
630599
982429
564776
559189
490271
782510
131978
590567
433450
160292
53031
584633
804307
218147
124028
990195
726716
4350
426926
485742
825347
984200
586129
773793
750583
690752
450764
2002
365947
55447
981721
767805
90411
879530
318042
87930
621572
737711
261357
344126
840896
912653
285978
198067
947313
8686
728538
589891
627403
424341
110422
612730
591984
665486
684448
358786
279939
760319
506869
262527
83407
330809
251061
251588
65550
693116
51197
868991
25539
774644
310213
523576
333383
111845
827920
731477
978547
601515
850515
134164
843466
72833
918834
731613
565023
11263
86280
889364
676316
257926
414551
8487
65698
846785
702786
516943
661210
442152
823733
434686
46877
483454
912437
730071
177240
821996
751613
482729
340809
27728
387358
563490
779924
757040
409899
406950
626296
23843
926738
80195
539355
68685
20588
439776
448404
484202
109456
91791
147496
901815
483538
408437
36369
620006
535067
247228
353128
93655
583591
514995
954349
822688
801718
459603
291625
367220
311497
721283
427339
882467
125989
929070
81471
423776
325325
82643
756897
609451
22667
466664
479109
110018
81509
376488
653775
812379
915971
424915
19451
408254
772593
180685
267461
253525
473054
977174
456493
370676
32638
188576
6936
170179
929518
647489
78536
920024
416565
553580
177330
71095
78334
546585
643525
444853
795967
441143
401610
922893
789465
532213
292421
725203
729856
426546
64507
144459
861921
549373
392459
526893
854791
151322
956872
91022
137452
346377
136319
637513
808964
556622
263953
60077
869635
769205
709731
703178
448856
359346
288097
503762
363405
476513
712609
990121
129782
75618
226241
224689
807003
668849
94065
96202
760810
315755
19544
250466
431987
859776
386354
364993
743959
525995
973901
722793
135280
616135
215227
580020
845162
878482
109174
824799
964591
706765
394473
786117
112135
367602
914091
533788
419852
325644
633764
774568
858333
455013
325497
262509
336440
848099
934050
298784
219152
141151
382111
816841
294255
721278
201396
173383
510262
509443
815089
674172
144587
140752
882740
675213
953141
722512
563108
567978
807302
499745
702728
409113
468895
185258
97067
477115
286695
704203
915310
4849
341306
208831
21614
940900
195223
546005
755930
15408
160252
317777
502669
424662
860210
855232
372030
339539
858658
177779
927127
996740
766462
470115
678840
345198
870802
19712
450592
781419
111660
985251
596668
754626
514272
822169
876672
30258
167121
617844
774963
565856
956432
624471
747369
491387
889413
5233
405839
826974
677013
892868
11506
801616
350887
606220
204546
285318
180330
652458
222764
662024
116914
210005
124878
819045
270567
565603
180271
278333
489242
742046
256064
924013
342720
221572
597864
650234
852307
421336
748995
452863
857687
717142
659169
354083
396375
7441
468907
819627
937108
878672
636878
371467
774909
339003
690037
963991
488045
233730
527530
224050
149841
366680
776690
884116
828179
199023
10643
147725
354288
27046
218324
786956
102194
541654
625858
184594
577520
652520
38221
675789
652423
51518
738945
560354
264625
848072
738661
656941
215484
177741
741320
961952
446032
135692
720895
538068
586298
812532
210215
522481
860580
210545
117921
552481
166230
578473
723290
658843
754237
143783
493370
192524
521437
102042
864491
632564
411875
474878
418682
213098
153102
150251
332486
143710
62981
774630
536850
600540
494010
450285
866712
570871
714694
421364
783188
418805
719450
95450
968994
590560
788405
618202
459861
230981
342849
193713
623997
178719
942840
226776
177845
119473
579306
268867
767583
521116
49346
407705
65684
213527
222269
532973
438709
400105
44448
854938
850966
463987
685654
950398
134099
347722
885296
381980
111303
29032
29164
226523
769879
296079
748105
194474
931282
926745
739602
964410
858779
227791
944507
703490
897325
964562
987200
103027
295162
123670
267085
778487
289701
24565
166405
915728
754888
539538
157466
400166
242733
108545
22053
326447
508067
439929
171566
217519
1367
628759
622597
338017
25648
320230
884385
809757
698518
358177
238512
42429
531554
889298
186603
399921
558231
930028
828322
183385
428444
332341
361340
781288
348762
544582
617530
180104
675670
42711
322061
111311
383426
180089
59724
637964
570205
442988
673687
269231
309781
410646
469968
520882
652044
521580
887441
18543
891913
659434
770962
5103
828917
588386
640337
46629
661718
929954
117993
560812
774593
444468
332621
642197
244570
611181
806159
229567
302396
385796
112833
375847
262389
380030
635521
271408
661832
91665
208374
697496
161559
95683
373142
921267
786109
880374
326612
569328
760101
595734
960068
994132
844175
926087
744805
488700
490675
888621
233304
25216
673146
466475
795950
975948
725929
839436
123949
459798
106270
338333
602280
832958
488123
447306
53658
104662
179818
709534
950582
594170
487510
882439
195108
988508
340770
347521
110910
146107
280009
481168
336734
808970
91894
997767
975182
934342
973159
938987
837348
898991
65848
349464
709521
705343
544852
700532
435521
811291
197633
491852
151074
422680
591690
930433
18711
353970
498534
748514
401266
324843
91361
288810
172859
484401
918397
890481
762556
649935
829285
124916
414882
165691
19176
584203
502081
994356
555853
549475
205241
814963
833678
112759
410597
203869
862263
618441
35329
905276
84663
605769
138409
907796
586925
926907
871102
444651
471253
165644
357034
834394
130683
241003
445401
329762
465282
761868
151100
89095
642287
688981
503371
501674
342547
224642
680055
300134
70883
355338
737671
656121
614662
685694
297549
965539
722823
805128
853505
218254
104744
415313
419967
338957
211361
732176
58454
245997
407295
727780
644969
539035
142571
659573
985718
265102
653785
81403
379389
349421
564192
572804
958374
781487
708610
158038
429630
217176
671826
598910
640947
691838
193141
802908
254428
235047
562363
308861
594562
689882
543827
231146
519022
290652
93316
291339
379448
630358
566267
217323
310754
291456
496070
10484
231504
675836
321365
838386
48356
781548
515315
534058
822226
89453
862535
280183
433498
138298
520273
307365
860347
247542
993331
740766
867871
635575
249427
980941
353826
152278
665700
831230
722326
811554
567904
231725
158066
930749
553525
319192
974934
188083
154023
555713
295721
355657
427615
333350
30937
190953
694576
947332
372025
873602
215932
196271
387578
107522
608985
850167
464121
116094
360551
310099
227169
92738
700731
316133
29244
288240
816810
841523
630737
101851
923586
493736
741314
370073
122814
103071
249044
363744
881706
127473
932403
925145
936914
783821
879891
336909
474926
459183
216287
13962
410846
949792
89914
564407
84259
478018
453003
150982
729013
261222
201323
378591
492660
508895
972466
459678
743956
17792
815344
568695
926629
98202
181132
777780
664900
224600
790596
136128
18538
395786
178627
647431
277417
13195
81493
697358
635328
806808
293245
811445
527596
138864
190273
223752
757294
443203
375985
19027
597732
57192
991295
461755
146581
367574
104944
216777
622609
750982
355689
932120
911546
584007
902418
942090
250898
394683
787429
405809
235954
833390
583643
343976
510061
951978
171782
425978
702745
310710
823970
309585
269301
715862
811893
974381
477276
545336
369758
742627
866423
658342
102773
31449
534334
57743
563463
375344
427761
308062
87015
276327
745134
380519
751338
618827
468918
369670
429767
231061
729147
783121
561601
226659
753855
905383
882750
141450
910665
827808
665974
923322
383433
167921
5175
332319
492357
56591
372924
72654
807257
57767
877240
83818
397440
868345
872286
360426
78536
541665
544325
414994
887464
336819
953750
667130
428840
225222
822209
679891
555849
393166
983959
234026
31262
658607
862240
960828
776453
324465
889299
910851
597693
403649
576356
62699
218991
192358
61250
444216
121115
314309
10108
857138
522693
221443
617953
51091
890988
518013
345811
47757
781170
85630
205539
495395
792649
511141
2742
961632
194707
144623
726352
21276
652691
767205
155662
474361
740581
85707
294834
919748
812432
193790
145430
278086
185982
218991
945417
581894
949182
174813
527012
739123
97980
861723
42791
711787
712420
979094
633225
829848
333735
705201
988396
112143
541587
262269
51165
693598
916031
722030
945075
596200
784035
879811
85617
445192
679376
515113
383667
579957
492923
258193
675078
717581
742127
276960
14171
134867
748964
859027
161473
371512
880797
774588
630136
442241
412718
999917
15080
671170
633340
269530
40964
387700
460606
737444
224363
451296
76302
610199
634131
274748
778734
668938
299897
933284
939549
671166
235505
274758
209004
293435
560722
857970
276880
796303
485091
839709
440474
707848
961253
865107
909934
133575
57186
49583
225872
486405
201976
326342
559410
554030
260476
618998
731579
817374
890781
170205
50829
288314
487031
751936
841885
230641
277492
611489
664589
639252
94559
732630
896756
223624
278498
535424
829891
288781
645849
791463
572813
553154
789936
625977
168403
928491
946230
946572
652727
844674
996177
670596
834030
536527
515026
668392
173913
214269
792499
279704
252536
699118
71568
805161
859829
328666
457116
804977
265103
880008
721307
309575
251471
669222
684218
605743
429778
682848
470686
476775
791034
718579
425622
674704
447278
680060
31898
815706
134235
93692
629451
782176
26967
498036
905495
780559
604881
532063
747908
88720
286858
745113
223048
53141
272383
268474
981425
512274
931065
540209
609499
34243
595979
187959
181817
691303
547620
19151
32255
978209
983255
928412
72896
267782
467193
228279
650
807971
610508
129960
977382
23936
176847
706489
659368
177890
471789
56782
23624
571216
128730
577392
434567
447409
389869
761849
863625
999689
865502
299405
77087
566270
460743
716758
827017
356020
102891
112138
469030
554859
762300
932373
669207
144354
536736
301235
201191
182303
408515
16419
871125
758273
381537
326476
905073
128446
259479
824989
971661
299009
477403
775295
280531
148691
679883
583852
636996
452636
81171
936173
993980
838499
37025
420859
669977
332124
955928
366805
515422
350989
248383
995457
347955
407220
538691
103431
429571
354699
206259
346087
32425
777731
532631
177374
543964
509415
43851
655967
492818
102328
405591
473644
834166
969159
20328
440598
636415
468734
904597
206715
220730
916107
37771
82152
799487
247696
178478
540866
563643
980571
662395
72568
504301
909498
781130
29261
883355
188445
911610
629353
484332
143534
899059
357685
795945
548182
355728
618018
82516
416633
49851
610338
298567
158420
269202
588704
938709
649478
557590
472509
774832
380415
399774
434265
616622
661
452275
485101
683906
239266
520915
36056
261686
895145
774997
918857
494285
251180
326979
997854
113609
760074
40092
975664
66638
203397
870363
65231
851541
101042
64840
334427
603055
637886
255868
495317
352435
318118
437
269440
928074
584062
922679
348291
107036
137523
733802
162466
870976
321037
556831
701404
274934
667978
944082
296438
720665
450038
710509
584942
600464
10198
837083
313677
436539
629077
289934
54079
14476
618123
928326
532649
474651
844685
891242
393336
107215
163780
784434
128284
417144
878287
978077
500630
825536
939629
700668
581213
982602
177081
926707
491593
657868
690450
915575
55929
744683
63071
156438
297533
703311
461365
742803
832192
331765
853223
614058
308523
948723
714703
72831
428411
993107
65778
997168
182456
869905
850043
55826
458463
500916
229942
803187
545121
955920
986285
582941
720331
12053
616782
146827
321289
139163
402122
16239
718589
713019
342328
376883
648115
204723
507751
144974
538764
836396
846573
242772
140549
204703
174238
666357
533491
254723
552893
3827
675147
761731
59609
978149
607289
403447
397722
893347
692717
129735
562746
130368
117380
327660
867392
71762
89869
403432
245115
494277
67371
64075
971909
432627
781761
925223
678385
8119
693944
895350
999023
696405
334881
444081
102558
682354
791824
362331
445196
529335
428089
996069
557711
276772
147296
782538
311088
143051
719457
775122
661568
863013
102608
258485
164044
729120
893038
985829
415403
824998
923458
42759
165749
440630
24204
301987
858994
68589
32437
842220
587709
404302
581954
114821
567477
192922
687718
339828
711848
337134
175688
971631
984476
532298
101522
871782
441217
746668
17419
706151
825340
599207
559393
278409
513997
143793
907931
253282
694272
48274
678782
149899
631909
268092
899191
175025
863092
342540
641443
384349
78275
748207
397249
122477
681598
355103
489557
737453
294430
173102
770628
916974
356614
304039
590731
78171
147358
471097
871338
154139
818851
452142
341906
805132
592182
979211
404125
5464
341909
704960
731983
47858
699504
823684
517863
451357
106750
981184
534464
984537
884937
624446
984611
682125
180735
997834
398790
773430
463564
3174
649861
364868
272024
953425
280358
632592
812529
178506
293964
506882
847878
372570
212667
2723
756142
908541
161779
69980
560214
544360
469647
769075
195374
202347
919033
962243
335711
152520
10364
395393
684292
366110
210903
842108
326942
610176
991332
209588
435631
279821
486500
153025
582411
739952
624597
524409
10503
606045
997161
978213
688003
958991
668228
768896
288532
784916
44197
137034
959737
22906
746644
242855
613125
385351
764130
495235
27301
646731
116550
20976
717476
553597
460700
72383
224482
904681
22484
81427
530128
322247
933748
449936
935193
323608
446708
744694
53016
624113
717591
689500
800377
939989
424894
984782
769169
752341
845396
250871
113648
872522
285470
887168
973032
156856
934438
218664
214253
211628
552894
505817
189479
203950
249703
571794
339135
581961
573229
515576
869569
741315
322936
224659
884054
712308
151105
732531
698275
863035
316410
205577
304709
649898
760385
430328
592400
959411
839304
609308
661344
355730
271623
510754
585082
103795
630174
67642
609565
484062
213434
409534
79241
359949
902865
412264
369158
783092
947919
143803
163891
306671
610906
579774
400080
70415
411785
6794
936868
976370
740492
736575
914409
537824
620211
34669
694792
695492
405518
717000
797731
80609
990706
986793
930773
443523
686066
237035
398573
349242
27220
262661
812704
334531
492695
354650
243335
912294
679544
247260
612697
649403
35754
24314
337325
840753
1449
628426
436335
467837
710824
879385
848926
510707
292647
211259
684872
816014
20164
215961
804806
189551
306105
76400
33345
948926
39549
153214
321931
324879
516133
588043
785697
396277
75466
919786
751218
111661
785372
670758
701498
444010
687478
118220
965418
707845
397904
904708
867668
624661
598301
959528
433544
816142
758673
827813
319870
918407
960631
445925
918962
102214
356560
892426
693412
109446
275615
398285
830960
939879
868655
627030
728880
619067
188607
645684
141980
409292
744808
611256
609009
981944
920897
989844
341624
506291
205200
436394
571642
325554
347183
907741
808328
19296
677246
521352
588222
955338
605381
655463
911747
717282
963009
86484
714253
619324
41250
802022
244818
894063
647018
825075
608119
145312
649557
764135
16584
930695
135984
223560
621337
474969
111340
377069
999559
399325
928716
249221
74142
563504
639577
361794
860543
539176
528201
60987
361403
92160
62628
444115
949438
573027
373991
429892
596860
260469
675442
495163
118310
690103
154041
225118
622451
787166
811409
878588
196843
324625
582109
793182
212794
191619
384064
670020
615071
697820
30299
917754
961185
241092
580088
235579
54052
773918
875748
792239
493290
398551
738203
920858
236790
476995
843027
860087
526572
931815
662246
121676
762597
943544
865162
723972
935278
909449
382859
617904
512023
535069
338385
39015
212138
872422
288448
882677
767553
700700
774799
55317
273853
700948
801242
741691
5871
280643
984126
872173
492817
905876
230553
66316
939835
360686
737712
775151
625032
157721
556054
150361
811976
870134
738707
552681
161534
700268
708267
792791
466982
317459
261716
679240
152537
664753
686243
940817
957114
188818
674844
886295
657466
267729
725899
270425
692011
280619
527316
557700
35215
872734
582635
324921
133203
827586
335562
850228
224711
136566
167006
503880
386668
67508
979542
737868
566006
142709
624516
305029
596548
522791
673746
747565
840158
482393
163247
658016
636409
424724
371034
990429
509281
873233
194286
999986
936099
99915
72772
190095
440962
261984
515301
524665
375309
324763
56244
184487
609492
94189
409812
480308
741918
239217
498187
944854
502931
973302
519623
946671
175969
420920
714448
995273
18423
197747
563092
306991
207084
74327
470758
968870
441731
363199
80417
566733
877419
30864
547277
83389
228787
50133
602445
798430
721367
928225
436157
775924
559153
134276
912909
95468
820533
989164
313681
373714
37651
591940
814233
831021
212517
944440
29367
333647
52800
444580
442685
748090
948354
859348
107085
459770
519679
739917
158050
792218
635727
877377
479463
386635
844080
706471
698264
385236
202615
113489
933002
607257
576542
324904
976618
909093
97172
982235
238971
610686
887000
641420
352128
219420
134944
311048
969780
39864
99080
502999
180203
790849
829644
454042
110738
663530
377421
886331
206504
944021
81568
179324
824406
725917
261150
936251
913155
368259
246545
908090
734133
545403
407033
278117
742024
135373
365281
290923
958931
445743
485629
969414
186814
981757
555992
499833
782880
100400
157581
321183
526639
479188
712177
984467
101869
43893
308340
666303
926025
790547
571879
474945
761909
996721
418267
401599
886291
604624
601732
319771
670704
760110
129078
480789
176894
155505
591396
261520
883691
89387
498309
121847
665862
816337
594028
571139
72197
721648
810385
73049
910989
487080
95675
145760
68672
545536
28828
587047
686715
163970
774311
656182
415642
564930
859999
567029
140783
664337
112056
749869
547405
419638
129430
737927
19593
566640
903944
851119
531044
402569
817113
82041
113843
83468
188830
857827
616115
256332
514385
968431
242521
24131
401771
645727
746071
878601
954587
471169
153616
710881
514288
535130
333619
257478
928833
40885
406917
445632
884203
936983
504609
307788
587720
484293
437558
216235
971120
39969
865606
165743
706392
688919
503627
26081
902605
373473
989145
426076
937701
715258
663894
188637
848554
451560
923083
119733
496324
169302
371522
477714
372259
933366
181354
832053
350936
653519
471317
194009
874899
595781
712169
362862
659025
466636
726794
967096
478211
996063
436058
226217
414506
875473
791063
164345
978012
93745
67371
750067
406794
703001
737514
48812
602551
408728
913711
572989
768190
17003
167857
111684
268356
708481
823603
473279
228844
787341
148212
846442
679785
839767
378328
44819
653067
628162
620787
519677
328748
55492
553376
484804
214196
144114
170010
45314
549840
534423
130820
649596
475671
300972
100666
793565
826800
733098
176756
140952
732153
965980
862899
808550
709302
281550
197863
985209
101834
886075
412874
179001
366364
21572
923629
314471
888242
620693
144220
991387
200221
584864
128419
403278
431726
996689
995413
551035
535495
151485
465619
489529
192128
457832
638227
813905
429956
627631
886198
943974
105142
958126
654217
646780
79774
40995
992403
692001
823857
58739
522443
913478
941478
156375
879178
597855
565711
646247
223695
591725
90734
68207
775362
787305
950215
691420
813513
692107
638009
533309
643776
736966
467425
729547
585575
561447
483764
607547
724561
788855
831874
270849
732196
877886
805296
71059
560875
336661
994887
286504
563255
275413
604001
388446
772804
265735
429829
68004
390799
474917
403763
154130
179022
837386
943842
398596
908365
826588
755983
116338
162461
924359
735550
337140
32362
859303
777475
334693
381137
597145
643569
384516
771271
162315
588214
434080
766689
674691
772110
808152
278979
751973
456196
393330
511364
421781
260239
495566
617815
214824
626950
740467
75384
317252
687711
8574
250518
287254
943082
404793
251469
357562
23583
39660
627758
591174
669442
993895
139063
543044
687028
509289
986892
141811
327779
64975
967920
771861
479042
715480
981043
681901
866871
269731
760890
521375
874680
257459
686831
813254
576367
232038
365408
55476
116812
997221
824998
327851
88997
673134
751336
7820
66033
963705
455558
117310
635746
418593
650922
486372
331681
690283
271850
674648
526196
379436
957692
698074
673302
555568
823526
419604
664765
86340
226202
747755
376179
859424
173327
393008
391061
120265
744686
957024
102111
395830
944338
937129
622219
516587
969050
871761
493420
137167
968748
355868
678903
799498
476517
771569
80609
751226
841537
68374
131026
548933
927947
175244
478683
279748
720986
484145
39466
464628
781784
488274
738134
420960
620129
630912
688234
948400
918720
651614
671351
737586
234583
531253
89879
411533
595693
728135
527747
549655
409078
909114
733060
579386
819868
195968
33080
564939
626094
545781
121652
775091
890009
727846
905802
127229
217651
759578
509749
251035
771039
218860
364487
174219
633717
889440
741533
797661
28239
29557
395558
805089
364096
523002
752596
460974
10341
78210
60000
986599
30481
61400
752282
884864
349372
116000
140723
138591
317902
255604
103552
795095
807226
207495
127009
590037
307835
677077
411796
51400
387467
132359
952136
572151
796981
780762
533896
274431
703686
351644
508589
979984
196100
971905
264921
453464
182356
515460
397985
117046
986115
131119
411357
203558
597523
208992
673057
221443
815324
155255
577594
2518
366508
12202
843458
380612
426077
518127
181671
82705
23807
290503
362849
237868
794705
546139
610803
898223
466987
509594
116200
990053
899132
734267
266783
114943
193979
165824
174528
602424
479307
23209
643807
410845
926440
845653
651759
589668
424041
789976
199130
83174
799004
240951
193052
139733
440525
222067
492735
921353
692840
94544
804224
963197
793435
800035
497857
17565
893890
104211
52350
278841
268168
354995
101879
337317
844780
701641
711764
967293
492229
158841
853548
219881
957620
802822
192400
715814
363127
553278
426671
141402
902529
770561
894432
849675
747013
497559
445772
921380
445730
286665
320260
751463
127534
781921
964668
153981
529599
982144
333144
365462
43938
939813
314218
404564
529369
661828
189056
766640
772788
883315
807721
541799
950465
252796
951883
956232
210452
286640
782496
791168
100675
287605
939774
143581
817693
57214
598662
304150
999182
479031
677369
283235
914936
42191
530379
229339
466821
516263
51544
131996
60451
324811
24411
74500
167065
382661
382675
34395
790347
997372
357326
935596
44137
729761
829569
849236
285312
109742
963684
555772
422691
279337
961269
720406
599615
308905
223460
909932
489423
599627
724030
153150
380385
371463
604898
880722
827575
269396
539264
56854
859976
62679
387703
374097
390400
999586
798194
314333
248873
566639
441521
3657
190963
391193
671739
926289
480827
334988
172472
241148
898268
715648
549118
730498
940989
469537
557252
263426
566691
44177
564674
439340
877674
770345
668841
786333
882915
885855
326178
911648
33501
860309
841177
584784
544173
208454
70477
259597
511023
155775
149635
201004
378992
710443
773078
266512
53066
87019
451221
439923
859660
114654
691455
458650
8150
548163
41273
149342
360318
325804
98312
249012
424141
264885
659192
932086
476282
687681
848666
110281
171509
16968
177694
831564
432986
90059
181614
954643
740604
327905
502284
648213
843869
413745
710786
433191
588345
111757
176844
156807
187308
417040
251845
767461
251792
70203
358118
500625
321716
121715
275192
927979
266045
609403
908856
122485
178736
858314
214367
974920
553301
287411
209676
712277
680973
539871
499831
858401
287715
930134
846443
836593
885735
805118
252537
744108
406604
26348
209460
936491
347471
974430
436035
181977
778762
579776
597769
475725
178633
581738
811679
276472
387268
603448
153296
64851
824672
566282
767002
508937
70310
179041
163604
741915
237509
736761
269667
391718
950758
262402
954102
964306
924704
664095
68359
457911
754542
373078
370944
982254
999094
748001
633093
373298
386107
260643
576900
680426
820734
162131
674597
370606
688960
91363
555113
972023
245552
560197
148333
811460
143301
864326
481253
349038
823354
738513
839618
234934
945331
407708
413488
186411
95216
883996
761577
216283
912940
193163
158752
835313
862216
488258
290855
63012
571609
600169
672590
899888
644497
195005
804113
732551
484132
263637
879206
651183
343341
13096
70302
248096
656479
259720
454798
404528
344858
432021
385755
145219
639623
654870
915716
563010
372211
303358
896478
464012
224093
554231
176705
384522
626414
406111
371907
143493
689537
729679
154622
786147
452533
775329
322654
331234
826926
981542
657639
275820
583151
422589
468795
865282
48894
134374
201667
494746
261185
520837
148897
639729
398133
45529
304609
964235
688949
24844
760193
959515
211631
221303
838058
169735
671721
674276
277655
443979
783796
917443
484591
448003
352838
294366
663603
639630
339911
30713
579959
375983
484314
439260
988455
357554
934985
380811
372333
169298
524763
20351
283713
452412
764324
27341
834298
521443
346746
846258
98309
509724
852328
63179
18053
342610
997115
793203
150332
875533
903189
178261
914149
233382
428995
227959
12174
549757
646800
573263
693451
402448
306375
888004
631709
246994
192061
882497
308969
81205
923195
923160
996482
519729
595678
453140
797924
824933
973277
345643
453787
742548
77919
135130
604989
839977
548721
713259
522602
322448
906974
346961
723242
855042
266865
586335
249973
683949
448490
862307
420453
897077
52334
716560
302270
526338
829969
382727
244926
485178
241948
145480
935096
706946
997926
178200
164348
713550
990535
316893
581602
61640
554072
946904
60547
303192
482798
165021
316519
115309
487671
575962
657803
449673
877419
726089
473439
670455
652676
806649
745156
150287
71769
993045
68996
827233
167050
12995
915265
96060
701721
967564
80104
635494
572173
355834
646916
948948
182033
534615
229339
667502
823121
73148
747664
159904
85612
641428
353571
438574
503692
752827
223670
121758
144626
220384
219549
912886
374285
229021
984990
687992
264166
820895
302389
115655
329906
449151
457453
872152
32307
719974
996172
993519
215454
472502
484216
645277
368867
603705
42410
350352
594187
854447
842025
675184
842272
170605
474210
712466
518426
677749
79485
975006
684691
612616
731010
128261
659678
162154
59906
44381
324412
865530
345595
714827
444205
263297
578088
745552
845781
417356
402652
883116
806611
99280
918646
137929
119216
303493
399959
82952
59282
596991
221627
951439
211471
40416
684275
458929
474961
924956
526692
245032
523514
645521
775394
102335
497173
126604
588627
991765
127164
82691
327568
126279
294670
887060
830010
355704
709200
516925
743932
101833
820046
129852
982702
653971
537618
632171
10670
214112
924706
673413
244363
180198
203922
509310
452626
143988
849881
176088
255538
607820
581552
205960
204449
983322
79761
966605
461525
178436
227637
742737
76054
884277
292712
750173
466733
628957
175884
705135
30647
299366
285143
80651
166674
112969
205461
549943
454288
743584
134190
319368
673664
579972
247853
731745
972850
602587
356822
391483
94217
365446
783889
831552
943341
613432
327592
882353
797801
108182
50597
426699
363617
76772
929438
54006
23794
991007
816493
518140
273635
753523
213666
19272
812179
779965
98519
9464
440222
831995
215956
727173
86599
403139
671609
831414
92871
626175
637287
505635
638436
164294
465132
768826
776970
630872
229928
938711
677316
82916
809673
151434
328847
735465
972742
279150
122195
151841
880338
532209
80748
658297
56800
796736
66505
47104
449573
531192
764431
585971
645119
875851
684746
265215
284604
68993
766057
725821
923822
676037
882621
779385
641848
199006
81682
951849
984051
113678
710106
130685
931683
233286
265114
405362
56708
290505
519485
971109
400843
99804
112238
146994
424956
533757
519424
854993
830610
386770
295751
851679
476608
848360
796266
93513
128572
382360
846788
724422
978226
389169
345110
166085
455126
505394
103445
750106
913153
371307
489533
823968
686293
762946
465587
968850
657828
709581
119741
49522
149888
472006
824381
146485
495060
291605
756907
404899
709757
438295
851161
28738
10628
887780
125417
743456
319051
360864
917074
719774
950794
279317
480246
54395
123761
133345
767269
255394
573010
480592
858429
541175
180205
333550
497338
891350
742609
597906
576898
730190
382498
192361
990202
908222
881848
970679
274675
604595
384823
807457
240653
595676
193739
913768
829727
318396
243034
296158
528463
817118
693387
94050
382625
376994
93695
482288
862165
16865
950981
480941
300216
621746
993421
172157
559684
895234
361221
605905
515882
356784
491754
50376
694470
309895
45630
920666
310946
55453
713265
163030
748634
982719
757068
88087
243609
376695
892692
847647
712917
645047
712927
960126
713551
921253
219732
82873
194603
488597
118780
751500
809446
766889
920640
363439
582566
433886
184080
80863
910699
464276
961231
876327
886029
367312
353844
728452
389194
573389
769203
539124
181364
254558
195724
26004
62610
878556
421763
40098
758261
898898
709013
840089
243826
585411
3134
726765
962151
183474
986607
344432
280396
62415
94506
295829
329645
516886
248394
833513
420118
923500
274308
807682
258056
759269
954246
276894
565899
395460
150854
238588
544713
393995
156521
535110
11635
449689
857883
399677
907285
153480
912362
91318
252750
418791
911718
881240
68242
548021
604306
93402
378587
761914
664479
275728
796560
482367
461076
352964
858314
585611
45274
585080
243208
913
745200
428043
654859
439299
334349
244029
350840
460173
699588
61175
911639
726631
933898
637104
343761
932489
875889
470698
605079
503115
906106
272377
75110
525034
641686
127108
175579
838406
504101
691095
287969
20626
701289
669424
391546
237892
344011
430763
488089
790340
178593
775229
661154
829390
502311
381331
243622
995950
779054
606301
28690
377659
892753
85854
999435
638245
3041
994806
922588
173002
893956
213570
695155
35263
942448
585753
443140
322807
154675
941267
54622
143795
572257
480714
405841
986567
344830
238139
474868
326348
218769
338004
356046
539683
551665
481181
11145
55872
580914
810745
364408
385288
951632
983987
714636
600008
218428
424935
528475
968197
980719
110870
592682
206740
334390
896153
639741
840911
889727
562980
252450
261196
267458
439827
193143
123299
681661
198367
374937
608210
392437
524280
779857
477754
306438
717871
314326
921932
582234
633479
520190
788280
842931
263987
958415
611956
144646
196228
480699
988044
378903
581200
884839
60824
483248
544790
481543
810183
882816
237419
349081
462675
497790
864161
958415
320226
225347
522355
389608
528068
554324
81156
918295
350867
175193
99683
601586
711331
507716
920153
812039
870425
85453
281267
21227
853766
437911
851992
265845
527672
149846
816291
795209
111691
415938
436150
841700
995508
785823
612465
780069
150882
923813
211911
831514
956235
395089
36774
64051
370128
99270
513059
992588
523366
121207
83126
52926
336804
328057
987003
454144
357580
194170
193322
288634
11391
621558
632746
788171
631802
620786
855505
192726
590016
315957
228709
986295
674478
640844
65314
566444
976721
889807
601372
536382
271221
399738
567231
92511
259289
299583
5708
818269
64171
308391
985002
29123
940121
491037
498063
766250
256527
918769
426728
634543
924056
287495
353058
670430
791642
605664
356298
631714
838760
484917
797937
822920
332745
67805
348712
674569
285155
873013
488741
891435
794087
674265
545165
881153
206172
547940
980909
156938
578604
524996
897196
747224
904543
279644
377140
144285
859100
811591
2484
107658
408562
172426
850414
185097
813449
194291
783589
374146
853208
118933
747717
369636
969105
226680
445425
631075
500634
265644
184059
698656
642561
807628
132622
303135
189214
477218
878251
186701
803058
52880
609734
92830
74134
358598
597129
117068
359637
34623
136836
963894
19286
307639
27500
781625
204130
220940
259162
52705
767085
323740
319428
19846
434686
596083
971652
905985
626571
889841
103682
441685
567230
818959
108085
183128
815802
170238
749873
408744
278188
394162
904137
915949
989048
633159
549390
288260
104697
804041
788550
6049
234853
64817
342396
152631
143522
571023
459259
142201
541280
2180
983296
843592
34267
70076
192907
574503
972168
602677
961109
740918
495628
984055
109049
888317
988918
783399
331312
70954
292919
388719
783242
235063
366260
155166
473826
394195
181118
260630
679403
359119
428829
528096
744038
283590
863637
607383
322417
809522
294560
361683
473577
987413
214192
351468
107574
423108
440036
587463
12360
930214
37459
564187
243918
464500
449233
657209
449121
258300
409304
585032
842811
571056
390698
467428
5995
879184
866453
275931
26223
768832
93215
807993
116863
996920
211137
596555
472189
297146
846682
150158
284257
39360
81657
857841
477710
663067
451436
638202
264549
832142
917461
605340
754472
885124
12360
796623
468387
981568
26057
375301
915461
764969
640690
831839
769987
489514
549989
147772
835058
642026
537238
916388
239559
271691
689948
803067
34952
821617
544157
830363
705143
961346
680817
347349
533806
45283
503106
292923
870254
691154
804399
153112
352740
724762
289829
279471
392199
731206
812843
441332
121099
427438
445136
279238
528399
154992
606280
883610
519466
262134
528222
803545
791570
821907
281279
97166
571562
859738
846007
968002
698066
776509
58295
309468
150975
14298
515392
349849
769075
620306
355999
358487
274977
796781
536712
458190
630127
544471
487983
213032
1455
926049
735063
904258
527665
848653
451259
628213
929257
818553
649669
707836
395457
243427
36969
327548
655667
21337
946932
739022
698503
654589
740517
466597
2322
74227
956045
974848
752998
992326
65583
598335
419228
732840
486214
206519
122310
991020
665908
274382
876197
401138
987887
214249
118842
775291
177260
279107
348241
622225
987354
947006
568251
354391
592133
700606
53359
90016
113702
100522
442104
996210
722608
92712
385709
515008
304141
906818
48093
211523
522197
118952
251067
570406
788668
755684
654642
250017
592508
204606
994122
661019
419556
695790
244665
407333
621201
280846
757500
69881
663225
85882
175772
729976
572161
240899
750659
783104
980343
431571
779374
986749
763208
133664
938438
165700
211902
757604
223688
838441
785858
559376
508018
740014
854180
452598
410420
639266
748688
145470
642488
312147
827355
771212
835594
299145
275475
601459
373873
86057
26138
162754
668139
342510
293007
555658
112479
333016
664793
31226
426022
836168
689974
657557
251393
59023
529366
595258
200334
30838
869866
488268
711745
444609
113762
745228
710212
601914
852849
128885
174068
442530
575689
295071
296498
458115
300179
623243
542918
960517
749033
707269
738746
822710
356694
529701
43131
463283
440761
458038
782066
790185
59520
287871
398025
605538
747683
103720
644893
32165
649503
544685
437318
533409
596568
759033
302016
381788
143721
60454
623209
963008
607178
379318
152503
96086
912021
600995
875607
904097
755260
762239
909102
527035
533812
620111
298204
223450
740104
987847
639390
442043
809360
463809
32401
64175
188550
109645
271062
916332
641382
371719
930137
903568
311144
624697
609654
308658
775992
78088
520732
349463
282552
61540
793470
284174
907391
7491
77082
37386
625716
433724
588160
357726
465350
470859
262696
356993
894241
463469
301176
729365
379405
199733
773904
793266
20794
10231
203079
957057
145212
42031
801787
551564
962937
394289
381446
78185
576143
994200
345165
596249
707291
860233
522781
246969
695212
209361
813883
275903
212305
381
806033
527664
990766
352867
322381
79203
227930
251159
365810
565102
963828
612342
864100
469193
515552
336791
125675
589139
645241
506996
255608
407331
619980
44896
3203
981080
414318
811750
610318
484673
639894
512669
258225
437865
667454
5824
63356
286718
327952
715436
522740
626170
28982
591319
168921
798389
846009
776814
761411
338379
149361
153792
476235
520934
308651
635259
433951
193153
151123
595362
814391
913783
937161
576055
377294
452146
146766
575191
374519
271431
755765
433846
657842
799251
848058
974374
546676
822115
913271
692074
429066
857777
978549
996621
279342
14096
855778
209372
1084
301501
258924
697903
758477
493944
988792
443252
383350
479456
877423
942686
614383
975053
625226
568167
758806
758291
71958
492868
44491
556559
973076
818917
497594
835144
829776
551801
778923
582296
438061
864717
783035
453620
158712
713907
616155
793120
205348
77164
99753
436380
134161
537703
528114
768996
760725
500424
68031
162094
675708
171281
325703
926638
906865
489368
233772
100806
914295
408193
104625
604846
260690
821352
127670
185898
415257
877260
544627
257728
708770
158879
643836
538677
441968
219785
519846
420495
805756
655867
619465
14325
830202
307097
607329
651945
982034
323018
7614
18049
324220
691866
321362
610527
534589
677115
997881
321377
823567
958386
624903
632793
604477
646006
617177
494788
158492
750514
983360
506357
892250
919177
209206
874378
199252
184640
473645
626738
112645
996378
861307
109652
558555
884492
185561
399744
505606
506834
278895
432962
620726
465217
374690
460533
320719
101166
718429
832901
242654
19622
708652
29771
278734
618289
409406
779231
162709
720498
986488
633337
443870
480462
609111
341273
158523
908842
263111
758124
356585
690612
930759
997531
562047
501852
495269
847255
664198
609824
449928
723796
162611
798845
530049
668186
437731
105709
852830
995289
578313
110566
348007
943201
431734
117260
532884
408782
751642
58478
267173
635566
867374
234240
888954
267769
141998
598539
990137
945926
555103
816313
656983
129525
553504
512574
399531
837733
282662
877985
64431
702309
221197
731642
518323
754951
414956
103929
539754
666376
47592
807385
289723
342628
138262
904324
417663
672208
551761
780094
442747
324187
198592
646831
501407
559440
972497
890740
691723
932235
409645
651671
154566
502072
621969
167051
612062
499795
86116
38122
903191
963010
542376
299433
354698
868079
218358
202850
903827
36056
850637
349575
939041
101505
770298
947324
491489
597984
230988
594155
15689
877692
7413
66904
916074
605446
706194
995910
977277
86425
228710
542683
500447
75016
692949
185333
895552
711595
905204
872167
816587
484990
585747
225098
788711
894751
187678
911704
618943
702865
128682
682030
396635
7215
817462
346335
177917
735547
837757
201701
799044
760514
744864
627843
640985
276453
966285
534077
461593
640426
486499
711322
980613
712557
971329
765242
147147
615943
230102
396406
524097
487146
781040
558308
949436
804137
252355
671410
842178
86521
189926
574207
459105
684835
47368
655722
153394
349585
369896
353419
301125
963719
772726
31928
630163
269337
765043
127902
73278
652291
855543
468389
487622
345302
351826
935328
640716
739013
640766
824621
353429
978153
168265
497727
504600
821549
557085
343133
628702
902320
444496
591876
488104
898095
774083
471477
109261
449886
952019
784192
61622
707497
892774
524529
728572
551704
101487
247263
764807
991233
937782
200151
679134
652610
538221
352975
611256
444064
833692
659529
825558
326265
614687
223718
73647
262973
269561
434485
952890
753170
212280
680807
41251
428116
202100
883828
773204
473713
241913
561849
460840
224463
373389
971836
858588
458386
298496
681737
704610
254911
862222
372974
753161
613717
498285
723757
268262
59651
580840
412449
625668
994561
177423
844101
291532
177722
821510
595190
204682
441087
451569
244105
393157
289628
776904
634702
678865
263893
131476
426203
280346
130012
975864
242591
636680
811156
663153
420604
25743
496523
5989
715357
179221
5255
829212
908761
412961
487009
142215
65772
652772
131120
14087
47875
676224
804523
741561
135169
944593
416659
714187
740058
585897
621449
179665
198263
957801
333266
474721
494179
946463
49540
442487
158366
508072
739901
823410
905195
345551
454991
764449
679917
805044
987560
536915
173962
99942
235089
162204
856509
525534
930842
112016
46110
637700
144534
809575
533265
150540
222907
276549
655423
758649
118478
255915
898932
181065
714364
612635
660858
885799
46354
94285
907852
418346
569675
938529
240825
325162
636223
190206
211660
35118
78455
28111
319873
609559
317515
604220
820377
698645
482890
670197
126897
834564
418596
634681
442714
822118
161950
106965
958777
490588
342269
329208
235504
292800
359300
660883
416613
145062
506864
957359
253364
597385
754212
448754
788618
837009
40454
127752
532762
160370
861686
879473
851125
726582
735485
932244
183301
214044
795866
487633
86703
158912
791720
453190
96594
740505
557096
760976
644731
175453
921617
344500
584743
478217
55431
632712
557379
770029
714900
903373
149275
584638
918035
920993
189364
522565
719040
244192
65623
323270
531304
414910
510348
738323
743370
185997
890293
293697
145403
192775
471884
446070
712320
798081
364646
825790
480707
978474
678822
68273
918394
555154
523710
540761
891387
532547
888519
166841
985270
215652
210723
282605
921336
979285
201985
510571
213785
514847
719752
350708
706898
745910
888618
107130
669083
722400
355050
831227
479825
386779
709455
743578
729330
374421
512858
110946
473514
175189
768202
117997
611573
197812
290999
85407
683895
372242
359037
140394
729619
86787
999103
54534
468648
724872
265830
76908
346983
797494
726525
26278
160620
647450
78094
916749
938477
626390
935582
172825
792882
673308
131810
833848
611422
33472
630648
197364
84893
664917
65089
717393
840141
3566
539964
391429
327800
202444
56288
431787
560964
280478
592430
156635
706220
906671
685191
162711
79829
521193
276598
10629
219729
411502
163558
971126
711235
648480
227451
647300
734169
640413
494176
87608
924162
932983
132088
727428
462905
994308
761211
625543
946441
29717
936948
457921
480728
127982
227404
716702
630494
724163
27081
156879
932761
654883
911876
533534
773277
297835
332116
62104
646473
586654
449604
721822
967194
72198
131245
102978
123969
255694
888782
908298
819190
1202
411318
764999
450188
801054
738576
753757
486924
227268
344980
406912
556042
992560
684925
101357
812089
819765
325630
932721
384326
981752
65979
639939
547225
693977
414129
74341
723899
555042
570961
81637
491941
478712
290257
718438
454763
385960
809958
194729
913930
547188
224772
938022
864556
115881
413143
156809
257729
932877
506575
384487
853102
886986
843610
853468
584198
349636
244163
997232
899901
936060
897151
673411
911522
420466
579224
763005
772976
693641
414521
106824
893912
962453
155878
870334
33122
936668
711162
369553
530313
747740
333678
211133
544330
432391
925794
779620
393906
541922
197623
908005
771735
371810
436717
492021
504034
60737
568340
542589
635203
463989
146547
915620
595937
826141
648236
314214
775394
532332
236708
807000
75293
685045
369608
356228
63775
15879
488206
893019
251913
664461
191243
923591
86156
327314
417359
647964
324160
778901
628748
849083
242623
302211
196807
742337
210539
440861
879958
182763
997152
496936
386721
259823
692937
407674
815050
661721
535497
683389
651171
982027
729561
711488
512230
591868
609542
118930
859207
461381
199397
224410
454534
578543
258825
792435
864717
537612
852431
404830
523723
595035
664722
915991
219679
820620
935822
11674
431983
311245
745696
22767
549321
334502
733198
429011
141114
559742
774296
244845
674135
255343
854589
622288
213469
942171
759879
395778
731157
593427
256280
327361
945320
452688
508305
698200
7188
590435
913838
634561
238863
645377
374146
215582
601395
777525
122765
369577
879040
118179
293154
548987
773911
218056
841030
76681
722929
178590
123631
227849
787491
299362
758222
635851
534661
760522
261996
433335
686451
49742
280413
424683
36489
589152
365080
433112
630036
328701
154514
515706
598566
270699
452241
989387
938427
259
985051
583392
93203
257645
911044
609368
635137
316973
25345
209638
837584
51682
369536
308993
874971
700054
650795
46985
669307
516169
320121
498239
442563
479550
731912
922191
966966
584679
181310
582721
177184
169392
910210
233870
31783
661574
740032
207089
495846
247316
132419
109839
369563
968041
290202
990863
333638
541078
265747
977236
406481
502813
684857
705608
929934
347205
654491
489020
312696
538804
728709
559008
755242
619203
766193
587212
240155
710445
274367
14267
267764
429058
820838
117303
291507
988040
200174
184602
654268
695960
409918
626509
842319
626965
982119
537613
967358
448493
930126
542614
288433
325913
278603
730073
534365
998656
93003
157897
885591
200836
368371
605060
990899
994537
204096
439533
361200
74549
423964
26639
850245
242997
115315
13073
151847
232213
185991
454056
754019
182560
188224
496391
4386
922385
464180
27299
63727
656369
413217
665536
369412
145952
292766
814359
480597
891608
34662
69227
871111
259793
833317
689938
189255
739848
95499
22340
765335
779023
131694
387041
323448
593428
534036
661104
125901
459592
874535
50007
82341
53653
943028
482899
672085
136695
518240
459721
844447
110660
661225
953853
532453
81768
811575
324598
113281
592633
372344
555414
23245
337840
483994
751328
959693
966229
188914
724368
184859
912429
965701
134436
244045
895378
743846
467864
358555
62403
72854
254724
207990
524691
543715
395848
30032
555601
602907
136489
430548
668420
326773
584904
447861
981314
62633
251612
993459
539310
233956
891803
200434
364689
513553
672457
796308
792645
605859
702220
785550
344705
131571
739854
804933
518100
286409
92312
944102
874050
314288
179133
427248
488186
755619
807836
364478
795822
16075
768034
268776
279620
529839
17231
104199
815431
985157
329708
750643
66784
639804
924168
552886
363421
408821
147433
271418
382536
655405
676040
974980
933273
901195
666525
166036
21718
68033
83273
176339
976982
873892
691839
736623
94133
880446
795268
512948
563684
274712
100344
125609
899274
681780
980660
772879
968270
894657
975292
815332
924791
380918
284937
694021
585105
331140
974346
466997
946009
887911
696833
694359
557439
597770
220985
416459
960464
185982
858489
792398
339149
53287
335876
312594
551875
614505
741659
726711
563772
688116
283302
346164
243824
1635
978568
726353
922784
135677
35976
284675
701246
632942
510901
820879
659817
901521
165652
167454
921819
238276
150866
445317
622208
369021
981453
739585
521438
272746
71536
423366
824181
176958
570058
518024
324860
827986
256573
882116
119509
931275
136822
80189
28340
971518
93667
706489
752213
800663
885092
677408
583762
694618
235954
560832
991545
454722
300514
179230
970843
83509
787444
825918
953386
505930
521970
638246
394276
261273
802498
478880
613420
670907
428708
106371
31360
240178
457817
493761
216437
837106
49166
621836
155427
784679
113034
320862
737686
16955
562972
472831
686532
230248
207237
950449
570483
230593
923906
705924
925831
140303
900038
261564
854097
625389
113351
113375
241978
571001
633063
45117
227757
915714
849667
689646
830058
447034
319601
867020
216322
607618
658810
754851
111973
49970
472274
427187
813517
833951
649525
611241
774094
555244
336913
94037
767981
4596
941162
367021
551482
595833
924109
813186
419929
933903
617368
695800
696510
469787
803379
965850
158962
891459
396291
607566
485049
158570
352800
176642
309129
922220
603345
73078
580863
273729
488908
312008
364363
546788
473373
288423
905031
593454
784782
5457
57662
344655
939354
461317
294060
409861
437400
137863
189982
758044
198079
620988
216464
738196
611758
479802
496152
251166
545987
606079
530892
639879
716805
36014
243327
399820
439251
652908
611687
398395
23621
566295
710166
246563
864262
834244
485692
782049
368423
322121
23040
689698
685835
345244
545314
316272
804796
633909
283533
905830
668694
206160
104169
658214
926716
913304
269363
425522
576888
185633
220945
754013
764518
283414
810563
517495
285174
895694
934497
256703
524840
224307
588855
177199
111622
32358
963978
991730
214866
559418
684203
178817
274859
20559
278585
726468
826385
51706
185158
709102
712169
180100
508106
815456
827110
928452
225356
44737
929091
666134
350237
985611
134041
471779
364762
89814
312987
806896
901923
204468
365829
517581
930917
444565
477195
861989
470480
880999
874267
454798
308153
519430
20907
735254
603877
760714
470667
686727
399159
474086
150078
659468
702425
31836
267922
5448
322450
905157
900355
363726
384206
827579
40413
512344
251780
482933
64872
717351
403056
799930
177263
969668
753175
194343
375272
308707
898393
123428
76064
89170
42334
376437
69868
682540
606180
245469
517477
7952
319879
232660
228544
765962
124640
84738
670892
450223
30606
347204
881143
412981
801375
222059
707705
178469
992680
12348
376317
590799
402834
930597
839600
159101
238215
154425
172772
58932
296591
691469
740715
361140
675220
86689
408341
13994
560588
864847
442866
211823
678600
131994
573842
301714
492652
990432
882804
193272
552239
821400
879420
992921
511970
37983
348070
831047
202531
360320
697362
203890
851280
968765
661440
182444
519016
33384
483964
537122
738007
695120
141375
12874
440752
748306
889378
126254
146102
732566
73312
966594
127762
718519
212189
706359
457762
321359
223041
494527
423818
482268
920525
996392
788735
158558
636649
289815
106063
810042
378044
730818
258278
239418
610082
87248
608366
313254
389430
580586
939466
823048
998120
685448
291519
620962
72401
861386
296555
408784
767376
653797
198180
21705
143148
680651
148706
126088
461085
609301
910367
294594
924342
261263
649131
536113
92775
95405
99454
144439
13596
40403
408979
497715
784824
178914
775197
992131
40705
492931
710542
577058
928980
180793
275951
888824
804853
980348
506331
99726
683933
720245
625045
994711
841631
586011
824297
109596
582743
301108
249347
780184
53871
863164
730171
285424
809424
570915
891395
617609
722381
382960
711136
679905
435250
893931
521823
791787
551385
289323
787489
355277
199114
262264
111859
452662
854601
338728
642167
976851
411234
619308
639381
687221
626578
331592
977220
346479
860915
603003
188741
62149
852267
109598
964517
794681
894245
211389
735742
434333
779197
485799
523497
3951
698186
600486
684980
153930
524534
963986
370252
130731
801353
698552
378514
74385
491988
909192
789744
450396
316740
659021
311765
63028
261071
606104
240868
708314
223404
140214
17063
704993
879873
634357
672285
225511
332211
859775
592117
75765
164880
762284
5125
319423
236571
209097
572466
946359
725739
21324
232961
2119
178452
244707
293584
750800
491848
127002
161752
643200
986916
263131
922007
204597
164895
801544
573873
571148
464621
391930
979755
443644
246063
100917
119197
128220
253869
36106
152597
410768
498028
348219
588415
983394
469773
87307
588881
377045
470164
459795
115751
436373
747924
174326
748491
706078
185458
466610
997748
435936
124905
415829
579141
621466
649750
601746
191546
472214
576899
665241
729851
437004
484696
351137
279009
829414
892777
420303
667003
909631
679291
948865
668534
950337
601889
197370
524274
474883
574656
976379
254415
278271
497289
143633
597742
272069
804169
503312
690210
217799
746948
932710
964278
309354
396284
515225
631843
433598
223391
675964
728310
800089
507
179290
868814
224545
549409
572065
937516
406778
489746
566812
302374
626649
924814
858359
10931
131138
411326
515878
411145
453947
745063
329917
498799
403340
891164
951544
458471
113350
846765
244908
63766
811798
285063
303209
804743
520492
106495
546625
239033
268222
450860
82925
579315
941992
905803
705464
752086
998851
840995
702873
403215
183637
539929
184264
792644
379319
651546
40095
922516
171877
823618
6747
812237
273572
872034
45887
888694
385805
844695
744112
32006
547454
877242
857328
764110
594563
268285
141931
83246
778520
96491
192800
745027
366315
97632
548041
674255
806642
871848
962847
337038
931896
60876
490064
352031
323175
352090
53619
881685
460721
6782
25045
928503
694017
402764
685330
160809
697067
515155
607382
766311
965887
492435
897945
42592
674575
915126
553520
947562
238850
318058
577928
536105
342413
282270
780474
824607
196120
991120
909388
77970
659375
609433
990081
524112
223047
851479
835929
337146
878961
897522
717017
278529
987112
798146
374645
554561
350809
382016
697577
114725
166895
76949
209818
148990
357166
316484
441412
395911
962827
271094
252029
919605
404313
955697
531791
159627
109292
705044
731027
402241
128194
788546
555282
29972
467594
638487
623350
952628
211660
155706
793706
582854
723345
249433
976323
356180
616299
801135
119052
786912
240885
569419
952986
22970
234687
821418
321451
200843
482612
644212
466368
455289
870910
467461
603647
473201
162033
850638
226967
385268
942755
732663
391878
235450
996868
269039
861093
918024
448722
657672
735566
715083
693505
643030
451817
192092
624760
243291
851723
550364
782887
192392
124469
263020
929495
586078
102693
98783
378507
117915
943626
360206
464225
906756
893321
665847
671539
496883
474258
70693
85706
228082
835241
190057
401552
204390
197632
838402
388069
59968
451386
769820
607767
312766
914009
252959
225068
706889
967685
481298
898120
457750
417110
47494
611816
838694
925973
292136
478025
126134
12929
694869
810197
265367
839364
171708
230539
959615
317993
858856
144316
422419
73432
376436
459354
917738
804370
821505
168682
672626
175793
721053
833010
197662
814062
689001
129826
936027
285455
135908
932780
261391
615189
286952
859941
149788
425269
762260
78472
423496
525825
189272
463848
970123
939588
531081
491656
648609
90548
811203
221244
278188
433269
627280
559117
534363
270151
378646
793095
375624
26588
272658
513318
995450
483799
490821
795473
26674
803637
38202
76358
541268
20108
540601
761107
171436
750572
769865
824280
208457
633959
854925
170938
887440
962408
252089
394401
87378
728093
911387
383543
61478
797003
6058
919750
901106
878501
40345
815446
190013
357043
407708
542287
250323
956005
977411
296641
719726
887893
157953
803467
993994
244174
173193
784815
659816
779225
238929
882479
435381
533575
66209
170886
385819
61533
733552
19409
986115
988595
270556
285700
808977
461550
651108
360438
233283
202878
610854
154012
652574
194412
348481
823165
916455
144687
689506
147059
523597
48494
626435
476100
360375
232144
288634
281946
983427
706456
500102
319560
735451
966574
188425
403026
176029
778127
557198
611519
172411
802594
732031
475111
354946
65175
35893
628642
888904
410126
897789
389400
842548
551377
886060
990696
49070
692862
409576
192674
750402
13261
849613
9498
900780
678396
954205
483511
297530
514531
657620
232166
994852
169903
863271
810694
632963
764076
222166
893499
790372
129310
521799
37926
209013
498685
810332
730390
229638
383885
981223
67407
494830
157350
776848
403528
913527
2897
494906
170577
866366
74268
272806
361002
486365
456158
62562
34493
840924
569900
975881
569866
70335
600246
76079
429585
665855
290807
575291
119961
439419
46185
665151
622935
128960
452291
588065
369219
542361
306357
286962
447332
624696
426589
122243
758383
657559
619661
312726
859955
623478
835767
946176
972907
122229
894591
624091
302589
136781
73019
620955
15516
263859
329530
226845
40479
61855
679122
459747
851202
922075
677257
666914
104778
10567
446131
516467
763049
561411
176089
183076
590118
144136
860251
250801
601038
360261
65795
535005
907372
178625
81673
970013
937729
829280
526601
544831
661802
396557
509070
838380
107285
315736
133037
529451
535045
648672
572069
41532
874819
548000
922364
941544
948895
34905
217854
622783
907074
812072
454290
235459
969539
144040
796407
911171
768437
495185
890522
69763
169736
922928
117517
207880
212011
991286
515460
551766
754715
355468
442702
253531
636361
973301
979866
146903
70838
356947
38959
318714
806760
203642
107802
791218
583678
657572
525591
832962
992515
750986
206515
504872
855626
517543
160452
687018
17065
706234
484951
686158
539259
107231
746979
52155
949221
159182
150161
819588
192769
286297
657066
177932
34127
692200
253832
859237
151649
643960
507821
144571
489379
300421
165042
945
565548
150527
954269
217584
918903
51001
304181
346209
49793
855100
307155
217137
298928
246668
803145
75585
682322
651805
178557
306880
137511
689151
238855
360733
66469
61256
799558
975649
269905
842085
385546
114359
521168
451287
131998
733697
662999
786608
166276
295686
747090
967990
290734
407652
906961
911090
912914
865681
97970
803445
363011
421965
451374
952839
964182
449021
645371
749965
790333
524934
680904
431792
116007
794641
448058
453248
876270
18109
513777
486698
546153
630612
212815
437628
217124
914845
195887
883253
710024
348642
597910
27311
259844
651173
953972
777736
327150
753505
66727
409597
337619
613628
879209
68883
567441
372635
433109
96051
8245
469012
743667
148017
908402
665108
260077
264612
748080
269544
93681
952184
30863
429341
166382
869737
84324
500864
729748
71524
251377
488960
36041
283665
611956
109076
24823
559600
827730
286370
286977
622800
454549
388282
93955
479785
972647
263544
616149
279128
714102
127672
660504
965443
287344
751886
332631
917633
438558
434973
509511
260760
825546
572480
484620
814474
224524
981746
399341
346253
264201
376858
752492
813526
14339
807352
11337
6464
238145
912913
360844
858834
875222
86411
968354
795847
518571
225476
654463
364764
194193
463751
414621
184440
652950
589108
711429
788780
428342
505640
172604
25418
298326
52273
163593
436624
186739
466902
19053
734832
904490
816731
439434
443560
443735
388999
229733
492147
190342
469534
587358
71388
219643
497370
197303
662935
744019
475166
855331
731222
5147
944344
882265
533826
699708
701275
439394
162811
595613
12175
895174
507219
872348
365164
815044
337228
49343
209164
547652
935641
455031
535083
383747
394135
599510
97501
940246
214051
841241
240470
40537
354087
649053
170443
104481
289600
827729
95388
538623
260568
73461
874930
36728
396156
173033
790828
122851
775691
249001
568478
264470
224579
659067
682849
327734
154088
137775
814414
24287
889594
628000
855871
434403
636678
839197
702738
76943
577043
277016
783704
475976
991985
581023
295719
694543
389394
521718
361316
225112
954694
922308
801345
686687
268194
450173
57887
784366
830781
713701
876401
965168
533906
715506
98195
672309
214121
974664
593060
996630
347164
356352
418485
379101
356131
151208
482335
416237
227134
221452
894386
89649
701587
57975
951557
66396
426200
201697
25855
93574
679723
730356
395290
551706
850971
938063
291036
401601
344035
344289
889498
301117
659469
710269
556932
881186
998012
8990
51241
137639
103316
786850
657181
282116
582751
209559
54576
496735
635116
296071
828513
959671
831722
538737
414869
919057
660936
647565
922463
451467
703265
814720
69759
60249
120397
462987
793117
887456
642352
392901
678785
742289
811179
7979
804078
706694
171767
822235
489306
989254
476512
473053
41962
789410
580132
760404
880643
27248
93810
739990
198343
87954
178065
32083
176288
719939
777990
943078
983103
911378
368464
808110
915792
620525
750991
932591
952261
276354
801591
958102
354527
343723
552591
135147
662573
827435
279961
71595
4218
39896
157418
219177
538673
988412
573550
826939
123870
44807
439119
572817
640603
891328
393269
155050
575233
745736
60052
701458
618608
577489
601741
743279
151606
774840
61743
174487
563407
714721
997628
554402
700851
171753
849665
481441
800650
921430
648195
78960
354575
846494
429666
870434
651948
245815
201777
559302
406416
608494
447614
109978
437766
616543
910097
574542
135394
751955
493493
885802
1698
728166
701630
233926
485436
751369
699287
829389
838611
846645
325184
501269
387967
567788
796424
365840
234281
190209
100949
11056
156184
598133
569905
963509
892717
190716
571796
634238
168619
990730
700359
519687
625878
106022
848176
861476
994077
853846
136153
502114
967787
119211
392870
519068
959983
745027
552866
489634
290380
411444
295743
840451
990359
533046
766354
266279
448404
249002
463499
601727
701210
360517
320292
832020
839605
61709
672300
854542
803270
451238
492758
685534
331941
711533
833510
829081
515345
475021
254589
514746
554552
513409
926340
87982
846157
748171
457711
189405
998411
48408
415858
156613
449861
80927
813817
317491
687588
70268
451956
711074
998779
79209
554597
589373
289260
733928
858564
29772
17239
125676
762590
960755
169594
889079
414928
66449
996185
803192
388212
515087
837037
319347
620786
582612
976316
728493
285355
742226
103519
768357
243766
676114
601791
431315
427470
151755
719503
493983
881410
634675
764978
564328
912473
477757
871440
752678
263033
972878
48171
874342
136744
405613
846622
336641
445943
712580
119726
627448
340407
354698
699986
53054
141757
135414
37794
860510
242651
449005
703209
938153
682864
140835
743562
90550
542984
232821
644540
631567
86535
815698
415410
11148
917024
154995
845493
881561
37325
285428
113721
421140
226453
480442
925411
350697
274161
919888
229093
323175
664979
638412
63979
590438
396225
141530
851139
767648
529309
95194
450239
465075
424253
594258
174074
528772
846906
516284
609999
472609
840074
902024
544772
663528
34085
225714
966829
928473
265243
49772
56161
446392
615790
479256
458279
886114
72756
782031
599387
823324
98450
567743
726993
129673
792586
176728
827146
622970
480203
540944
369050
190730
972689
722
230096
402914
817193
26709
850276
571262
353960
868303
625368
179849
954068
2985
814451
548838
807698
584647
31986
932658
654155
291241
20803
76962
471810
271369
217179
695293
351747
706647
987401
756873
21480
326239
415736
873573
3917
240804
82034
461165
800990
374962
730970
200271
877996
853030
26302
136849
606043
405734
950749
550766
985825
573314
297145
572361
822395
596139
692733
49721
656381
356592
727867
133813
897457
78387
869335
238305
243127
17214
702559
690774
320612
41682
800716
50458
10807
220536
73682
94813
237310
168633
708012
14725
616737
278412
768308
995014
201671
428353
683802
436130
25210
12352
508742
411341
588167
976026
436134
739929
297471
2623
1007
93466
469584
708190
958811
397406
64336
827094
36208
642358
40901
847447
107150
461722
906795
587660
660631
498243
718725
134363
978882
968790
408140
771146
653517
254776
836145
63077
908458
507365
894996
750323
77005
992983
540461
851171
208728
864446
911277
835958
396861
332241
751922
336716
409354
195880
108870
824589
177509
239536
331333
915434
865258
429608
492759
710000
666178
101395
936350
454794
411071
440845
716506
528547
836356
889732
627828
750270
975467
690567
55120
640556
224879
360160
878376
736483
720557
6588
191279
447292
457313
389117
901660
711464
531708
817039
78209
678919
44013
154025
796599
826513
230183
902375
315793
201022
217366
337380
793219
69512
703974
779803
194157
911646
901982
57650
329280
123019
980606
254608
10082
578739
664827
732004
436401
303066
281782
812717
534656
493680
990457
403962
551355
506000
259204
95102
142893
729271
646664
147180
66574
884346
374039
227872
823504
327039
604450
139258
780770
323925
756152
814820
966731
363288
428779
310092
425407
812083
279824
145461
97049
332941
599156
857113
974231
395842
772290
406824
671950
765969
902429
788153
917170
59781
57734
655134
47666
416991
743614
687569
27488
330099
823298
861803
562613
115432
466085
195988
316849
710101
369313
822042
232573
937932
69202
457134
806257
472691
156849
705044
146240
748721
456650
988952
744716
60061
960483
272143
270415
809448
315693
757305
854305
201181
91229
573844
644351
144860
69232
745865
718257
386231
952267
460918
742902
683931
515263
550769
95247
673743
201857
938270
931830
770510
122194
537349
113401
759507
893273
290695
257240
727426
551471
5640
183859
338601
298624
787507
626568
783458
198211
266811
439681
267068
311351
427802
310723
994457
534915
963021
621146
773539
490199
311734
578297
638395
251728
319226
594855
727028
633159
862975
509300
215691
416232
328438
757526
935569
426278
631795
953048
704095
434841
336731
908804
893130
13672
103650
918982
461087
289955
976007
37169
693595
511360
105829
509190
981453
405923
93242
624397
867616
245142
40225
835637
993965
688815
570320
417496
163025
932454
378033
28386
73503
169411
287632
287027
450158
716843
668188
388315
388237
628517
853967
574239
955736
602326
367892
838741
219524
346889
182209
503194
127671
296513
201845
406508
826560
197136
308846
681752
45444
107254
604878
734490
6976
911665
554280
247999
782278
264597
910128
203497
34206
541775
989640
932416
125538
994951
255834
24354
573215
617021
70661
72068
361830
329536
139431
180666
358976
53144
784616
692891
170196
995873
947972
704879
109421
701031
565638
514867
233843
934511
547039
728152
924518
953397
874110
285781
647427
742439
753303
935145
208162
226980
751087
687159
879368
391129
754803
783771
461830
883477
731534
257199
274388
291653
886133
4343
522246
741728
119296
216592
150273
475039
182039
998596
701136
325266
813512
685162
251220
610175
797700
368165
749534
697743
728937
248698
569999
422882
197291
29016
543825
260831
893974
826624
912752
193390
601631
590834
726673
148155
841304
351806
179604
469994
48031
412072
738550
678566
10106
445941
129256
274212
915043
335794
128267
834803
858811
290535
947446
495864
317947
169484
835015
402851
134531
429985
908535
868071
89713
694519
722243
952741
648193
808452
992101
722760
985136
951901
108791
129743
46827
446660
818649
209725
649641
905581
443727
997019
601206
127914
41057
120618
741770
611953
341009
90930
860777
582321
858378
227949
475636
762
584477
792709
330068
336934
130505
454821
510776
193693
480539
630877
785396
258158
811825
426671
431185
482401
609215
883875
611381
967539
414709
537243
24827
759231
91270
257383
214282
626376
147450
123560
334109
429179
458817
545026
256202
802099
735301
627224
376297
716516
816436
670129
799924
101494
584434
604339
939704
905686
568039
910728
18619
867513
856433
104158
902789
925278
232813
670240
692458
175068
842153
347871
198538
622427
477140
666408
519628
190364
288008
748351
135130
231583
137368
396316
451532
619899
206182
411116
548085
645408
712339
263208
338715
685871
697729
869731
204725
787573
545412
476297
198280
24549
439290
604405
770364
356143
387454
582714
857114
347337
935130
586945
607847
871471
740754
388802
517243
911063
927827
278122
2642
507479
408127
953219
39493
918979
240099
944294
347692
896318
608492
148190
332798
643405
804279
156703
989055
99525
723127
204312
694942
756574
3538
681987
467736
882135
883138
713883
10445
8372
916831
427010
838989
392999
316785
751030
862994
987372
302571
15266
736458
462563
543522
498805
824046
775044
120093
888917
144794
393794
514654
546128
565254
435080
770117
283570
486862
977593
978041
298206
850459
971189
846940
992216
430435
696518
110220
128973
483918
777841
335455
45999
509809
126411
418235
544489
860112
343389
321854
887508
4742
546361
892505
808166
927245
932864
326627
311631
904396
390621
573008
512399
376633
516108
547710
86424
1050
692269
404801
758272
958089
237878
305089
220654
383866
281726
147081
471873
876017
777420
848628
297575
878367
457744
226562
552088
498676
631706
714327
739924
20516
969194
720312
142519
650038
564659
88405
869771
767936
353585
353351
173506
888994
462188
705801
768863
826055
872642
589453
820592
227857
26392
755866
103452
557171
428170
454789
848020
434868
587860
228701
55948
244592
328205
294788
498495
295262
782978
960279
285463
498469
40930
993372
715346
595723
306907
589314
103429
225116
188236
573650
963234
966126
893650
827325
709774
150758
621998
68164
498017
505926
684485
503809
756994
578275
482484
828841
668787
200373
880859
821695
406243
982674
929058
708148
564388
657449
334269
834061
198689
914155
42085
562836
701690
509026
254387
87693
266210
523507
685276
508966
381173
279893
65104
753785
752564
382682
261623
830009
7743
492653
484196
877551
694582
126927
689727
888004
824532
130608
534140
195817
918052
639243
200082
942772
891316
611244
111069
470033
512247
247107
908861
222916
918887
536592
801525
718653
332920
492260
913859
993077
772600
328737
90913
462896
511274
825759
14556
808388
621701
273858
404085
356699
611170
868355
214079
784380
338622
135949
694745
596370
311696
752850
726718
474436
304630
851927
811937
883225
988636
608746
870055
756747
823491
334587
299399
793278
535794
776461
951939
826212
276541
420869
686480
118513
721935
981639
60293
760238
431026
355129
259913
454179
190903
218086
144610
63621
852150
9306
699415
694609
461785
894440
12949
733136
799977
950797
929815
382399
522358
612428
793124
145797
760703
969925
716696
981517
27271
734006
31272
434710
843134
974337
953774
691555
308366
480369
128570
545408
863931
840771
758371
906658
462716
623700
292065
85146
715297
498318
863421
568400
759081
567833
359113
120373
838023
113162
385473
29070
72191
898641
408994
295609
976124
387335
962453
14144
696838
512498
165090
975025
377302
447225
641009
197384
540236
131812
337699
624163
445847
936898
372094
90783
156304
436580
748030
473987
705963
731123
326836
582228
345248
858805
139845
701388
94471
428019
806849
772260
807007
305277
935382
455658
762036
843211
38287
160051
66233
262539
373844
848358
41037
906596
841123
339913
28243
452782
727749
247421
823758
654763
171261
68041
533181
807384
679760
401084
343696
682229
933602
137818
377360
164748
315422
26324
974309
727249
425443
484873
792333
54913
534409
352199
675998
733989
271928
263406
798159
619094
736707
499041
215100
292779
870916
911396
929599
103113
887511
645274
983073
869438
732059
697758
655012
450645
783042
889256
540675
425131
248616
384269
687860
184830
320861
722962
499776
363486
860997
971719
793853
338654
916584
186874
438791
419
321932
641592
123167
615342
689816
230139
686958
401053
659827
777535
982725
728423
146425
495290
352754
919981
191560
294378
895708
366961
114871
897282
126667
556639
310166
211108
846132
330373
582567
596993
85232
579467
343662
372064
639688
746940
977753
626701
470263
660435
682386
313035
853227
511298
184784
529803
671002
445814
500730
574346
115186
255469
590308
564085
917204
276446
72914
876485
187586
567842
141484
150676
172563
762794
134995
502872
522892
903746
650040
417142
797716
16209
103068
466894
455627
912731
66191
145918
873750
608300
444673
170349
843568
764445
617185
20520
742081
756565
806801
850059
941058
357604
771053
489644
754889
411989
124747
159159
185526
670257
105410
200668
646401
258824
445874
51175
575689
529184
17696
340987
639355
908451
374967
800316
522017
463597
975448
837908
983386
795267
87771
161632
922571
2528
531565
488536
185254
469026
705073
29743
651631
397278
529344
556834
75616
788524
778244
594862
602244
392661
621872
196010
215661
912775
604673
586854
775522
672397
287777
18912
103748
341700
614215
94372
603272
843093
735126
733449
714069
590709
865680
838548
573126
29528
882347
772329
643654
931037
357996
2816
722667
638149
154558
111869
788052
221489
228433
588835
667117
232098
117238
600948
766443
519488
499589
123831
603741
164883
265650
490456
219799
718400
550166
375291
257410
693574
499026
567755
460150
798611
126759
345296
569992
529629
409809
895638
995512
50282
696665
875954
925594
650210
994340
730619
510370
921538
114844
496303
606439
252969
153939
720314
202173
348410
516134
113205
822536
683706
406931
667274
12393
734585
603246
876689
246078
285892
407432
372129
174932
64529
163570
3597
530216
958010
91066
292966
415873
632867
956617
687899
157048
609803
669553
830627
38751
468159
537823
479096
430045
501251
795889
529789
943992
570695
872220
990231
629061
525365
176290
579293
776445
540715
366022
708831
198415
163712
333365
801322
995706
447350
357633
925901
104664
882610
779035
575286
543465
492856
603894
801118
884859
493263
331874
197206
496942
985942
501541
264814
500876
62598
115114
238525
840584
605871
376141
947460
852483
924582
764033
864307
585153
363339
661472
437290
625091
199559
336016
232825
879357
796483
215280
933069
513199
114572
256158
364522
727835
848286
869717
172967
414132
752613
998242
104530
913171
591206
183551
155681
415758
106090
838485
103696
126703
158107
567987
681382
101315
854304
549860
526061
197841
725502
353562
915351
837522
610859
247393
309334
222819
514981
471902
635782
584968
793604
873149
14526
827566
231922
662291
346133
482088
698192
814164
50029
938481
774792
731159
415086
333597
237550
192424
630837
997737
610167
972321
967771
121304
458844
693048
534192
256874
578044
143140
910017
434014
580713
997533
475516
929927
256998
491873
738906
260898
239720
689402
511757
353534
951358
102379
830724
597733
748498
780034
987313
458208
660051
186831
99312
931569
37758
608726
195924
364110
499497
192835
121924
894136
831047
235085
842168
919052
401546
906745
606758
66826
146430
694501
98163
691686
99342
884769
243798
189056
207406
148876
920293
228594
91909
546115
179154
225683
326772
252146
207366
585505
489200
521121
858140
379171
156826
485598
398441
793651
779084
989654
612254
652458
492321
999347
199354
362264
493824
958732
494505
524583
42577
523126
961601
112977
788524
525013
671612
576106
316138
699842
105697
368988
90229
413889
263524
195908
245506
724229
181866
436452
246534
511468
860462
660064
6123
970904
114549
447594
351127
431341
107504
117938
948259
348270
345849
181810
970988
393504
291482
96075
378078
363731
472154
240063
384922
54989
461797
928043
456801
267206
683927
864367
488437
311380
145036
536265
265781
539068
55789
253450
288871
901569
514392
732861
555934
208317
297541
165877
692663
969569
711924
801127
284870
826834
701929
518630
29427
879573
547279
421841
516575
551528
549243
690644
591757
745907
257002
119241
533895
140076
408325
858020
329949
874660
827200
767100
382635
904972
821352
231090
125862
196141
432601
811341
634977
396058
250339
831351
660168
374327
771459
807376
229242
498059
189378
399804
843977
900053
874769
792444
690280
479068
658032
214143
577614
672067
590768
438174
733004
388493
678145
228092
432822
853171
445600
232505
485276
905258
762623
923264
707169
6031
5561
315904
898725
920549
288241
727335
565398
432007
308957
485227
72815
279486
559896
777895
513330
761306
506564
896542
337
607739
906204
110520
461655
603211
664495
303889
688209
800310
245201
502604
565076
378589
439848
424880
25911
162709
155132
23147
704982
439439
856972
925624
88138
636670
480642
386808
406867
839269
365265
935135
897944
818952
463879
553226
535917
294038
628687
115983
455459
350707
954852
409701
223174
644100
330194
664541
155031
661784
568858
325483
928492
819293
179797
243512
783955
111288
555958
300354
802940
454244
665039
729908
592185
296850
176310
385262
670265
883891
106053
375951
592263
418803
641905
307490
250482
38887
229562
118792
948529
402409
12220
509674
702034
146043
73272
312868
429660
963935
645691
368294
862503
87308
132500
314306
959455
258661
29167
636461
369404
562148
878837
297088
131665
310171
949894
220740
544503
702133
809260
451230
179974
667050
545159
634646
892410
838939
360645
229563
470395
348057
88667
208389
366876
189186
784590
940252
901593
532486
510862
245332
727689
794995
991287
455849
641421
688114
819498
329963
260259
134976
772194
479537
339412
579084
785675
748173
845836
758217
227476
314778
575577
966116
325614
781868
892192
272576
861207
473446
272828
749155
75857
186375
920237
339369
389900
708158
592140
746182
403087
677824
117919
82772
508096
240338
844616
771518
711880
491945
693381
102153
914560
469847
103605
758199
758470
425606
838753
724115
53950
791320
381276
525875
315621
314748
731445
510602
133383
838067
302682
3158
742362
676374
3255
413450
343304
876570
356264
708038
358820
954004
863511
852578
847191
916691
15018
990244
950747
577635
61541
343350
47975
666839
263658
722867
425126
182440
636724
995311
635069
201141
502209
614299
931145
883876
407819
304470
688110
543448
425769
130242
298786
617592
563049
374688
735866
767940
534158
803959
977337
414165
954569
623953
858863
683415
199541
270150
459802
174947
704516
719322
896542
807450
408230
781546
472147
932215
536712
634165
428195
173047
628174
482327
172879
756032
609008
405866
783457
57051
73542
460595
583610
438735
87963
363440
115617
910831
933219
430588
539524
301468
159936
614914
300204
503928
140069
328663
347772
163699
137114
244578
989405
91017
838687
159029
416015
375405
922270
877604
489438
278925
6572
189449
179996
183365
720660
886895
916468
811328
536460
210831
235584
289729
807143
158915
96734
364397
528767
462227
920212
332020
318304
81462
965546
796038
395208
74164
985154
889562
348245
882681
394060
399884
395334
385888
114902
974718
104829
758555
66935
856043
553603
370685
336658
706264
140744
800374
481991
143014
753524
458012
52822
211481
258584
760116
822488
551414
519093
888659
152013
985671
310698
9937
777825
463631
15724
892435
601577
190525
474099
432788
559237
593066
569945
799762
199907
575112
813757
680505
548069
443877
467131
667926
632130
346671
202145
288990
400639
517930
10692
426376
242653
388877
753978
203658
283607
550250
835566
742320
803721
900217
996701
89504
123579
635164
367318
641257
558966
1418
479253
800603
421211
713959
162466
114253
3307
573502
863308
253179
819315
739008
670704
832459
694766
945041
572750
134720
197041
399766
733001
713599
967062
612780
141442
824388
639212
497740
271087
620677
63879
273363
523558
22533
439577
56647
408965
893649
84454
849651
612794
839654
190304
240429
559692
291282
827614
482205
761371
670515
130108
51247
371658
401673
15939
366800
830163
513665
550336
870694
595831
60950
567288
987620
142182
660821
450412
945939
985598
720509
461147
738601
984563
797740
172830
560604
846238
771017
799133
238852
425342
876592
924789
705345
681839
344596
451473
482435
694441
669503
328657
494841
241404
645508
628682
290419
613335
704885
21723
498166
127225
738141
488987
522189
199627
809211
808679
650572
19993
958567
310766
985469
188595
165878
287562
550423
6340
482787
678616
494248
501473
902626
338424
632739
372447
483996
634073
530461
336288
145309
55061
172752
538545
157625
386635
609121
132567
4053
72180
481991
66532
311839
403323
459596
779596
906525
565597
530734
377650
652330
997437
166855
193214
445861
223006
636063
651744
97559
852407
89719
929761
976663
286334
5708
311012
71507
898638
971813
87450
331599
333120
690375
955108
940946
518717
375314
66142
60836
545491
908538
952782
296924
959954
146222
90926
615221
3863
171414
425714
469374
223925
254997
839143
532836
356006
681611
77633
668728
820085
648144
729937
432008
419584
50139
428893
605770
737797
113055
620783
889597
926945
576137
894085
698801
974616
572934
219095
575741
760432
620923
879602
424339
920995
611997
447454
327874
128109
329274
924999
143111
219654
299468
281042
266318
833134
196673
453803
844017
457111
642240
900518
792423
253972
858436
756506
460994
570847
448981
490869
645061
672585
409096
5921
761538
843425
680082
709396
432343
883493
530530
486228
787372
404919
320392
98515
131842
320155
217307
571289
991871
171344
738099
740705
256383
813990
645496
725608
428147
748577
495337
244521
911162
557490
986451
26518
307720
279306
384792
856719
253355
963899
138901
797557
687772
943362
63920
396246
690099
938919
504411
607511
603830
24850
888331
996658
920779
890193
100585
942505
134944
146368
130424
767752
38051
900721
725293
274746
905182
47402
716156
775090
895545
822422
535167
28991
599321
666787
862734
131684
183346
530119
212237
460531
322842
775551
890839
478496
574835
780466
157199
477777
434383
50948
114273
845235
429609
747367
52317
728577
367348
883073
683653
544342
131237
1834
649824
998260
457839
597301
422193
158057
863151
951397
301673
12869
456993
958998
440895
137781
422465
347617
184021
88674
387170
41211
478306
832928
198953
708844
747844
989838
310969
255698
970887
576116
725449
974825
447901
375371
291081
881359
493269
649582
652450
962686
250232
76161
122452
507368
615763
687396
715907
4203
598999
645001
117981
941697
120729
466904
311856
99067
89545
382376
662459
859014
172031
327983
1846
156386
125752
658528
39367
709634
905132
276664
942419
337542
528265
787775
517284
229390
686927
573267
629607
492469
933084
393363
701092
4734
782885
369714
476298
588120
441788
150488
998185
561397
473330
70924
333029
191661
976095
895481
979462
782134
391854
486903
427993
824112
811106
840418
287399
838669
480172
820594
517119
664786
798740
382778
120484
37745
608655
520642
274174
342072
769476
222969
157991
191349
843225
570745
692777
600891
621329
406302
138190
655967
890460
342416
378128
237000
91558
522417
588470
98179
858889
249812
549971
380769
676579
780981
450412
625882
202392
191967
51012
55697
974902
975549
253692
754323
120196
661951
948725
797690
603185
441254
146322
100431
534818
263046
525934
336782
94844
201822
711294
733249
975125
581565
424224
785051
382449
865221
776843
694980
886746
753692
488313
684097
830525
246066
974576
128729
680436
582010
728972
674376
737744
656779
996150
267441
834762
294972
453916
212854
190129
313556
471185
418530
533562
908568
677271
339870
774172
615133
5226
94304
228245
166319
399349
746302
153626
860887
573667
403994
923795
643949
386536
53400
598726
506876
473317
653718
275462
224347
525997
515309
282054
242756
476717
708390
536132
875800
818321
773545
552466
886345
143899
97865
105263
57876
952197
158806
400531
619918
85313
294030
384455
673043
345463
697836
906831
702805
919393
404567
622883
345485
162905
548302
814738
260762
392714
94226
84974
385864
229969
418970
560349
462444
228880
833950
667934
58341
551015
717798
601397
460245
643450
521136
41000
93342
964385
588750
390386
546555
930648
742144
815321
123443
196549
957292
263963
153503
580530
604411
670879
208941
32795
432091
985399
350093
365105
89232
909455
5181
474249
582214
672058
851482
144058
486092
166249
195351
787537
495542
234491
743062
389561
392603
772726
691871
541695
461740
319297
478332
948651
227746
504711
888900
863414
570393
246144
878821
112110
199505
262390
759353
28143
477114
837434
385182
983928
445772
442194
27024
559476
444516
946509
291735
806182
389327
252048
925527
349787
203439
382550
276499
564241
94399
94701
48115
588290
214009
435315
685973
323816
191992
944958
937651
675723
219616
912841
993734
632388
391945
222425
670734
794662
307949
130193
307721
327054
845410
887664
984424
992965
475302
375202
294536
468486
269427
173502
500768
101896
289015
599115
767454
197568
671764
228432
253671
429857
279005
272806
991915
961072
220581
990335
590800
30375
374935
516111
774821
421817
820416
591116
947091
976915
998528
899010
218748
144374
259915
248986
250232
151893
568284
968654
990418
114090
846053
850704
94628
608748
488522
494598
298091
39443
826719
783999
864480
902922
134971
361083
687886
40899
317653
607424
386862
26467
254082
241281
360715
988284
284822
380078
472344
786974
590859
714866
331798
658938
794910
420999
138315
28989
47698
985593
695197
108317
214915
911857
722663
920192
622170
259023
673291
467430
984038
786977
479573
98849
924052
103759
393152
67618
528844
838941
639109
206257
131072
197958
703458
749947
851519
647012
201083
469600
77296
551180
898643
936285
676649
6782
297729
450736
395574
267779
514322
247484
783263
325132
947705
332181
452375
755830
272847
508904
946818
555636
355508
587356
893289
906383
37271
290396
647447
204324
646521
553487
277619
196926
160681
97177
392859
388106
867198
992603
123769
449186
84602
444835
599659
897510
337643
343983
934670
52990
873605
403400
3316
413785
683700
374760
33993
341632
978311
408736
606702
253879
483361
612316
826486
661286
373964
848889
741291
769367
765451
229143
378878
479973
424498
409837
133798
996798
899703
942397
973368
431752
244065
5665
560110
745078
763310
790240
819334
768897
214983
548590
892118
440805
655666
542328
712598
280901
398737
752321
294405
701230
362646
25070
648003
116351
501732
886895
804516
210546
966832
537810
297044
105491
179327
181338
211796
519909
308312
475026
543035
611775
799215
250496
802428
581884
799888
132613
900942
539055
803635
159551
18861
32355
424304
337781
779132
135937
195928
168310
117883
33875
493218
988480
13542
782820
875794
970303
261299
53618
564486
396415
51962
676467
135677
314606
369993
850431
357288
862431
337892
350698
138586
203742
817174
139894
254530
265027
596120
899038
291792
663810
100494
282675
587244
957773
680922
327810
14180
34478
876106
820965
74806
274198
823433
513835
533209
339550
636539
323012
865156
248466
151890
939865
439597
635826
971031
44479
960141
493996
315565
15370
506717
823814
130727
442234
648835
552867
14805
651753
756844
627504
631367
623241
978371
76947
102734
653398
885746
557990
226502
937405
321315
171429
784237
360012
35105
184134
155921
853379
905252
746229
283064
179154
882010
669882
846218
157195
972343
901159
328776
115893
251058
572722
739151
882394
24320
683636
937884
447883
365090
510388
617818
820102
549470
211574
351043
797188
3789
529350
131399
728531
461544
987350
203147
558482
420837
703470
56399
746496
347298
629178
32379
773516
558109
157248
823392
129202
889064
588053
681644
922046
667302
988094
272512
675259
279422
734046
450070
180811
880169
746460
885280
564195
835198
555382
247482
574706
758218
604741
99385
723274
460273
699801
182314
24596
384203
191574
642341
746368
47141
283114
161802
527570
875724
466931
155846
960459
259287
6839
570352
958351
140983
868083
924370
310492
286505
40392
680554
461188
493817
616397
224707
746205
711941
107596
756310
594598
45536
556472
286208
146884
616288
571689
11126
697327
653240
295730
961009
29740
887744
418483
437971
500155
895641
884688
23523
830749
722724
513317
761073
608395
131353
850255
88118
911831
542358
870316
365869
221885
29575
574101
756055
643575
58655
915088
651118
99849
5773
695134
717043
913804
350139
538237
352679
740051
94670
191134
221902
285709
376701
835347
204033
480247
632489
862643
280153
667255
266639
264942
774430
423770
443513
90247
768409
252123
209394
860339
876501
671946
697061
815456
755517
147569
571693
781380
493414
625952
777941
891547
852338
434942
319650
540864
357838
332370
304314
406656
748691
724378
730027
247013
572428
826859
880222
396440
564944
865698
927825
720750
575221
892059
179822
979882
423120
206620
842905
333325
744754
644498
695817
121016
80488
542794
369071
893710
529492
720034
54154
966033
245707
716419
748685
330100
721129
597119
610539
308175
993856
322749
231468
333434
355911
124742
1499
845198
553170
44947
648489
846368
22975
907160
744966
117612
961444
820951
516915
952728
889078
845258
600279
24515
222764
74430
94643
385015
536205
298842
532983
907007
777076
856167
999951
946004
914206
688786
598157
421618
458182
225444
284620
288521
759167
939397
59091
456502
853372
378091
860544
257036
872263
875833
326028
82352
209213
262407
337797
585801
578314
505559
977864
519676
585183
693902
45021
860912
197611
913382
84294
833629
960086
107813
898295
796735
123344
771997
659795
369077
991113
172603
34749
74372
924849
699021
13328
481569
551364
305512
13049
955048
103977
142010
961612
623745
988547
451537
920416
134471
417908
547755
73280
128078
225458
441400
167922
600258
968495
457539
507461
167415
724133
408519
306911
941497
563049
101852
506962
432078
598380
998246
396009
409836
753494
762312
660904
161411
376881
230071
300979
591124
60798
962974
933044
559768
282282
411775
879770
72157
489156
645109
419758
742819
772016
5873
605457
81561
965428
761829
322011
640894
694991
913823
272253
461880
990454
497467
486176
223093
427607
523610
915946
321218
875727
768401
633706
569631
318777
884637
541975
800998
402459
886387
469351
33801
639980
767438
256630
88275
363857
882906
745671
1188
591893
192569
329016
525902
163167
943311
547267
214281
196860
803059
444226
479817
323917
553647
865509
9175
452218
604739
511252
684657
500957
572955
669439
462918
200136
902575
396604
412609
803825
762524
642456
988581
964781
663976
839381
232049
772362
303801
633052
576497
794418
354101
388424
585868
313999
341888
642647
91159
74651
932257
95096
633119
90464
468068
169365
743273
602894
348066
533810
174681
547444
179860
211054
689289
120335
105828
532405
376559
765648
627692
654372
616640
73472
292124
957905
130461
341297
970238
359985
120024
592406
670061
94060
418587
982900
652596
100480
778553
327612
496428
78832
994775
445555
829665
427812
280463
764138
156581
919174
313872
578051
131163
580627
607256
598550
154604
741576
919273
133239
881790
999954
865394
864417
549018
963158
494811
480889
330443
343818
219822
957894
123423
245023
649362
470732
116671
529309
863329
365253
21878
435772
783186
633546
53021
801887
731360
594720
382047
928014
714214
37785
762227
402991
320738
455106
258839
454821
388463
267134
509633
923477
832555
263535
928157
23278
954283
25588
849525
612887
344921
812529
967656
461582
163689
158932
658910
26253
199305
515146
834975
102377
525065
131299
99960
394546
978609
722057
236731
451890
281190
91667
846321
423439
312419
545665
587647
277114
76473
75842
595222
765555
906887
627369
994584
518433
901780
420613
480423
881333
178068
593100
624971
560420
769985
143038
665506
840477
923811
819992
36125
310599
52431
509500
405566
158818
939739
473334
825401
991267
676967
415889
855261
63082
775189
524674
884487
984927
34042
737072
513340
225335
593562
821862
198043
257334
784848
305615
973573
612288
509749
734574
469097
951286
433872
597478
458283
57023
39240
102257
947773
105824
686305
619070
507813
626266
390730
446207
512356
881173
32890
612993
988620
620443
431716
294461
440502
369778
69472
734746
768351
360012
861897
393141
404153
886236
254422
794804
491025
222404
922340
68665
520705
520803
418174
101728
242858
921503
806974
489606
94373
105247
532688
45162
65397
58856
138685
987423
93149
386601
572353
23898
512198
618018
18037
716030
412829
208588
668670
466878
112039
821495
387810
343299
774800
674174
260308
467723
586259
483721
442811
653586
215648
15712
897862
848794
464490
668001
84700
129130
977500
459593
599923
654232
897782
92180
970726
720057
141720
898670
616751
687252
997369
689770
219293
213791
719921
532840
480216
695693
100865
665988
774301
676487
98055
344547
699174
605267
718988
495279
848199
853675
206728
741329
675183
389638
833346
829882
190166
245938
900807
407200
613000
245651
282792
152178
605550
941185
609133
132427
155628
790099
889970
644237
146429
152786
112062
916055
456605
652559
275261
438482
39122
822640
552646
491702
646040
895432
217069
413528
798576
628271
57711
565781
879007
891043
988944
300945
31772
758231
777575
495851
808482
172010
226481
185676
276341
756751
965872
972631
812612
775165
880827
860219
402155
488680
285091
474213
600820
664519
769336
660074
261101
445404
113066
647213
494422
121858
7933
831086
716347
301194
493793
103072
105312
159279
400299
16904
290221
838700
529664
882578
906675
910664
473915
655355
218797
178313
949770
748055
837619
939038
855945
217563
660067
537653
493801
423766
108129
999476
425659
234605
816329
306047
188453
830461
946
429126
620590
756148
199995
489613
703838
662557
712383
783106
67970
152204
274290
570646
798477
553413
34854
130114
636389
377164
663127
659113
793835
804335
709972
41211
186983
898899
761351
732323
562631
773648
883195
255592
469819
426737
752007
614425
817270
25621
615767
810841
662517
135314
928852
156559
533862
666615
841277
833790
145762
704409
654224
679731
303682
769648
116794
435612
173515
173023
465960
126773
606050
299854
585190
95554
614322
570162
153875
862979
550161
560232
546331
378686
362184
727108
936264
954771
179491
870266
278420
595307
936082
372838
54585
845010
233509
73617
578618
150375
332617
693694
844809
3468
830161
787699
574426
285426
223400
64399
925736
898889
117567
148248
306606
212697
785771
503509
25000
948012
117639
709795
892672
254846
8781
13368
80006
241820
956008
189973
711542
43531
491536
948770
21590
910643
593121
663285
915428
243201
142392
597705
870084
308262
248364
587134
227611
194054
717007
111
203014
773893
355560
497505
393811
754764
223777
1904
203061
569314
518561
100712
324789
71277
528742
861603
562911
627159
920379
236358
248441
102371
624171
17635
423602
307032
768711
701013
530905
87293
690774
892993
688720
832853
923899
951875
846722
205338
334731
534112
103426
212816
774857
851831
151504
892779
299315
936348
819152
85419
263782
377931
186197
636943
264288
305592
590509
829894
916987
502916
72448
195535
785005
325863
936173
143075
366301
559450
554698
422087
153934
456001
914772
743887
211038
264030
54895
3604
633188
749576
55309
954367
954975
227735
758648
156478
850703
742477
203419
912570
884505
747132
930355
416983
140059
685603
705007
418644
595605
287877
212963
729276
973922
190554
695355
503550
900639
560758
500386
119545
808687
126251
310259
946509
412116
769
512645
17226
327794
579031
186794
740449
409633
806245
302689
920045
250530
257690
921383
55506
525182
386164
265474
802027
684336
192299
694930
261894
820508
933969
525255
116123
869106
40058
400621
218073
881223
460324
471598
894271
563820
106436
20872
96175
742883
52317
539434
450998
507810
858193
275160
984168
785761
527233
736614
905818
838887
750892
993716
408027
275783
62845
689222
345501
974130
372414
915361
490564
79181
498884
213897
817578
825234
203544
201248
486958
266737
427473
789667
808241
980066
571473
376335
475869
874154
831901
992301
592033
660697
242892
110861
850910
842370
974449
365370
843779
765301
464773
620375
71685
476611
281680
500814
455030
209098
582051
534749
108855
639471
501801
482209
829413
793691
466484
445399
609117
210056
131176
986109
515573
137205
580123
500246
921976
591491
394949
550720
887106
283025
66367
2295
298944
630857
236183
7428
436886
75130
104735
342421
577260
825116
707724
454873
385602
517988
688352
166495
452581
292101
241024
927893
732528
765896
918606
414767
735950
488171
394065
490319
98928
110445
792732
883446
255579
772066
79944
299416
852816
659858
425389
704184
154905
837526
882295
626386
287204
874780
894621
905158
619929
321442
209408
294820
882851
135528
190474
769648
467503
759218
119765
460451
404343
821743
51379
64504
75509
488007
251857
663495
643911
361775
552494
430799
414250
403788
270627
452400
793963
414128
319882
788760
930733
97394
330850
721738
751489
342988
802868
851514
751671
931381
438921
288722
317895
451659
792767
472385
179733
787252
122430
78850
704762
428362
320807
381399
836388
833895
304614
141949
713394
592673
485814
677851
477355
540417
118033
141946
616617
879335
743017
682577
824621
139997
967101
580828
552824
8156
440775
515442
610457
373736
878238
684287
116490
739721
591582
191198
527699
543655
719537
645448
585470
454598
119704
416362
895244
994695
692839
321977
702856
861898
781437
959011
154578
990678
268200
352439
702468
457861
840307
218831
976813
564457
119873
901493
923328
456275
93624
134714
575268
988240
929818
123052
580561
620466
666200
902076
628899
844493
142560
827609
214660
883662
875841
256629
113432
211208
977713
423545
937689
653716
877378
44663
406908
973886
542827
735434
694883
507002
441706
348577
240557
335825
990010
124696
6064
880906
438824
680478
190864
918115
88995
309311
218362
490188
798605
872812
695119
770675
780942
920808
890672
707563
748676
671735
723486
751842
824995
920955
172932
491912
126354
39663
18959
336118
437006
84220
623155
770852
529335
776658
15131
443471
204131
304796
61795
880409
898477
537589
43743
566758
35599
776499
627744
779482
420819
545553
548041
394180
830906
449482
475124
325031
432627
886401
411529
845980
153382
543457
222172
636400
961923
563122
365134
882866
708484
912199
498302
25675
255089
853661
53058
147376
150435
840488
318504
145014
326198
319891
287939
801271
944185
174414
51173
737811
707968
171339
133269
509973
802984
435883
934251
136774
820430
176328
995189
356987
524423
198314
280002
993412
832430
896620
856615
645299
571415
447393
684911
969042
797523
314250
303052
424192
603939
537065
47248
676086
22128
16334
387630
573672
27989
793121
511904
500009
516998
258909
521003
705313
956689
379651
313322
759186
610612
695869
353174
226296
271977
658695
938078
466231
296610
208587
108437
447407
142945
190340
707457
445817
11735
436929
390951
642849
406176
308139
647683
122416
539778
732420
431205
962185
468895
677743
161905
272153
359131
809640
338319
233261
961834
759667
508065
193174
756196
255044
708076
245521
152109
757424
781159
22827
954211
773749
998427
33708
417731
214414
233653
821696
128977
821390
376829
863120
365818
488714
980987
253856
879203
882573
260897
359740
107327
177123
55988
787756
479023
924323
271966
503491
492621
285088
281733
594596
969554
771975
960305
572173
500318
628346
743727
462444
167976
246974
793922
739625
96501
447244
85464
848538
33347
788045
100023
477960
827792
742032
97004
674044
606831
150317
279597
489140
229961
743802
596160
490932
676268
864343
775050
710642
576103
216600
185218
191608
679158
437488
284738
216609
800996
189580
223312
190812
10485
893507
617507
570628
764357
422074
995226
633764
736150
385716
938307
375439
524558
628911
648872
589398
735956
897414
393981
124916
391178
237961
723879
76203
613266
98434
942720
307295
75062
848469
26887
201305
529222
38345
475864
954044
448106
709054
507911
200409
432294
644165
523506
483863
23541
70628
884599
682994
659952
979380
855842
788455
594489
520922
156702
668741
15578
778626
682626
316034
294132
762796
137536
976760
284387
231596
1904
36326
561960
683333
917897
220775
958571
43359
440165
839400
306600
527143
843532
759013
825360
549651
128910
328170
855201
184284
118869
154855
973993
667259
611585
337351
763542
83699
144881
766704
558878
451791
519886
907822
799580
841364
689136
966759
397531
823005
728504
812707
863864
483163
532688
79000
723836
193867
251646
489331
562036
910495
95273
537023
105809
664717
697807
127095
953615
453035
941496
986683
601386
874720
950866
329803
75483
437207
108635
456609
35085
869511
114597
781315
963776
672498
621456
414922
723388
449829
460526
12815
133404
10994
822340
73577
76515
56539
825084
308926
884886
229652
420335
271564
123857
680321
963726
40017
997804
853819
844540
925924
688002
359743
319162
755306
892193
257807
913972
592326
530318
438019
927986
253508
311056
56184
292052
238570
912103
103805
83362
782074
613188
499420
260196
203651
285485
654048
190601
140235
6781
508671
388580
787119
692450
397123
607337
538334
451315
792335
756700
630926
392187
335209
750648
962733
331267
944987
37464
765080
811454
413474
330444
357908
233098
829312
342523
834552
600659
77644
2278
492899
723929
906836
488818
569645
562324
377945
359303
769912
315121
812392
591583
627089
75065
445661
803210
790054
105325
343256
50209
884407
415792
214042
147205
698284
492636
867551
194221
767971
88736
173546
844218
801984
956706
388816
65076
98805
531651
283613
275432
357706
926699
113070
67166
974292
967305
294584
969462
288214
63353
719442
579974
892391
136769
373183
358356
472067
487764
744699
283276
264636
845541
763302
897507
972055
885179
111037
114100
474501
249849
988585
16949
801173
332394
733320
955702
907523
435091
869586
166099
727095
56547
421167
40043
610510
781537
766990
907606
833887
1406
579564
677599
60083
822354
952053
560467
544487
939160
626132
455134
224897
269923
115204
782960
638919
88592
921349
551375
505939
846939
50684
651620
917855
186495
90482
795388
232755
115708
154989
975494
612719
963149
293365
86703
108310
674195
1829
431377
674881
859028
602944
911816
278699
12073
23866
484185
711146
172607
498178
989386
738718
28139
82949
40025
189342
312613
769386
225750
589438
600585
960732
794102
712765
854487
528026
419540
755737
311927
859103
769441
798110
118698
991610
242303
704947
360754
914976
201680
501515
567826
633677
343215
858234
185145
616688
544036
315217
164040
133306
342332
683919
145274
223581
1801
264324
799762
240062
770422
254702
985755
156935
756763
441577
986933
549371
17552
970642
703291
652008
28793
561998
731065
985419
307838
439490
370509
616909
361701
936504
773677
367370
188846
448388
177055
875949
798377
947916
37394
657426
758555
122223
283386
793688
873128
515408
839712
662988
544888
847839
893062
776991
356436
926469
469373
719056
574570
30198
818705
282028
250344
469521
740684
828606
394407
193686
976601
667059
862717
717365
714930
847154
623160
488019
13570
639391
52870
6419
149291
345315
756379
676634
318375
906771
31560
328582
653474
106550
80407
732823
259200
32160
6854
135640
124645
834095
121619
135124
209652
726348
503209
374242
171552
758939
847962
634982
56494
420498
754799
300038
162278
840288
693467
153360
12898
663855
76116
955408
943745
620792
336648
650610
824659
842749
912897
826243
631749
433201
731179
899575
221023
37180
354034
96598
391072
758252
792027
998737
392905
571879
251081
806864
420075
980091
431565
546322
647600
348908
924143
881730
270619
960085
812831
121055
72846
958612
953558
357702
988865
655227
883131
496968
121699
432182
526691
257907
11449
837840
832964
113027
305113
752058
83735
746710
218436
328090
934253
158018
109408
78772
514337
105312
363885
717125
454581
740067
973232
121413
526166
621211
522771
903299
449332
994499
743270
944413
325671
539368
229372
471305
324399
419990
660651
897365
200988
796357
757467
116259
526500
185153
308429
759432
497563
262070
598371
409768
964040
440810
806165
619000
619287
560945
206700
1208
708563
108923
263722
74807
809072
74995
678591
832401
348146
141269
162247
250155
764555
219582
895364
886212
165958
901779
824447
519233
321287
741019
272597
121921
84240
413247
960740
569012
233039
708471
209790
156086
88827
393226
20716
160091
717897
115051
898477
970355
40310
960575
768125
665933
440675
26965
579864
515832
798249
630061
17153
596138
359993
781039
725068
13018
508834
966268
54930
379214
328006
12656
628108
900909
237246
523188
451921
140893
395048
671359
315540
876539
939995
685188
136252
305224
923344
65522
679587
580513
85157
560215
836476
359491
494425
905279
876161
143
278796
704104
260404
757858
487205
872768
227316
559823
819877
709135
951261
608602
850422
517729
706017
123231
274988
818069
604905
670641
295308
927386
541715
896918
272221
998174
795434
915893
284655
305119
690600
535447
341803
776607
604188
476626
53428
187563
54943
580783
322451
891419
663014
619301
495959
200761
627863
288455
649756
180183
394692
826847
769858
960396
414882
364857
593951
8863
318861
416360
817573
789229
650688
651514
607095
499444
927378
487754
442716
857087
81642
180841
452716
133374
105580
305421
49389
621150
371045
982571
235979
455885
119006
551018
779100
627363
146976
672121
728738
165114
463848
440540
867883
463704
651761
704454
292086
926242
766590
361170
601925
818598
11080
563651
351271
910076
941016
98130
857220
345130
555097
593959
158045
235190
792679
950788
989910
615853
400043
932158
908344
696990
552667
584070
17090
613079
825599
597696
540483
388502
235060
721432
134213
110093
671645
360672
203015
915746
615647
680819
833494
776220
204051
371465
841089
989432
254823
374818
259067
314147
351652
43562
860036
972881
78517
984588
11502
189589
135638
632414
857043
687113
403404
739279
286629
525844
190015
141505
638917
248626
800620
481526
781190
215046
942019
443274
751019
527346
778092
598172
121253
731840
697465
441985
760840
84353
421600
270680
742494
928860
190810
131331
289330
155432
714035
654190
963844
472524
384626
438907
945055
691231
90846
612139
738701
237392
305530
403711
191643
951681
486475
97000
563810
370378
359649
505965
552374
714687
310008
379684
683214
375833
614963
367858
843172
52979
415823
245128
316827
2329
475973
56910
264121
89313
179153
792547
987093
538853
522381
741483
485717
308587
931617
851036
840458
937703
143861
834853
115385
224014
567837
617970
477631
401439
755653
160415
881294
193813
669103
842711
701067
74702
446311
375520
44813
45882
615148
180931
407850
403640
168161
266219
244608
590516
96189
434403
907864
25410
183507
414794
453064
496864
94748
422552
896129
876018
453985
710588
292790
796469
118776
866588
275827
353019
109195
163836
600737
155288
881833
324035
903334
564609
627268
932471
620635
69349
799995
20134
216526
184063
889993
948868
865549
354680
216570
685883
408950
350498
373875
553623
137238
414946
552772
987964
466154
918125
342686
359817
220765
330767
830856
671970
73241
392922
8685
524094
206394
853648
38958
500225
776595
88131
369071
353838
33451
190834
802671
552408
203175
196752
164603
379356
275433
746626
117085
321283
186576
466732
919172
382418
79637
243849
591684
809989
797833
428804
635379
351133
581553
261624
833743
681992
827779
501231
581473
451565
979196
364989
570215
773190
236734
774336
540810
915400
107251
439867
783647
606892
700035
651542
748447
802949
224741
730875
831821
847315
569343
214995
226509
939970
840606
476955
547559
684617
249193
109695
561481
851744
563297
623942
972836
681600
971659
793451
900129
41649
489133
757886
446933
30277
324753
349845
229750
270443
405103
652817
32873
574663
598739
443759
811087
847387
865939
446279
854888
387413
47387
239984
577622
382205
910512
852577
601966
552699
343936
457555
760629
525072
443613
285929
678191
854424
731037
790766
600801
523073
733017
285851
538069
77745
413230
491635
534323
432102
202044
340900
851521
58237
772247
91791
873426
100043
147557
230170
150523
682186
436392
863840
642607
375427
816177
541941
751562
870328
816835
288928
302216
259586
761328
530570
155459
206559
863924
721551
801457
641790
598206
553455
672765
377447
85609
113933
909580
43471
992191
656592
423440
798819
932212
401330
863114
284846
314172
619873
844108
978717
252725
39608
414158
82543
382729
867999
1837
337933
287464
980018
550844
893722
7755
678235
874808
557052
359563
797821
116306
376373
347056
517666
130366
926002
849815
832133
168442
557828
241057
327411
45734
202188
911237
847316
170097
279218
413266
129988
195323
833080
16543
804897
158275
450863
119756
535992
115271
613820
146075
364745
977605
600608
869514
699003
321775
15789
918352
155588
70397
54522
490600
769153
666749
631166
116161
117631
786161
55409
232295
921766
528738
597875
211499
622962
673599
685743
970123
356031
418114
118591
266698
915261
265484
858772
718896
936124
840671
15696
579071
54275
138279
135423
428391
492657
263617
303428
959897
741212
998059
239190
479275
708413
717825
51023
162347
433531
207397
353951
299323
750394
527167
364338
211714
196776
794560
174045
372956
404676
789749
919435
332958
528013
499550
109166
724428
899305
85146
730463
909289
860687
851890
6468
250219
268363
565966
419290
335087
983063
103448
78032
169023
502478
873547
857206
490626
348409
588750
447579
271513
998710
447498
546060
239508
404029
619596
553063
444495
950515
112214
400284
34805
379714
241392
643950
532523
800092
389663
502252
362307
786023
349647
222636
949642
604471
854556
723284
693923
868005
627649
813732
247229
146654
57076
848588
99138
881671
298752
937986
162522
513046
580345
382744
939545
317004
776233
86818
599630
304520
866195
801599
619309
213495
831992
834849
348313
598864
142619
745068
511337
893234
34432
370998
502453
86412
201968
759323
233346
652793
777808
485508
632701
514423
998845
736755
213152
940934
508964
225651
823662
256617
668733
242355
136759
559912
11681
771446
646183
409736
105081
471170
824011
802332
537408
440050
726751
588686
867434
512917
685804
697616
836528
582257
707377
765771
664227
567104
53635
846533
634864
306549
646830
883719
243325
181
68504
561002
337603
349893
11316
37572
135137
626790
7202
99616
965802
840143
620133
735495
807238
81873
419453
21441
110662
137638
547821
959425
557336
396936
12956
124377
191435
636967
110725
377269
970154
800172
286683
613746
312896
171136
310162
382262
688209
880310
903788
424372
416043
302404
889116
35135
179486
372234
44995
488865
269357
131296
725828
996037
43630
807631
548276
818962
544983
345837
514397
551407
719507
257745
627753
19857
65061
938533
53529
426870
786464
177819
483836
968895
575090
269400
875212
749618
444155
801766
709678
996723
962231
633347
815261
694415
208451
544840
24302
165250
533288
661673
28523
982441
941457
17234
184162
476773
833263
544921
581506
411033
214142
198441
940693
277127
157554
232998
236654
822748
30182
682549
461243
93902
585603
132923
773079
951843
397865
373850
964562
497037
808568
594863
192220
450282
650305
1885
169194
169282
473338
246171
152436
137458
454956
526261
75881
255507
133232
536077
787966
504311
28212
103430
171244
276502
900383
991177
207100
959797
549203
483343
953372
16840
61438
611421
419082
992186
904190
141859
381056
270098
567802
994435
111642
497302
153863
428167
489150
655813
131189
122973
180556
885264
509548
12230
47239
919364
704749
259102
256319
877301
157675
83821
24314
393538
166063
607179
898686
772268
85667
821191
456751
303481
571886
488305
384498
376972
887430
732763
630604
916290
7630
466476
869106
613440
647221
900492
399203
669282
834122
464882
398637
4260
220994
638741
109322
185738
730808
10851
233097
8472
310054
272577
18865
61817
936404
112584
279084
358370
529987
851103
257183
766894
945942
343237
331058
686209
420723
512774
243411
138755
342362
178886
821876
818285
906029
903355
500425
980475
764858
800719
205726
137635
552085
652979
290992
868764
204694
707631
825611
891526
777473
127377
174797
158052
234270
796106
735400
244322
377757
192634
694826
470803
749688
874301
866387
740766
73802
854178
382628
389683
881248
826483
931072
638128
662769
333481
797275
593028
599305
857043
340542
139892
920369
430557
842009
755308
638765
224223
369061
604362
529929
944757
20388
116669
785774
643713
996956
981806
734799
314398
810852
573352
938949
940105
689677
277347
334802
209373
168199
786937
810515
924556
544060
999423
305790
272947
410417
955327
630342
456280
546567
619095
817274
955448
666999
775565
24335
887401
593502
434429
607777
495946
139574
324529
574941
501043
135763
605665
719580
968869
462487
39653
588489
848758
287770
895065
950837
883820
545611
158622
249421
941095
618182
706052
923826
593538
621458
663759
217943
491787
739609
613121
668713
361407
217082
312645
80095
879128
151265
514344
842310
760716
557594
913236
982111
519195
691054
59899
563858
500049
160663
884959
727832
666089
621301
731657
705395
759409
259058
754080
848366
329428
293800
587576
60169
365214
370506
653522
132357
130081
911634
820514
845295
901064
923945
364200
250701
196983
644839
970558
837037
880566
364365
199408
58762
526980
920308
464183
547414
479732
145191
60202
744521
653066
986813
399095
406237
894283
822913
716304
906546
641576
515144
603099
174705
914346
67569
486054
24682
510974
779265
277757
264690
151994
112673
332589
3796
533929
443805
329526
515980
947764
674993
866942
917542
156010
842020
867677
29383
834243
140313
835790
960874
646744
560627
823860
609994
696638
827311
344720
473025
264096
636562
265035
948213
45132
815993
70463
895190
234751
822274
694222
83680
244061
985755
587344
520946
49876
427679
444158
751838
682315
656430
7953
138097
77929
104782
634526
883623
993236
689787
958524
936107
449041
867863
453776
457226
24689
460797
970218
568695
575991
169433
156586
410665
987271
50938
19111
4789
374080
975807
468076
191665
262497
550309
744977
932394
239315
258245
846591
690927
645153
282984
564163
444817
136547
768524
766201
398305
736108
973084
470546
482714
885500
978124
915304
201634
339224
182773
343757
952366
464857
103023
437090
292920
802681
805007
173642
369057
38995
338315
896833
276934
147597
774352
816639
249340
675865
635541
294121
361916
791402
909352
900379
776296
319506
513840
879992
645950
41297
875030
37571
408615
555075
873185
164901
673564
697770
509229
321906
710162
95945
759093
819937
6495
922400
120484
455002
178735
851737
85662
677877
91481
9764
492274
697125
902524
627358
555962
362343
693176
110615
817528
99693
959117
576454
357924
280695
130547
179427
570571
810136
122583
139811
320055
142063
34678
197193
11243
196940
207060
193425
597837
485547
584492
15787
403511
694907
176660
21284
256342
715458
808804
222794
56492
127477
388017
728706
66465
825428
662759
758296
72753
32454
550619
140299
315296
65304
416007
985772
898540
813668
334740
243916
293181
968316
380907
812272
672601
963027
947333
281524
53823
679684
530351
608880
28439
41355
943483
157203
37646
432803
113949
6735
260252
591288
980903
810880
13265
727425
211965
751689
56277
832090
303673
284845
680513
153943
520931
676144
545004
451088
795410
19908
459827
587077
995298
233250
533831
674991
710356
604673
652936
602298
231916
450573
927679
302766
400366
930259
832728
792185
106535
815688
710789
643280
907660
395323
218091
353927
285591
543172
500657
76387
395363
491289
501174
994997
945308
115283
536892
918640
729031
40247
851934
502942
248199
641198
271597
270287
774360
735347
436961
623538
953808
777742
847289
30707
678717
55585
119959
50558
787209
947784
507043
757341
875642
502928
687936
143060
588307
351840
351530
210145
352025
651901
929534
222971
41495
284525
153078
788445
835903
247127
618694
641929
949536
889274
669159
702154
63051
349515
626054
161635
531008
567976
974754
460513
416143
198339
604192
342742
25608
24375
530377
431394
512865
635932
495799
287959
68924
861893
696760
828913
176580
98106
136981
45061
559450
741567
293623
697533
875483
508714
11064
689381
528134
308371
794511
512949
192474
646946
837772
118123
240189
242932
79574
649274
721565
973166
845407
132454
343110
76048
135608
474879
860699
912610
858456
421871
135673
283562
497822
595629
566481
438224
223488
807194
908041
493775
987818
978197
175761
194371
942105
165868
680281
873015
65826
859670
438510
561816
253845
869861
23313
439560
498138
105613
437882
914362
144330
225589
697118
892825
188417
875428
277485
589194
170277
252592
251535
458616
433266
187196
617243
570589
328077
655703
838993
399722
552135
93343
72120
826112
415590
379013
88621
259106
577942
157569
320947
232108
791945
227512
653580
928699
631611
723789
268369
61344
524030
170528
214801
886980
127641
165294
568352
236765
30989
388749
93538
820151
326514
183933
266877
208114
960782
558091
668523
696745
557879
48529
424398
819997
370052
412238
735780
308496
256111
239084
207982
700017
370241
849771
756385
292104
495067
682537
367794
260956
190498
441712
593417
889931
424717
720402
384018
437146
825732
202281
5654
689236
317563
30710
508217
929034
732054
90598
192282
39070
267687
417855
395346
466347
352067
736894
507219
445077
526045
871296
896801
504106
147203
596124
569648
614006
899069
559031
17884
50709
60804
656410
135143
25338
908966
388330
465644
927545
416411
416510
797948
869189
154361
407916
709184
400415
416527
18668
511941
358161
819819
693335
786966
745899
397631
665016
544324
878362
676631
14240
680614
236778
215861
175532
728860
469186
327457
348121
982581
649769
298373
737803
277408
480275
225071
60085
359687
678302
24501
660801
586708
540791
647896
745221
867627
477147
266602
707207
347642
103664
835010
298782
726144
773599
477659
741803
608059
150512
899717
147673
991842
470061
845053
331477
942244
717208
455437
493607
499734
153133
721528
691778
456857
351868
826231
662942
740051
891314
454810
257374
139967
630857
709847
471942
363344
328705
375158
662560
950485
467448
985513
863494
609252
852842
62928
523972
909107
394039
759688
622701
154852
317689
32074
196953
616245
939257
644507
412842
307086
208724
864365
367175
784180
434179
963201
678455
111496
25194
930525
681891
287729
18218
92797
634825
915501
332960
203679
27445
593840
95149
351068
300624
232607
463070
446322
40777
83600
870746
339240
937196
195475
820348
473662
565742
758558
447082
626679
724877
627486
678888
916996
546549
748582
877987
973617
476618
386884
354507
243030
596818
389645
67886
50865
133143
372192
657952
205067
846435
70072
389536
367873
494480
127375
980696
191683
548289
559715
969545
259053
987182
631125
869097
537177
717120
980001
909098
254631
330384
912380
332780
903322
66976
443230
374711
228542
428179
568183
187608
333135
193998
778359
785542
929344
104374
949333
235432
508964
955723
80404
456316
78337
909194
203622
185510
738575
558269
453744
761631
1895
44134
133751
219871
191346
782156
973199
30654
620606
880778
427153
115761
782246
16623
615012
638095
634933
172311
296784
525824
808308
988326
61243
709008
168865
108392
266483
569166
990056
613089
328887
911045
412793
179742
265252
978975
870999
611765
439285
964908
185491
702170
910509
493561
166958
688805
812344
407722
64102
196594
627379
959349
359389
159857
47429
573279
314596
968147
666643
226671
876315
656736
306387
582199
709297
957731
754024
616363
912889
292461
368011
676777
99683
948575
914961
988210
931309
19262
46446
366890
871653
473030
572244
22648
421625
717822
855000
118741
331895
930189
464440
693574
436000
505050
468670
607066
192236
250322
170630
614298
147823
629166
293855
971534
41637
21129
869047
879002
340624
884671
766530
882160
201542
971705
687409
185747
555148
2817
105540
437096
156670
984279
642777
979039
372556
890550
424774
306089
848817
467462
740974
670534
616319
225420
31675
347847
684663
606607
721786
920785
859494
385845
945834
349364
102273
476280
900006
568365
929179
826173
247039
500743
471355
364957
746536
392176
513465
995609
363241
459472
176469
844106
518986
902778
899698
158691
167149
534014
909323
318424
789669
476584
997683
429503
154004
573737
707308
419990
939553
315602
249930
447903
109202
499455
444404
980705
427582
772723
12604
601350
349744
633299
187544
431980
887084
432619
809197
666249
385715
886247
207553
403358
750809
231587
175205
450898
306293
651293
282479
438433
424461
698574
954236
901516
351724
860377
163580
432679
132481
728952
437541
292176
961478
31790
53347
846167
568876
948520
411089
502332
462872
384604
969247
368764
746218
757382
713997
8306
268693
997124
275210
660228
364856
307109
107676
898299
859347
335231
705811
631465
951502
482636
319410
421393
61987
548267
661230
375593
494563
12026
887525
562463
334306
854323
510853
171183
426407
969909
690357
532901
451818
645508
342378
73337
942378
476350
322120
973145
363395
68451
562439
315716
836852
34852
569077
37117
596430
623145
278837
456706
861545
730197
285020
954519
516768
414747
772953
700494
6392
678153
279438
838805
95277
423734
340235
324302
743492
299964
856214
802887
748881
487741
123190
780517
246114
388711
242852
576580
638999
500970
767170
292218
896158
791771
243325
62471
410105
98756
662231
65260
55137
701016
777159
899585
821464
510429
312210
342619
619351
573474
515076
96283
476032
538347
51780
414304
856836
688237
525814
554269
519382
636742
242874
38577
127056
17811
436432
168037
850483
908199
510341
838534
707954
117605
149581
986510
135101
121665
408001
686799
904228
456674
262884
730772
618063
418635
319561
501423
974652
609796
281387
571055
863442
462
815375
798915
515588
162563
26046
968687
423999
867718
597882
885432
295146
631918
597197
391713
896673
478394
97371
96180
906893
773092
354728
63461
913593
951902
354301
715661
265772
159836
906298
131448
446822
636260
215822
176807
658663
439256
626007
808126
901470
403922
90592
112114
163098
934527
386642
294038
806305
849686
643808
282240
723228
958660
553455
499583
536502
38449
751273
194403
994708
921799
780144
208865
750344
1385
721681
441183
744627
801252
781069
49336
583495
799956
645419
541659
279813
487847
406124
459837
630610
885463
546331
798405
515125
533439
803352
246674
187047
299651
263408
445582
592365
146650
785465
52618
858690
892996
357782
761828
608362
518831
325421
509067
881647
467269
932799
899832
411705
615103
125083
799312
616988
745067
100863
910202
329143
939970
563160
398238
236236
902975
82600
574046
864249
743311
687330
332572
655438
34315
195283
658347
679062
830223
471372
973249
238709
616113
704095
802129
625231
873860
416901
531442
552394
443514
86660
622341
693793
378078
782074
725801
92446
523798
676969
956175
564241
53539
443801
643702
153049
790231
596775
312601
529844
950755
339009
227709
764490
811331
581457
841711
616811
182374
563547
580777
543930
721649
393940
778590
650088
14542
409361
423598
704363
499194
237204
93613
889152
458673
834024
35652
681209
855803
156136
703235
420764
117466
18513
138591
554937
106436
150946
750432
652190
912224
118581
467243
186074
126391
55382
302852
408665
156221
119340
382782
562342
926241
857652
316531
631169
896150
313576
677199
206521
781986
653936
357365
120478
428421
354016
249240
214804
226052
992776
878982
756779
651513
168801
533216
35332
979143
374662
460224
209792
807285
820206
300545
780436
790634
280472
321364
831708
208524
991700
180907
676358
736699
504032
766998
292171
711070
868773
7096
394549
220850
389177
242752
756142
59665
879184
619368
340496
823312
383483
395355
894117
112071
976774
481919
831033
659599
810933
595925
956290
585090
97711
172380
38958
969566
726993
849857
302980
532259
818710
142049
895412
574712
385370
708983
672942
269742
33794
738582
520715
908917
333194
248799
855979
248307
116615
274327
987688
542495
972730
987799
72519
225699
74446
480497
865989
921529
58908
719824
704346
72502
390631
417895
971493
799585
104663
26932
23366
468304
766541
607605
135472
645835
587004
560880
974744
476769
744976
718303
683060
802866
983170
339512
916268
470358
376572
195340
451790
266875
827348
41277
354332
633735
188178
166439
546667
671104
247036
129110
579162
197675
422590
495738
589206
577446
1808
364720
68834
754299
457862
825223
454646
119684
273628
288525
900292
817
796167
960691
649728
115337
20069
6929
290847
441588
648427
935876
870389
200560
310627
707924
458060
409246
642540
394144
381134
983725
126504
297749
716121
74221
188291
503916
615261
122971
427898
498848
136325
613956
220757
453140
510012
850953
323096
327667
555749
951047
489005
571291
127021
742177
482778
611652
829065
868655
908958
804583
414155
268142
150435
496394
116186
265377
136193
164524
635174
813496
950767
924231
425260
849840
906181
206495
985727
393226
210067
210863
35778
587128
356588
516354
143159
863342
284383
798763
550768
242529
472578
557845
49256
174468
327714
349036
771958
42245
910811
97891
391188
514758
552405
516597
927764
385992
636478
7362
540197
80986
332925
958408
663130
624193
570301
412591
927299
670942
338838
455965
988237
490259
783040
359835
322324
541943
399996
888915
801651
174037
306335
61661
927201
31983
873607
328879
624354
691882
433099
7183
938664
753681
699835
612362
575175
571906
39211
523063
2559
29673
216522
370610
475334
379331
874944
82649
725117
313516
300799
366687
543153
448404
217915
412122
295775
664018
325843
223491
573204
593196
66583
173087
295813
273625
218062
878590
669902
419077
604850
993686
367805
640024
405903
425278
581995
195577
970636
642951
976330
52090
553716
939966
541944
316218
321274
707952
253909
114875
83982
186710
298544
371076
461890
791700
605509
794122
995374
48381
241768
183275
235231
385985
153186
576644
237075
552734
143383
401809
615705
296909
559799
842390
762980
274413
101967
966114
236259
586074
452440
626741
157543
947998
665808
714061
657037
396762
33133
18571
739072
563409
49793
707712
638465
653173
874907
510898
373668
909245
468173
816198
254394
512156
935972
180772
994654
144712
339510
196205
102672
34820
961387
766018
671342
763151
413924
665354
812153
221751
436884
456617
455021
883837
998264
857385
754782
194161
878949
733509
338694
830495
93306
743559
672758
620050
142381
18235
185812
899020
740082
913207
783387
557136
793336
719418
364893
601880
706662
148523
557876
458247
38800
550459
189832
46259
370396
382802
552930
116506
711602
515904
544601
597508
633882
725805
603559
41327
678190
708706
71364
397070
331137
228535
397335
33258
807919
255840
257484
107510
396701
410664
97114
674815
266414
100464
665884
388021
581740
164159
732377
34229
553095
159501
64307
67878
888755
756694
874119
900300
816264
452776
397081
123150
276976
698296
783010
463534
921264
978154
956995
366320
586822
21308
299958
761666
902125
336243
214494
852692
9819
764468
876510
662590
398967
874905
88938
303920
600689
773669
14479
853029
546961
601247
261725
390168
693344
840331
720642
310864
742096
521977
844038
427426
43555
121972
410725
716148
468120
229529
250100
680505
522491
308769
230704
762004
211694
593148
111728
957953
440937
651705
384480
658290
969708
488410
675843
881937
505929
750317
168743
697955
979926
106765
483336
613799
724499
605226
589741
786628
281659
967625
298277
866478
353484
810748
397865
287099
774972
112599
132712
757710
494603
193979
121190
207906
546348
13430
291768
460274
522692
714280
850711
717108
454768
608457
748305
959937
146258
889701
364320
632671
160746
930425
487709
459840
864379
58738
945049
158719
647917
762248
572599
784622
693034
752825
311506
969659
397978
221112
125292
402928
188354
464794
769623
19983
684957
755183
715321
286155
953397
468305
575473
546492
735275
575758
754414
262325
854648
420436
358275
678044
116172
516079
201201
690630
958621
990797
313215
539579
889449
705500
602528
645041
567966
176476
730037
39224
982712
728997
513102
92354
707435
524676
61865
239143
641551
147577
168093
590773
501878
921225
849732
517345
392355
870449
668388
384329
873483
78565
657596
673397
814114
526028
548017
598224
679209
994536
960020
527817
544745
223790
851414
786954
693749
570293
107434
716929
682363
677009
410293
179884
320877
243712
769442
108892
854563
829106
683528
399743
700869
111481
336353
488938
734321
93840
66563
375175
858277
359560
716991
432448
32544
885942
731960
745919
907298
406893
739895
868915
880231
555000
579960
838386
835275
490571
678631
224104
732321
906512
165915
534246
938430
806372
622703
266944
499340
545496
681778
292087
365768
427952
394811
70076
500681
616309
721404
382595
982740
555203
345805
979257
413976
696568
174699
331112
773766
450959
186342
534072
117752
547763
876429
190018
770462
124440
171303
973374
258218
375703
28081
493013
111315
88272
235192
669100
840168
838381
234921
938077
464778
358895
392516
604434
588927
221535
160874
542945
141087
880150
511189
671740
937899
171165
535310
570009
448705
559847
99247
120362
698427
623840
815712
998244
856353
848376
876822
731156
124829
482763
493118
711052
934766
943275
814108
597545
946517
418138
904873
517108
300502
884734
909564
912815
536343
676457
661700
173303
174410
146168
670686
131896
501476
75188
811748
480485
225696
436710
362430
985568
993262
67533
471357
259477
836947
796665
534961
929527
902367
310038
794222
419583
466906
385791
649072
660633
102883
731121
955181
367377
840215
850915
96301
817887
587693
85568
169183
429262
330617
823879
621967
821664
250775
256023
22125
663624
818758
553137
86473
888645
130996
573325
107926
758412
809173
958685
480122
859378
559810
364201
107247
204683
298666
768056
307176
672007
30242
771433
285311
31893
290397
877280
40357
72230
118755
142499
624482
413660
149350
5595
744160
270479
967582
920759
561091
499110
322823
947086
337599
262660
352239
453828
24227
102019
23864
410512
43895
378439
407659
871667
802828
209124
651453
425788
761905
991043
535264
131829
338913
877669
345145
966563
709615
387259
520922
68393
440721
914170
665150
901088
152343
150914
757076
212322
918305
297994
101755
533678
302576
969219
302489
984152
878481
113783
275
771647
212030
63760
374448
898808
395897
504427
40215
85725
894094
11932
203494
443828
260217
74995
877744
204638
874336
526612
228934
51035
898102
546089
645415
19423
737739
365156
910193
48568
160382
545861
34221
159453
104555
785084
541463
566161
39202
620050
943056
48172
737434
704545
203767
805344
488253
547466
775996
821019
650033
120188
936775
191862
879054
289376
649375
723019
571961
861675
114301
550514
70220
865063
525508
152010
132106
269455
390846
693310
603643
987336
477151
86057
217069
120423
448751
695273
638197
497521
275981
303648
945027
559131
541593
928076
450486
207809
274587
683549
883232
793568
223688
412843
760827
324736
817115
601689
54957
735835
852904
622627
309107
844316
485073
209879
175438
641571
144856
352018
911003
582773
969062
585606
459929
920653
786950
611844
206554
814005
706819
896235
367289
901207
171455
940449
703347
852033
645566
278690
476409
157690
331237
867237
432100
67358
33475
801785
474123
491931
262567
430380
263127
507080
404514
54379
791853
122767
994307
198077
265057
476831
66151
489212
364281
955175
977193
684012
474906
42095
113391
170689
499582
612751
874416
186218
428225
170507
640920
487868
722532
421154
852210
922636
720939
652493
216295
68305
428844
448309
181798
794734
247005
425778
604155
642218
99307
190667
31990
156894
869617
96803
948956
402858
769781
445798
721687
849778
154331
919924
855697
911170
880244
796597
754010
392566
152995
391481
909950
712360
490838
772022
217105
677915
484820
466103
820997
692971
348786
814969
544864
341855
969059
871591
552662
232727
163058
770192
586136
157133
74700
662954
568891
985625
357273
111387
258492
162314
479772
831808
606515
469436
82233
60558
655877
246611
509121
27815
586886
835491
733569
248356
854016
972681
971268
489255
348316
226841
718245
56420
469820
205016
992063
160128
480657
807161
841001
872011
27557
637348
106534
51456
708296
437092
171281
598779
955595
912747
185863
885264
31149
640687
171572
544205
707336
210086
287221
136452
545724
275277
10108
705032
302326
357135
453032
897618
123798
722485
674038
257156
736352
150142
618632
232250
195590
927053
631439
946627
160458
79240
444305
284996
960537
629626
844616
116428
932412
919284
454372
297768
843674
147071
367419
810965
822957
21977
12834
209799
310391
113804
389673
555035
772048
442205
738785
790200
713184
978091
65671
787139
386011
427639
989771
343133
740428
438687
560873
953537
867999
349424
579812
122371
915498
269296
614288
753944
367077
857941
100789
181032
979328
271718
249744
76566
403561
481712
379172
473596
796991
694784
127572
96873
224234
573966
469219
565766
768424
871389
575826
778245
365429
74397
851387
57853
144106
974308
288863
467055
132719
566631
50894
657383
118260
150166
942828
612384
373858
36208
515859
344315
782099
856633
13280
926932
268370
107167
290920
147663
823173
436771
794804
245100
293742
709044
210859
164688
869188
349808
475438
711589
350332
65030
367630
839038
592854
983411
583060
15812
274824
806214
956024
418199
85910
610225
433983
137137
186499
300578
886814
316340
965324
958402
244480
173128
982927
311827
416665
917143
975103
467016
734881
587169
826168
877323
603593
79945
473158
550796
381506
74826
314508
22506
259344
860331
385710
970084
861143
741422
604245
284498
244474
957089
268049
304415
849508
623957
511865
178269
875172
349338
724215
934301
76505
630408
645717
644594
372473
443706
38929
887592
179830
297241
801082
315602
748369
729449
999300
648981
892875
242480
913934
314945
463926
897707
571958
662648
362068
442501
200148
29218
86384
62313
834198
915280
887762
461867
460058
825701
509212
934603
335824
957110
19174
588834
240281
507972
225321
933183
579305
536160
467519
736834
960376
763658
748867
623088
758751
449527
167629
313505
540333
871314
345761
793827
353248
194095
264381
136232
556867
916532
668845
229493
965323
145909
654570
608036
891031
101111
959505
842384
179348
189782
997547
898263
4155
536248
732684
940217
328622
758027
227488
415152
140240
885387
124494
569540
175876
195802
249395
181243
596356
145735
357354
930120
684605
725982
382547
226684
667985
237160
793799
683302
276346
153431
755839
39097
718737
102869
871725
919733
423477
345673
820734
694868
70495
882123
66035
811222
576476
541326
173620
888591
863315
644518
557670
20147
881309
750224
935994
93034
632971
129049
142206
52985
877770
573189
244832
59878
416558
298725
483803
963157
611098
329504
820454
626492
336347
620530
486428
865370
234777
940248
222712
894560
287718
108540
622856
176503
244941
911830
99114
102596
641156
974786
312804
386020
541738
903021
50097
502964
956434
359235
183033
58828
775113
268547
341874
361144
653439
349672
961390
605851
806352
246900
477419
270121
447351
25312
69467
942431
833242
292705
492121
444860
901025
427635
214138
698500
680987
180540
176446
24871
757840
199124
283455
819180
878343
333097
519288
880620
898961
752086
877512
103842
392501
89608
70053
567971
498024
646683
384824
97055
37858
523731
722244
74296
126754
992170
940146
170729
496383
845288
84197
848474
469560
213475
415604
836133
252334
322650
794175
132599
79605
560107
526316
235535
425893
241801
565321
838007
477192
303269
373341
76567
689030
975149
801305
474013
447526
168504
27266
550991
343580
330557
270298
916279
418470
930228
848409
120242
612656
703625
108162
4301
229750
679113
352061
189004
951178
464149
630796
776153
393087
734996
842820
873753
545874
925494
162975
127188
42739
52988
277662
363221
378025
678182
975160
671970
358569
269308
870942
886761
990709
487264
308787
121574
750619
550951
510252
262083
601203
805180
429408
145068
589097
142904
627118
831998
480033
542320
109279
618648
318465
294191
576907
652028
178121
429035
894440
335151
584718
57224
546595
129980
30566
538588
416080
707667
64308
245845
214414
126947
770407
27985
710538
275994
886471
573557
522382
328573
843896
230928
989848
926015
513970
428929
747607
996362
601255
71734
354922
589116
889178
851590
882236
347117
419637
99424
28727
779748
452274
610869
153152
860118
539483
362801
43505
481384
853456
365339
558202
261031
840197
965930
31707
941256
882220
254842
735996
39249
579843
15037
818792
777577
164913
936278
495088
925417
124666
723845
527305
264967
319643
973424
384757
30531
478414
815584
141548
862501
536011
465356
344296
311264
754969
650228
533716
809375
571436
579572
207758
256450
962578
860553
247360
877395
722117
693729
432355
945120
828262
724594
168209
597308
114291
796144
461031
283946
251607
698469
778871
942414
151697
470608
448853
242577
318707
385164
449567
607461
204037
442501
607053
659564
386568
336757
640567
201032
881161
504001
330255
997486
827946
160037
321057
534515
627974
239044
273574
643099
969352
160281
15709
858746
549043
86986
932096
264100
497433
843915
131066
847997
152271
241021
96646
982318
775753
708386
776941
501580
783542
681629
866884
775360
964917
875262
478590
793605
190555
402133
335379
365775
341189
227436
667708
235079
600923
783778
297777
868046
423441
11530
528443
923181
637020
882274
561326
414370
181907
976550
448732
35832
882258
605346
679877
126973
783920
226512
483401
127824
460155
621276
709534
776214
949235
867378
463802
646798
706699
939453
461863
741664
788979
776165
786792
923023
892443
673586
942534
626200
809649
582752
813834
273927
872932
825686
345383
569362
810594
772956
953861
60449
829990
805211
823032
213690
590022
390538
402165
877
127039
567547
536094
389620
502591
809473
324546
862887
81982
117716
927222
577768
946196
200400
481543
769725
949691
722398
910102
844952
585510
471354
397652
618318
230327
474621
535681
969029
795623
321035
504690
841396
216531
164297
677929
620212
845720
585435
784346
273690
70159
740248
931489
279681
962535
798643
51019
688379
213922
320175
603580
9488
784611
610392
341258
286609
115663
629551
321149
471215
281073
206545
655676
371764
465627
576916
222955
532331
12824
270050
83982
482784
100510
774614
679361
176635
465422
731138
810892
318779
54118
269505
537819
709212
295744
230147
500752
398927
176719
719340
507706
209936
107774
99386
493842
705162
826424
152493
724419
768052
514375
214637
95072
904481
371604
271781
55834
644203
400462
249029
968799
75696
82018
781019
957109
839781
852562
321750
757769
281181
989332
917525
35096
698731
810047
684036
841108
472389
900233
12449
436142
122941
643382
431688
715522
2057
525973
484914
589255
646225
235198
584754
306758
117253
888396
724464
306706
726308
276267
539048
272316
602327
959716
38627
252063
646131
627930
463151
156763
899261
234409
229547
372207
560425
270336
698263
946795
535178
905044
561221
721816
83034
43798
832898
471167
691873
339324
697750
786791
246818
412864
227162
3189
99392
574657
460910
275041
346350
937645
43694
550295
386139
916910
373669
685436
211424
394657
565799
395126
358884
864646
372155
266707
3181
722932
811928
270955
181675
830591
598251
957720
785316
600451
253465
140207
4441
878646
707373
47449
666305
534598
832498
812082
894754
543059
352161
463691
102756
19171
655290
712659
860755
41806
330565
718931
101489
120004
413034
399575
923137
571449
589326
491324
962463
84334
318812
719722
218981
439511
767282
960832
415376
42806
67445
747121
441103
525896
827122
190622
267245
746059
184697
274865
392466
189658
336504
249917
22083
523345
782025
535536
266391
425503
765129
722902
44222
249959
899877
810373
511558
173901
200164
27913
951267
81784
681936
147631
739445
854165
581292
319862
29285
441750
476017
519743
348955
862571
380026
76767
80893
875853
996706
45790
157217
405718
808357
949494
726575
663143
289240
373232
271294
167875
336188
930095
914725
956440
762200
974514
217375
149288
71538
247988
873386
339991
946580
871761
950476
784752
210213
311367
741954
47930
915072
874129
601446
832638
954299
538031
211091
495421
505521
469926
204394
879728
670794
365758
173233
516553
755727
366504
350642
924452
56755
393926
547961
957647
708936
363218
832660
814201
556704
8842
696365
787223
622524
715956
7458
778325
443334
518458
868402
868367
846985
591891
125700
448166
691050
233296
517883
331723
412243
780874
284853
700158
475858
411008
341683
892253
525860
541067
404432
675770
586316
637739
658142
732659
208641
528496
932700
934264
325077
514890
762771
710885
523298
171549
549254
998045
594389
301546
352243
477370
711441
124946
773601
311400
675160
652006
497818
201492
608701
160687
221756
135543
528201
923316
503676
988132
908207
594270
845465
870058
575528
81384
744455
394785
694732
698360
340579
101356
821259
446884
755875
615278
895578
23584
740823
470313
810826
136905
800396
395262
428477
94161
283662
457077
773681
37671
584337
326362
288025
148717
84686
434565
136111
455519
756354
157578
130933
192298
907497
713046
57637
36592
651681
315098
663695
109352
432899
577048
638368
503605
382984
342435
402440
119392
300902
131244
147105
853774
740631
259752
283592
62859
18589
924292
183308
261318
369686
120868
904077
580348
547700
165030
164382
943203
349511
31893
841823
582904
524695
843496
931468
596103
244072
320354
935295
860320
840371
17128
385094
862473
475372
413030
726532
601859
968104
604500
647426
613164
913729
634580
798913
324983
45809
465545
812105
326987
873115
303070
919456
563778
145065
486437
567470
881454
532875
361029
703002
781026
194541
462478
322422
184852
544811
67701
680651
179703
295738
623951
300328
346557
314079
595618
322010
418876
807481
579089
13385
276396
391477
218337
410506
896597
206547
571721
356446
19281
876860
894516
799525
459068
885862
36767
851936
332295
538628
419403
454622
575044
244554
105002
651688
787218
150827
981558
815396
291237
55133
806002
137416
363587
190962
718203
742259
466232
408091
739455
610683
588469
401475
110429
961331
694964
593177
526750
887327
571833
780367
827733
696444
317574
673814
2788
165145
387627
817841
318333
141499
417670
549733
783587
552160
641646
685769
633307
388972
508560
273211
879340
706558
348249
418568
179426
616960
489676
43424
533847
39698
517926
967509
68809
901055
406854
292661
202173
906381
620996
414554
568236
439236
363663
9697
861889
913020
610287
749144
688178
408474
307377
328874
900621
752627
725226
765949
344535
359109
175454
399612
800926
796086
316434
995285
429462
755215
433945
358902
971069
819584
53176
714307
202596
881296
223275
60008
966072
583803
670169
326055
778810
314953
647308
122501
355047
841144
942048
310775
806005
588313
693005
464511
975728
482789
328970
761719
778172
148812
278474
579010
362259
224332
893452
277153
413383
198381
51992
873470
437791
488925
683428
114902
136583
787247
540148
778948
427835
860952
684588
630495
990212
252108
146370
737319
875795
971242
602936
315912
463500
281836
985736
228148
828176
751462
100356
850124
370341
655194
500830
830308
813471
797308
689496
366300
379181
413081
606783
946429
829568
711194
682547
922650
956057
339253
174401
463491
199618
748042
689812
785806
681223
792603
538661
398537
117985
716841
103203
246466
502113
537615
851274
957984
783724
263093
217145
308227
228363
580969
454423
533836
663496
995319
791286
86460
829324
382284
437970
177701
832979
768892
757772
883780
939609
480551
536585
312217
392371
518447
374028
183795
417085
447921
930288
431891
559319
488265
273882
115337
272782
714414
252037
76936
184330
857538
942539
18003
922307
239449
172894
707254
852376
836287
701729
122409
907005
198571
635876
664182
574987
128238
701011
664175
478163
415352
505600
419897
952398
901624
583162
85866
985135
651825
955272
411687
421181
517751
17073
617058
721779
40281
258640
822031
515017
245682
938243
731238
159015
963175
436420
946616
874351
97877
998553
610477
908971
952960
55710
860621
594146
783915
529281
843983
771749
70913
616728
544913
227532
43419
224578
278632
622588
598406
616008
507109
82395
955937
857112
297193
875355
255022
390035
657832
660157
895844
185252
256999
560896
142447
828756
91031
992761
321231
495890
438299
231823
372185
684687
884413
110740
264390
183249
738513
490892
87084
955674
757297
610306
402861
181235
589379
467593
789697
678866
518551
382812
682400
651665
365478
747239
20962
749882
430079
614389
405514
601002
829282
829059
170810
179168
84874
967447
824429
783609
229673
790863
441582
278043
329700
667379
61621
170465
518882
834499
362839
839289
575897
636307
231559
154207
478076
406578
128224
959401
491513
37334
199261
21693
391002
252491
129234
139782
546933
627234
344958
525216
296300
839702
899371
390925
953612
744633
166784
802926
395136
630409
232304
471664
975325
99073
923711
775146
198598
397211
974934
429034
276532
370267
857423
96793
609040
390516
436481
578562
930263
430470
464464
204644
652583
565245
176850
667352
118815
428846
436913
230163
336188
219585
213120
915640
344259
126683
922902
630150
199256
296107
47069
300103
312898
891028
342801
627163
950715
204140
239690
961245
702794
893053
215185
90682
285195
307116
763997
156630
979132
215577
652664
662820
785147
747093
923821
28108
496563
989030
5132
334931
323152
907929
897513
523593
682479
442797
100369
972332
718407
213358
615676
278331
398858
46334
413994
520870
486586
276415
812377
364537
301415
265022
335460
805251
589684
720999
863704
219870
174432
827850
395606
728483
605498
651919
4232
541924
507348
549517
893704
53469
713196
899108
835423
685009
448332
251276
22332
310246
368220
116468
882766
128356
630749
490555
32078
653993
46287
699700
577565
924271
647858
255371
287383
883744
114145
905924
774939
790350
62166
856579
399157
80640
85915
404423
763659
548703
947711
495101
315110
574309
374016
225915
268357
918625
545067
275824
925451
895051
8430
950502
183607
775979
233984
357182
310059
787857
189690
907042
315069
19798
786716
146801
457956
295840
972793
116618
388692
751919
828477
142977
920708
585620
23440
292413
673030
240316
986208
494609
755204
197661
831983
492157
420966
175990
973664
526257
521821
326642
882753
98345
299924
869584
830005
990313
400541
596046
18790
333450
667627
791542
547683
41146
358753
676823
862389
434946
13590
698122
254838
180177
116664
663805
556880
256711
730575
863815
213596
321091
72740
524662
567080
342430
444067
252397
183339
285780
805156
912570
327312
503728
723435
578153
621446
197475
779524
376946
232523
373066
659369
80556
484950
490172
512632
356149
387239
883989
743902
680076
599391
851265
896242
324924
196011
506092
725241
977380
548210
90028
40339
494057
22696
784744
95556
93600
60127
535002
347577
736546
609375
726647
252403
841553
607586
58529
233507
570329
136003
943223
153427
425677
315575
45392
542498
152647
869581
729991
295747
300062
138552
439716
653047
312251
394664
13112
388190
277072
450966
52808
755382
732820
563332
621765
113674
686345
45519
636971
88129
560431
802277
999525
942693
611639
536265
228394
504907
676494
209124
308743
182492
579797
981230
319192
376040
390132
51338
316468
609084
689940
20599
236606
768723
880832
375191
74416
635010
667983
101013
921900
988093
314070
943808
40824
780984
465181
807075
649058
174802
281719
819887
553925
697357
346333
12725
198446
788301
212857
623216
604793
310953
181316
133119
331958
486016
412297
580226
484474
762315
77556
308346
461000
812402
172482
459604
894625
874246
198221
652094
592433
831241
698252
214151
508928
185779
136254
238420
389115
402851
433343
932228
43222
645588
565266
682035
191258
438268
277180
383975
839152
565023
497694
928600
554129
622125
230695
930706
608809
91201
149464
100534
333009
575821
466556
580772
23608
89531
729965
68178
390453
21001
812966
579183
339370
975193
862457
33075
553632
766086
685356
330847
673802
752956
264203
744203
420782
776821
434423
890241
620424
677550
455743
606671
224443
345990
813723
11609
299346
662475
994699
326696
126714
222177
950700
779088
119082
17103
247719
337964
667290
414762
822320
785520
809688
710029
699860
227728
417239
849744
722141
96872
260870
534498
153554
364437
150186
696122
515551
613434
230082
215234
333029
49779
49687
315521
27037
777326
227345
115815
597041
751948
147746
613782
788548
347572
816269
385327
692355
33
542049
916774
78126
595808
824158
478753
640017
723436
862567
914900
82582
407660
370150
293382
332812
684094
33350
597112
194506
214252
526157
971710
550737
306970
341870
877070
508484
946070
569996
44118
819141
100746
456120
534980
454508
718839
625363
778988
505449
919087
330089
868647
464471
966552
349432
233250
213878
456429
404081
876752
83314
94832
259824
288284
378907
769263
913226
642097
737086
282305
540200
490210
209973
656924
109343
165476
766356
268760
170613
827230
414884
317258
444693
764435
394553
76844
469330
16557
189434
54373
405175
219484
761081
398062
519514
746624
327007
192433
161044
743952
668432
195263
185619
303955
74268
803337
810884
447223
437829
43997
411594
526149
162418
451864
592752
71795
751171
727433
920520
904831
158712
799935
883309
751814
599651
491212
988120
482515
631397
894276
478223
551016
919628
678646
956908
647917
203164
659452
736983
904977
64363
571034
472687
984699
830113
950203
248466
509543
988702
931997
189844
358559
823295
988622
778815
750151
792786
691532
720513
204533
130588
644620
893607
92955
300913
874040
58284
376957
696356
394751
965304
24919
11131
774711
141781
893609
202930
21351
876444
553597
544819
755227
345730
977499
409785
429917
198055
529845
142935
21317
874996
33802
191935
126899
85707
787558
260251
401986
138966
835221
696477
944521
157372
869646
445251
313320
439108
510349
448257
454735
120695
700954
952730
971399
168464
179525
398973
927831
780935
33560
475145
66963
126003
351176
241622
111233
488121
180271
230235
790362
814826
891468
467832
410706
891970
892607
642707
868308
454294
42491
577651
602546
279714
884324
141553
138939
285568
696206
152815
478454
903376
848138
57446
893805
956659
418339
208804
572269
2096
467138
632792
464611
86381
613200
277692
325474
464135
582718
735057
787303
366753
220912
594509
515706
533049
817752
695135
162022
882642
240714
82587
275523
270408
829465
429907
872130
515871
306421
967558
176686
818849
776316
359006
655627
912753
5500
789859
417020
116998
367575
854258
786638
679456
395221
345736
912096
788835
617262
168355
903388
762169
72448
927628
443573
770859
777725
938038
824076
891768
286997
808745
738326
9037
599686
667019
679592
688403
822303
70328
495104
833063
552516
345550
539667
16744
730119
896616
527871
396672
590482
358588
381740
538086
124005
643746
135789
487139
15345
633715
103988
872828
738941
251904
343516
437634
138417
242682
411173
611464
34618
827939
171695
476589
895946
651519
937766
174337
680264
401189
153481
420170
426734
575284
135322
208667
709818
283017
359671
790463
147802
398868
703173
933154
202382
161309
144537
694515
778893
769074
579086
745772
930262
633418
628350
988532
350550
571922
541244
219145
341489
525179
578091
280321
624996
303867
371918
756239
115956
809332
272699
283717
432817
443222
760102
458779
818411
756553
178738
689183
711861
990203
968448
981934
792329
832989
800958
977015
660536
517808
168462
983970
348216
546335
94964
531996
299477
539886
689106
415411
724633
486539
883582
97571
534735
874089
923170
804766
653370
727190
516094
704329
467625
811311
16012
542775
1954
895146
488899
775614
137669
757721
885903
569627
268057
987075
68115
123916
214744
764626
306017
978697
595317
724260
389617
878260
379934
81173
768574
501901
434771
35908
645433
931646
701592
768977
815186
562209
279610
870911
208843
565858
767707
611198
326183
288379
989326
12826
646797
204666
705832
697463
897723
23243
364661
947353
607883
548673
8819
633392
641715
613530
64183
696310
130269
50250
682144
105231
475327
995469
167652
381670
196937
606021
710016
393826
421218
943696
768497
414229
165228
119930
337937
653757
78561
881796
920291
121344
191213
530321
160562
277835
896565
161375
291390
219151
584075
17756
944852
813229
323773
206729
908306
755419
346837
167810
782879
236600
288753
968628
569415
517895
275293
854252
291235
631670
732464
665977
620311
669960
772888
958732
583136
450073
504015
647186
857740
535647
87983
314013
477615
584402
786737
673217
514388
760701
130195
867418
516213
991456
338259
649600
223062
27637
598772
682942
515400
330847
324977
529331
890398
696810
288906
778677
857847
624305
409246
971361
464950
831413
380548
446475
825641
345963
498880
742119
61807
87661
133948
101119
757976
808748
35641
302730
608270
894495
925802
503225
963839
552276
610491
328328
164873
902917
469680
549335
708601
154626
359692
54356
730974
768253
825416
811780
723555
149373
370647
948387
694393
686363
14358
475809
379238
716315
521472
676133
302691
880982
352041
168851
354280
298460
42612
675827
639251
464957
63668
441130
668984
839597
146534
682715
540501
882289
96276
346631
115829
977480
624829
941028
257600
972768
966172
755506
393615
455461
955873
195673
144537
931500
146688
14658
218140
7410
497380
342751
24813
145181
613296
745316
335964
319997
577652
723903
601720
256268
417485
566908
978093
254027
237985
996134
883792
159822
339850
871476
60680
850831
30689
497864
707477
332281
664986
539917
787999
120607
829162
440246
751735
282145
514244
32585
537798
15822
235850
536722
428597
194430
736366
131242
214837
279556
196144
349339
679532
814491
584154
385089
2677
274450
529161
210004
13706
517267
208893
74392
984160
682387
200329
160712
442980
458955
89960
330528
624226
701538
446433
11918
242163
399277
756105
700901
212160
133685
154204
139241
747921
723468
619502
103206
670323
51531
640688
630743
918820
629148
510156
154358
684001
477836
548028
929323
496910
351602
39198
722089
499566
581194
230583
705351
359253
844050
13637
32125
19081
346044
542499
150271
370252
838673
419467
339015
35112
65933
845886
26405
597527
778783
297615
75220
279163
672102
630479
943766
794588
49827
75870
835265
368806
293273
711871
978691
258188
632693
857975
815438
663005
621012
15049
543706
895253
553191
731428
300272
344768
72885
415710
15446
910652
346939
223290
124667
269861
144924
953221
446928
83626
872895
972766
637980
783035
63852
463672
164487
635806
7092
847285
787447
920681
478817
258097
280097
476968
417103
991921
385770
747971
299582
413506
767035
154772
727294
798410
111322
844408
466026
432827
642262
114438
113315
106228
384323
980069
670976
423572
347377
89916
383957
423982
930007
50675
976039
173294
906295
895360
597100
221166
779163
24266
472248
704526
696455
3985
732348
79861
804549
446305
526939
532300
472984
865722
769210
424060
490202
717844
779086
955703
28649
132986
789137
439361
795769
834121
969693
885039
683833
399418
553547
6401
61023
942273
67218
369967
877419
452505
792892
11867
440401
782956
688851
220724
223217
468738
502497
186084
410440
640438
26949
646534
53540
287888
426321
835261
340151
26050
475841
235336
656317
757924
172866
438168
820810
653891
498659
235265
2875
665052
338970
178574
5717
837521
489540
381862
533336
610389
40639
387273
884972
35809
767763
518216
769919
158961
918846
413623
620465
939887
290821
302766
694740
422891
218623
740942
599850
621968
516611
964708
722205
975685
515595
164159
282457
224550
682642
271336
789706
947432
438695
49210
279439
515727
961929
165351
524224
524708
716951
968818
543907
586408
727186
660449
91391
15763
163815
530423
289232
142558
283081
40163
899715
331763
480026
269141
639788
999242
253744
965356
738169
725755
334032
551731
329478
260479
265197
660665
114755
413580
654948
505481
18798
699616
22817
861160
705032
578190
855018
874388
301861
396928
725264
389398
76194
532835
560921
336180
38030
728571
504647
113259
379430
85031
737921
390113
227925
583081
445644
177728
737811
264968
902289
52798
683147
691779
15518
826538
247904
720349
268967
557834
1705
40548
208732
963944
736105
265217
37019
423211
937556
124959
511318
983615
224865
166989
413222
880730
301723
606197
68694
331971
280507
73335
469256
442857
376567
846549
326727
199491
552624
657071
252627
601157
782406
175848
3873
353134
47486
977577
38604
6999
862760
616002
11688
671604
262751
156890
895319
23144
443226
849253
650306
706317
582616
917094
698756
954896
306785
293947
214887
989308
931110
241690
820394
370396
524982
929547
189407
969799
826135
442162
377255
147119
925214
605082
60395
10582
273339
849596
157530
881625
198703
554008
317138
69788
921497
495570
694408
125083
993998
584317
970598
592232
133493
452154
711954
980133
555789
811627
509379
168349
325832
857050
328896
934323
331806
682606
203682
303517
62337
253668
171272
266027
579858
644708
766602
131200
932589
675579
302921
51829
921467
879500
895189
47576
420559
610340
696000
151162
337454
2419
298054
171013
563368
18861
228478
791444
907810
171978
992409
716068
882161
892477
338040
710882
28766
658565
894302
432275
514912
268486
325717
778509
35550
397742
602971
403843
568839
455216
91202
435653
412935
287778
413945
75808
491988
474351
179392
466161
223349
909290
729714
500593
595444
62760
634600
608830
48469
854000
905
198376
496885
260084
83375
155468
678075
681378
196950
9009
670990
627848
568539
870304
451464
299771
306713
195164
528468
322156
753954
409003
748807
980155
214994
1956
30077
644718
807512
909070
651011
875914
200499
938644
240320
694289
464638
3687
347229
660826
753519
591831
344008
660096
411849
739174
807907
700983
426978
952466
687053
632741
823772
485697
396567
352168
26975
114797
481541
638335
622274
109972
357230
196448
185899
304307
67480
753006
597353
195868
711583
866815
481703
452093
282790
695845
908994
454668
734120
96821
178373
668810
973030
626512
29024
28825
970481
919462
238283
292692
790248
775046
10228
71798
379340
505289
613767
910964
252984
227138
407417
194141
569227
55288
400455
193541
923159
875915
345275
7858
966337
239270
216320
567004
408193
848562
508390
748068
75716
578482
411094
38725
785691
903113
651428
151385
185734
921739
203861
628826
700803
805975
471421
405189
162329
357169
949003
423829
227627
531171
320513
758780
632175
697793
35529
155000
108098
911158
120835
598341
214876
322729
862172
326039
615537
664116
85586
366711
60581
106868
848043
635618
340967
663594
456320
806562
351160
603929
358372
969450
525113
296991
154132
238873
313242
715924
300723
158168
363732
532808
538479
63793
306015
502739
456082
573258
634352
240660
909838
373554
115440
125983
528592
604037
923285
167105
455941
495149
421918
214808
495259
378962
260103
963019
111473
252686
220265
696282
53881
12920
158181
604828
694591
676013
879515
884645
353633
551757
837575
949118
38395
720551
980947
277006
131380
325229
786328
136891
961767
666064
213045
647621
914622
153850
697849
784176
872131
711729
389070
307625
210384
384872
156123
892108
901436
395043
12871
57922
655138
764926
579935
94625
981100
714733
524478
397687
766832
510309
584498
691628
993550
574400
571939
162486
911385
159718
730384
817999
683458
289274
728531
616549
352275
916847
879139
437047
739912
475660
969942
525385
68233
393568
752895
966935
483200
491885
391856
300771
449647
721284
116583
150450
736827
829931
460348
677291
192455
871479
897800
47135
212340
542896
579579
810004
967706
498313
959304
11852
581177
142012
296875
248830
394606
624126
890015
438681
149802
697831
852245
900714
872241
143022
888042
827802
127664
155139
168394
449625
547635
456316
584232
997560
64977
424843
197159
927930
941813
418331
501610
946371
64592
629229
908651
503931
499767
304426
900987
627337
888683
252574
196348
879188
755893
699812
393762
597050
546386
998441
566419
972574
272671
813391
256561
52547
251115
373135
376981
223816
537494
492333
304033
150158
75040
532480
684658
136259
929026
393101
844332
891096
531437
780026
787032
915945
279754
647919
592270
651827
409559
988636
867546
208279
894384
997649
376624
635507
127646
529150
370327
672288
644744
600045
133700
931804
656308
120292
554230
330312
443194
980733
617627
393232
963508
694407
323949
321668
351038
737827
847679
624435
222304
941938
962087
581973
591075
168686
84276
591269
253708
578109
322769
898648
389159
987560
66800
463744
952140
723304
480984
476376
259836
422329
778428
264660
687053
653888
780771
749043
918282
952731
619311
113062
720171
149533
115650
619874
8560
396645
689878
997539
202318
998847
778523
393417
447581
43140
210960
416941
350035
855401
975645
829674
87873
944282
123186
812333
584339
394046
77873
668633
79467
400656
272835
5606
839596
631142
907393
813228
830501
766150
644411
3734
492897
603244
448687
854758
863265
827616
248143
610673
950297
176902
952325
140524
62509
699558
999498
593305
848991
514036
905629
829114
289787
402525
532366
848913
129877
909279
310263
347613
742548
416798
620662
174508
275106
233
13141
221165
182762
337456
843446
776390
528240
384272
789037
361746
933661
554978
973077
400525
563960
329152
445530
606567
219334
283493
200311
624789
753218
331796
713934
110288
604579
843204
313216
72728
80728
671459
240315
711815
377643
851097
568860
448369
613178
348780
268694
705132
843081
835423
406754
314272
984241
814345
773554
751266
715245
195933
791921
828356
385441
150366
386806
628765
89457
145312
608748
769310
758220
784246
672489
68447
821280
950312
408999
1687
430903
357797
452448
77898
929145
34465
296028
377580
727015
195218
814712
883865
490557
396218
237135
318836
943698
631992
110069
901741
991150
961451
903270
234419
691897
224564
725337
674509
809268
850829
136656
826733
377487
722149
823948
638183
305741
717462
264359
34436
186751
605873
988210
929156
389619
267308
973267
901037
41700
573341
494037
838707
187820
791322
837769
820905
724348
407709
683386
484022
259072
51797
868889
522362
646504
989750
686193
383615
51719
538617
869393
105154
853306
156460
439630
126588
676636
842789
877813
183257
131551
342779
21936
545111
899476
316013
414733
399626
820926
436252
681722
479310
876119
830129
699647
645573
149038
106450
996006
534098
507799
968271
632142
115661
359483
101923
661608
389923
591748
681496
857464
120967
729090
941520
744581
947137
444723
957230
984826
201454
275477
649578
662917
701723
121384
854312
632072
301489
551016
505543
645966
312758
234690
506346
443994
692638
353947
801743
409643
508237
832723
720217
392975
581778
595708
147842
272738
80011
569948
750052
514246
605101
75100
585738
179939
156441
605184
186415
785997
804128
281406
751130
680196
813309
857454
243783
502175
603634
720608
926241
286629
846453
402745
150079
901482
178686
176913
606630
678368
471906
510931
357496
953381
34630
809826
873806
44006
374607
87057
100779
150520
374830
544356
880530
111962
484969
450074
813011
431574
503220
528681
287329
118403
756904
324075
804398
412750
567188
747083
600398
986598
475450
280040
389741
523263
153858
327398
12624
335295
553131
725308
808093
997635
177547
522440
435308
773704
199937
492709
432013
341911
350562
997057
557981
652273
19184
789273
186259
426465
405136
589315
935402
384554
492274
849560
866113
347808
518388
287415
771833
848909
506187
142529
912850
499523
417986
659682
127736
381921
712935
574174
260802
652638
988781
968788
986657
239870
719850
669847
651635
632161
363825
517207
946350
999556
616412
28215
882421
467445
280673
79859
663814
463200
207513
337361
123188
157795
158279
521753
948800
954003
645398
134261
387317
948294
268669
551830
50974
560084
543932
568724
449707
669255
514637
794579
426382
528490
1875
352360
58932
202391
505651
376407
640729
135331
670071
453411
117105
169081
65987
112910
122641
881742
411367
735795
801977
448112
613061
937987
776776
896109
450701
419887
698923
828369
216312
781632
819814
605659
953488
372772
298381
945045
86647
521452
31064
890262
340406
379328
186520
220263
193969
536928
196045
495988
32020
948826
184467
128410
106025
154706
448353
136678
755469
988774
294843
651565
935677
200572
56890
445061
240809
35659
62582
904134
226881
3378
314242
160775
302129
927989
270190
721611
448825
38357
56402
589973
116536
115518
49101
800360
786711
88657
277585
752687
29881
613912
76658
844803
186433
540317
776776
678243
335157
403786
93834
158800
570332
116692
703128
402804
240281
481950
78226
874455
616039
359769
192983
549915
130047
251697
576476
271694
917792
66600
526162
979758
440332
652411
244224
354902
686229
782326
676895
595131
272177
543766
66741
509181
354634
12311
687644
162532
278314
738839
148092
584304
774333
900509
16873
955418
117394
462846
623966
178263
45348
307829
53946
256046
630910
350099
478775
459226
48136
744407
854264
914917
133908
117453
277482
36006
472151
252651
194551
465660
504842
961506
662
276154
537020
913533
605118
600515
536007
947715
598124
560554
411130
42851
497811
610490
191018
943453
462457
668713
163013
472005
108275
964113
762283
751976
476921
439884
58939
291050
96771
630558
687797
182224
291855
808835
365371
901156
864953
461769
593408
774905
384845
758561
462583
42382
875874
744006
560571
498710
76313
87480
729105
706224
399302
386472
172624
461003
850304
136188
635464
884623
714455
353140
686237
993786
497642
817030
850900
593208
832204
665573
663554
911964
274459
665370
453598
934946
861587
291589
762870
490454
899751
400809
817386
733809
897037
590943
853222
993905
577724
541195
100835
813800
217136
396815
379290
550834
769167
946947
688831
819395
841978
590129
747986
234219
367208
665100
521341
569678
81621
42342
946171
27171
995360
431471
782368
133565
104870
94480
50867
126120
735506
513958
3940
660443
581592
594208
876625
964892
866414
474572
603038
688915
782529
468019
870998
431721
472984
714293
852807
480928
466819
262176
648237
261032
34178
678648
918874
764554
836058
503900
960660
891290
124097
618318
373577
752704
403291
875865
655855
563275
420641
165516
570624
186826
443696
784185
978407
845216
402738
980875
122146
801900
919969
676639
565573
659487
132606
390739
483503
966714
460130
575052
694807
531432
979933
947794
501066
555618
265257
726277
332269
939601
538445
602613
249056
465843
625782
575437
860287
378721
254414
351048
19320
413490
373823
567237
712283
65156
708686
283532
981479
410388
649138
550538
727323
152432
489197
873168
755106
130492
419710
738416
26825
964069
587179
185500
13504
99801
623126
139170
477728
746527
854495
430081
614077
537417
81859
94130
12917
467992
251922
750212
996275
655630
547383
118357
419222
370871
643238
549700
640944
537821
218011
145661
427659
122107
677729
655137
198996
236601
911883
208695
134853
370959
989626
289109
568329
882297
687445
662973
890721
449399
358557
499556
584391
945081
698560
793244
547909
146456
523205
75338
675709
53184
55988
909225
595397
639527
215253
636423
681880
92841
98576
539088
697135
301280
944247
945647
298890
818697
202543
655660
447836
556394
896617
218263
668172
243172
267861
47035
226617
235994
188050
147534
849247
699067
981164
444808
361551
227465
255792
226707
794152
15173
333316
146386
790533
107929
209313
552394
973194
699828
750318
351287
250851
935919
527031
909532
352611
953677
343306
750128
666795
964686
410207
103545
723417
390622
38404
502445
317946
88240
53815
702413
60263
431818
15219
904140
797993
696809
843371
164784
935600
786478
362627
160894
729854
865056
975648
92467
157310
75275
16488
273126
465365
25490
381252
792518
133914
466319
530347
140168
853207
611257
821865
412164
296332
857836
711049
994075
394171
32253
206407
619047
194902
68723
450798
470680
586972
78641
867759
762129
437240
641466
44610
445198
34326
418645
746569
389398
194277
951458
821356
345068
812958
664451
94009
869246
899311
940098
389156
916389
770408
251313
934322
473997
743201
471781
827429
383572
253402
773734
107681
892527
360100
915342
686110
348226
613067
744788
967604
235807
130044
5423
174129
912317
239808
832355
220431
332379
473657
856949
93750
899981
301221
485882
352143
53275
204921
465398
765348
891
610024
908230
469370
149301
778564
845593
762696
568181
304559
527852
299973
136937
643292
552590
56944
353594
833590
883995
75151
81713
603554
285096
54294
999476
409341
136020
876929
238385
744753
330077
72395
877121
527389
110165
159597
532532
458479
186878
465244
995268
79706
917081
798263
198353
202245
174723
620305
925497
951266
330924
236841
11794
940039
557816
993535
449362
961965
870652
247997
269241
217697
300723
624480
666127
121097
899571
119540
352718
255392
28522
193592
738174
570163
6963
669083
619575
609716
563743
186825
870505
977814
80263
4153
60054
909529
184295
32225
823760
81759
961957
469694
502990
493903
555480
291059
832051
832528
657053
247304
42638
550276
573430
943012
25173
694547
181897
381239
24990
887365
236520
255011
558159
1892
218035
847332
257428
22111
535823
892597
526401
95714
294293
501269
378888
705009
451143
474801
584195
785527
534060
109602
674685
85894
583676
534953
952763
920092
804878
896525
370654
175050
868459
25727
139788
479929
91802
945060
52576
927645
280739
710904
609052
919537
294822
865568
858354
350936
691621
576500
241873
958825
628343
159081
241084
843571
440927
627985
154146
824450
740139
778911
939883
702062
400044
312440
251777
950213
776726
896727
694432
21795
324655
853271
120831
725640
325594
371722
933250
717596
556489
619005
413644
8055
645639
168909
890891
432460
932929
788834
821511
509850
659434
174988
679165
129252
41209
128270
74773
15911
973292
464085
907344
104443
580685
489781
725404
253538
285643
147042
124114
726291
623792
363137
588898
242972
687330
860341
763328
321855
208469
636419
993243
436692
366525
385701
182437
811800
558163
33874
103568
637623
510793
738140
305955
309779
999019
132079
311977
395545
252128
493394
573011
736387
537051
733124
494283
745750
602523
776673
780048
368536
486482
516324
75048
210180
517321
348020
605063
343576
386861
699648
340173
206590
637035
982424
779330
761895
82432
203942
500139
933939
436458
648069
853657
887034
842272
166115
805442
110338
643415
693467
157813
249393
457470
563988
811668
699329
921192
168145
304797
640
491733
138323
539598
853756
526473
546907
844444
382440
939016
567383
872956
316773
327387
295583
699989
14750
741378
527819
947239
701810
25996
876548
316318
181994
300519
781152
501632
40019
784678
575679
108944
325035
48026
145372
845336
309951
389084
388093
674553
874852
229138
333279
542353
34356
7390
451061
908366
473573
579894
495671
62728
639929
527137
735722
17514
372511
546920
790163
420875
300243
177274
107026
9697
451488
898072
370547
107353
95321
549376
977210
163605
747350
576731
37529
299306
947860
177106
229014
350934
770513
78446
413569
531797
591493
180734
518345
18422
17158
871294
178985
75737
669759
438497
824345
613490
252590
607571
229197
184319
742533
365439
927589
32583
249902
872868
487508
578502
881777
539475
571263
840647
451548
958369
256879
299874
455923
552614
566489
187881
429435
138058
518417
329490
8766
440202
432927
584099
904011
30942
251475
869397
211023
637174
322105
887625
700477
392168
168288
255351
210944
885977
546157
244946
25004
168979
611258
515834
653157
232484
727331
398381
962235
935725
19539
110454
691599
516989
375294
55094
436298
173917
547976
559002
747494
174646
36170
211297
328830
432573
413766
888126
687016
584806
734046
285983
389700
772473
327202
906206
914604
936129
405244
28153
998489
744043
142319
136873
197977
683258
855771
311357
133330
757852
23042
831549
105783
400101
785230
871223
982614
992444
135408
403232
433598
364468
449080
698380
926634
939533
34442
274364
859048
278770
511129
765668
136947
346250
328040
867562
568588
406722
32852
624259
142640
487336
782818
442236
107079
808857
539299
785682
105181
322462
706000
869300
36354
239764
500884
728658
952685
881664
15666
266526
258175
823967
947103
689730
932582
843302
924987
901801
248962
805175
645789
201196
691673
486513
53971
845305
696315
183909
727331
483861
966919
872706
18025
581901
972222
939344
726713
809964
639206
145333
343925
782166
550803
593167
970886
992879
40558
248586
578313
122895
897497
591666
86146
366339
950484
734781
825208
875516
391077
732332
724059
350676
198683
657595
973506
412697
495613
134885
882510
742358
265371
472519
596574
197120
718173
848696
227274
847650
640333
62130
914742
934942
974090
892232
124494
35119
62113
119527
85816
648483
274979
346304
383174
873570
535403
917778
610323
655474
424773
219743
548437
968286
411537
537358
817874
491247
17013
884013
935879
847765
638784
524374
149865
596239
275688
422981
902360
580793
735129
481106
477730
632029
408795
900540
769357
977677
756586
202173
299222
929011
251832
902919
863566
535560
688665
468798
283005
861942
703913
597846
907532
593764
470482
132198
559799
804763
799815
328511
288669
720693
311538
514914
826645
691715
580246
831380
797739
584220
472234
828694
192169
694751
947255
125113
634693
266546
725994
527010
954630
900556
635335
412726
457268
730783
88697
441081
4329
549106
328040
803264
608471
131420
549854
842372
306225
701186
872956
895683
880932
544936
867397
931424
434389
792027
814958
498248
945026
389085
575502
51604
72432
739462
70945
332363
817934
406584
984486
526582
770699
201820
707262
174184
679073
186424
926789
116367
32050
750326
564602
452378
291818
951782
477712
515802
198544
595577
880198
772132
584562
576566
196187
369298
278112
580928
766444
227828
852065
940813
763304
441221
536949
794300
855947
488123
264459
392030
655549
553875
404338
344098
217769
173396
55358
988038
506232
622866
195177
177420
399697
569284
467079
243335
53358
448391
172062
709243
575146
504994
557757
859146
54723
169591
721439
949916
748172
942924
80448
599772
978542
565153
17926
854506
29685
372390
746025
748999
836996
803101
29023
598423
603074
70917
431423
754922
934863
952649
362113
898866
791339
631130
258070
512074
18222
759299
404621
472312
895561
614634
912814
296794
978465
282701
364867
986417
638998
683257
240822
76674
422333
608561
564060
660159
818269
377887
918331
811406
128258
258079
961155
534244
852269
267524
447245
237462
592836
868300
893824
357014
74435
652332
712948
468586
175957
575344
13103
250934
744739
762759
260743
318567
582187
352158
610663
570709
50769
431764
343718
782227
853473
825804
385745
868559
706635
16787
678422
173774
23966
674934
479163
659888
168813
341104
602367
477667
603728
377718
58666
632103
762175
691606
237983
626507
582159
888090
883055
509653
183077
324657
989059
3575
787944
322191
893593
141197
210136
32064
34625
562938
649526
172565
652635
934221
537179
829302
495808
686595
38961
425908
352400
503419
993154
542340
974401
303966
548036
712726
71480
712754
610613
774634
160593
177025
512706
501898
632749
492832
256347
723097
317340
559108
5044
125436
494457
104861
632436
317012
4460
718607
132846
40367
744562
877194
934147
509397
415158
567077
856416
771243
955735
197468
482956
357844
273178
240534
717376
963567
687125
60070
663998
736380
209609
28967
214230
297292
638269
678782
63973
967492
140343
905412
974399
90936
349712
188281
222643
697955
29396
334632
39695
529700
258153
674785
299366
132725
922635
470083
564763
896097
410620
395948
979056
923553
230743
684269
716912
220565
666886
244372
956147
878108
622368
708131
686812
135111
460309
336914
766553
920689
580649
906658
302802
520583
275735
621456
224785
344009
474112
963684
384337
818427
221064
220697
999943
688632
596613
736801
449905
720829
957125
354117
695423
202111
27784
691843
295890
484875
139171
30507
922678
582493
424680
965624
960394
321052
164985
684473
58571
945046
708591
114079
609949
538191
900401
846034
910719
502808
68788
744372
656540
278730
221791
476338
796310
679274
876636
754965
579593
215391
542261
503453
895454
898447
741458
281104
496820
486640
998370
226438
253143
588977
866287
793563
196624
926269
250660
739345
217270
808031
829071
996217
784074
715518
680344
326245
909267
372089
137232
550753
101901
228551
447852
314489
849511
840689
99927
817830
991198
80073
727776
573226
11404
92021
166355
954839
486316
772279
161086
73014
441143
133664
677660
860593
872060
117324
199585
314482
591410
675812
476862
225482
797304
25837
77548
421438
669424
280224
53131
22003
469405
181036
356998
86086
592465
768237
679907
61984
494838
610745
905182
561454
972065
506899
337126
391642
975174
226117
616359
985072
345497
898917
715530
638172
389398
199055
28716
794746
29984
804608
339813
256784
379216
776286
314048
856435
642324
603052
276346
797771
148895
388877
272536
55606
675635
277342
599971
410907
270154
906003
990812
968483
483084
885292
410402
992394
248769
814117
845154
633444
72303
683021
139020
717167
215790
667587
384921
517109
979470
195399
126406
50696
861343
382832
578118
847098
161137
121355
933048
384696
565914
161586
699915
31757
35630
372019
110770
492118
697363
755077
429636
351756
805122
756592
543079
296744
417685
277875
104763
114794
597705
712880
128310
835251
37099
435492
837094
856890
426384
566733
308490
682
899026
829412
571365
916890
482629
970566
648830
836265
64620
398097
816056
181016
329129
748111
223883
241481
2690
714357
345832
103825
114956
57586
939848
790127
278690
237173
54628
302282
520128
13218
415201
19728
210424
300816
696424
902861
771705
394135
792295
462783
212115
562082
235253
430668
964821
334523
801901
825707
735248
345262
405868
954423
335760
845115
439152
700101
153750
731564
4262
320829
947696
141030
420238
25898
718805
184738
605670
497333
161206
845360
200949
292002
495540
141028
126362
565669
164253
992729
647483
340347
131961
592812
714379
931485
647370
230664
468299
231522
834949
853020
712663
176986
27462
245613
638157
929213
478310
439135
884335
21979
432820
865744
846334
345527
298920
829032
86134
389542
503587
87136
209810
673384
118211
618719
155243
707433
490364
309582
266425
694762
611878
703140
79991
764418
231349
822201
535051
517642
315950
854727
918811
452138
662984
994785
776433
938749
345410
992214
377113
753646
367285
731458
349195
498416
994242
166085
472079
290639
241175
11772
228033
275504
621637
240568
203412
606324
24688
382931
895809
384672
882520
230972
466455
344365
176432
281877
13425
828582
197943
497139
121677
435427
312907
907594
4418
717931
287093
18903
761164
953098
951105
725810
941872
302968
207474
500440
816941
807433
2059
558319
382108
923381
986646
827956
37640
565051
86578
812523
749621
320228
172702
514077
297065
92807
964315
40444
672604
604596
113603
914852
825642
714446
392017
331712
313036
199797
806256
928452
343190
793642
654373
917768
382911
692386
409257
770973
855226
63042
764981
287244
465411
655371
554954
804328
86114
383393
157712
460909
411818
384442
74682
837043
492620
607593
358450
423844
318252
63807
674750
306167
987501
956004
9791
205564
173914
523755
344303
634032
117762
14045
879421
234357
189333
313863
542830
981552
102792
151422
932429
432968
833724
312215
628550
385228
356965
810743
950151
327931
267044
651845
896913
885304
261487
361037
335247
619191
582115
173730
348244
728600
950152
188980
291800
642465
121028
145577
141817
252261
361934
967455
189749
76210
971037
778464
727640
259941
31660
527139
136245
447801
604265
708211
494765
625449
341513
456783
469829
774858
808123
311540
863159
233801
857655
639148
908564
347052
801024
660494
175209
118738
32090
412629
501839
312299
52000
98893
527554
626092
563832
158983
102226
717095
91455
114904
205599
389430
927809
289653
930600
491681
865482
488127
680252
978314
667051
173281
919593
608554
859984
795930
112596
642285
252325
980165
194742
468554
467268
899399
208042
684940
140424
495631
249437
545608
122245
806659
369362
798401
307358
202673
546935
863948
718725
607741
55588
459895
236584
887345
469606
595048
997195
792721
409541
130650
969744
67241
984894
418220
767020
538747
241200
882912
444924
391355
621449
331221
345134
885545
565999
176617
40358
315042
773399
238878
896298
191135
497143
334509
49381
21509
945654
449717
123051
110016
183549
667286
858507
410659
423766
880780
291400
165267
225542
458230
917519
195544
78075
614378
164244
156836
407118
252907
774632
641780
328847
503461
904062
94656
340599
324648
917323
293638
849554
967428
817287
664690
554221
609178
524584
316382
159947
972751
377667
278727
822842
482709
576072
334177
806535
660854
134769
933556
888098
226458
256136
274503
945857
830332
215946
2462
2327
337173
228424
191646
776513
479325
889374
95587
229357
737452
902208
940738
402457
346532
967384
751968
666393
958089
791761
561654
476726
6595
437332
905386
539371
267261
699728
614772
373293
106167
307617
376831
276063
496156
361672
11597
713038
198770
72049
443313
827075
524169
152135
868314
598980
284497
6273
809225
849962
853092
59794
284779
94236
527377
430092
433097
872318
984767
6388
445847
332233
24311
174947
954491
923047
231188
433724
572240
683199
269395
411757
522116
678647
917185
340095
681293
127121
33136
642147
213638
785514
627849
391063
261336
434080
157300
825031
27377
245100
78223
794288
686583
733771
393492
523294
992240
197234
829828
138020
609438
735820
733705
921955
933661
38441
315227
492699
455560
670093
489587
623752
504639
573277
930404
704763
827836
69302
574286
669822
892999
786323
330903
269807
850562
703584
527072
512891
392237
403094
269752
695634
592229
615491
39755
300536
843074
587439
785956
277450
349932
858200
349131
909645
271844
280412
222652
642405
647962
880528
388862
175004
287100
222507
555101
309392
217927
919543
424525
178578
677938
293164
966254
999712
159022
759170
407547
961420
972495
493332
937726
698488
467812
443261
24114
313634
359228
32707
742572
816102
653839
738048
805124
656093
895385
313743
124144
810394
75192
65755
326280
375815
765387
673537
759972
478294
788543
430829
428574
318576
310910
111402
353277
883569
490807
26076
661525
30540
479533
533257
776050
609164
212035
185230
858348
185824
115350
201296
135820
769204
191291
259309
786917
103369
221159
928858
564402
217174
244776
668685
67697
614396
865907
275627
81930
728429
879359
999423
445620
963206
464877
499898
588679
903074
373838
470507
8531
623256
24742
590201
341145
813870
347898
530026
268099
525289
909118
787573
331257
608808
185735
43677
297419
383516
585115
681746
215973
348154
436022
698894
431695
236693
690317
497080
555324
549547
604677
333829
616647
386550
340082
225936
569218
95685
504128
141874
254995
359435
844013
72043
634849
642438
672864
548266
508832
349255
265719
569251
738639
565275
970875
607256
305399
945474
637570
640125
569925
578188
60358
280301
396093
947040
310967
779073
960262
648008
360309
351927
194665
769809
85952
646545
676198
518785
567939
181314
123246
411240
428764
8864
144367
772427
442495
395628
644664
76903
210446
959115
854721
928048
389241
646375
757300
772461
993522
511962
461656
780496
14373
449053
525315
262621
372397
716796
65009
514356
394080
137735
153304
501612
489306
838502
134928
946332
535363
121181
446254
197989
895686
714422
49701
389895
991373
70269
812178
501357
550015
545292
406607
293862
753090
472628
757970
59365
535496
865270
527848
340192
486319
589928
212180
184857
150951
687856
503927
583441
508165
991722
357849
215072
659984
100614
98029
684322
557366
676881
907008
542089
500201
587215
653018
186516
868438
983263
672542
481433
949386
350530
132743
397174
865727
866258
17954
840417
990562
145247
520828
238618
125149
441808
607049
671570
607484
780831
887842
447838
798622
114694
93817
411574
290102
76719
353023
592705
354038
212646
149134
643871
154275
350819
362256
723154
233589
838863
882345
657085
190840
15603
854362
402222
128488
842651
857825
657548
799620
35911
136566
162223
798591
424199
439749
514679
710836
750974
439307
431675
496609
388098
628088
183621
661933
34292
475331
438602
791919
432772
856444
204141
60328
853067
881754
867241
221041
855300
655666
120756
889753
26217
172359
360099
94145
867166
765530
579523
432271
465621
992779
737397
775082
566723
60976
236492
469984
474975
530552
120279
627665
259764
872974
279639
81854
515935
838976
573774
430951
882025
38867
408314
366784
386331
109122
21403
238952
669093
558981
167377
78336
317870
286622
619840
39900
947010
267179
648809
958752
140008
316796
668455
897664
270004
842965
383668
921989
640542
594697
901345
291959
589025
392217
153258
697266
729810
2412
324354
177067
861494
536839
596833
886113
555862
409653
10306
818477
404686
748697
724500
879447
496403
358565
493032
798329
455044
769203
348645
700421
742201
448208
76377
95616
338855
774875
679226
164521
708338
959821
739311
195154
782862
658539
145639
706764
709513
410102
494155
849465
979415
886597
179258
219937
227859
640382
298109
458906
185378
906976
170341
235684
802062
334100
537095
105082
61776
40337
690327
339981
452937
20359
503740
405732
943486
867672
227454
946566
513760
426544
921394
842383
935616
565912
797993
672090
996250
157884
299797
10254
357054
997206
858695
960691
195685
955942
407175
861787
435506
983148
35288
82122
397791
682041
149497
952679
462854
102650
714347
586877
92574
72122
571057
193352
780604
8078
705539
728051
757768
244375
391750
247281
426482
129123
321029
843595
334295
393505
87144
779878
132198
660447
599417
733906
3692
78018
915266
234896
251616
998498
870379
203739
994407
150370
213095
549815
806405
939316
931871
52825
649661
644275
818607
551736
295359
951645
353473
972570
54670
197662
178035
994421
742162
19883
136140
19622
130992
293991
120199
313136
842551
369557
327318
973716
947353
652746
316827
451297
803908
885208
85391
17717
363638
983753
560337
86910
699339
219793
956686
734173
607684
108428
378238
257148
199107
717078
140680
877160
543409
246018
667636
350455
142962
627832
968206
460491
126671
967438
475426
352417
38646
927151
104435
266222
223933
870854
621961
764160
698141
426318
162033
417505
568844
458905
131899
983604
897079
777974
17074
674063
711326
865324
551650
853229
580570
618525
328704
336617
156431
995947
391929
573366
302913
581934
613874
138941
155658
992453
464621
971571
929578
902406
396731
811264
179383
809451
92197
474519
269000
537187
629516
435782
605943
189967
513338
199525
398211
748332
86280
292298
135602
294371
519306
119802
777627
271555
670990
527287
601340
699013
379408
411770
786353
652388
53381
285779
955067
213786
601696
747271
837492
558230
478020
351475
923906
825590
900198
10734
495393
653741
542969
569674
117535
854341
932528
35042
896282
921652
794129
209739
478322
87678
685953
447968
1925
914171
916672
19637
276181
485245
551184
656246
231814
128768
179563
388495
913313
778069
951448
796821
519785
209547
488893
3825
682746
258153
728027
614308
464952
632883
466924
475535
418057
594072
472348
335603
148542
476359
61680
365750
819987
603377
154905
525142
733526
350019
151699
66940
959887
579666
829986
579904
505976
707823
611172
984186
222049
946244
962286
491490
91028
261174
87170
639976
720604
156900
317683
809801
116494
318347
631356
190328
396728
431698
126215
755436
195836
410438
282953
627295
985062
368928
134866
677741
443573
969588
379725
392168
22642
389535
863967
404673
342172
54078
105921
928502
666544
743085
207193
50564
532567
107619
7713
554247
489571
674271
859379
628750
920755
601604
404317
103399
123460
88587
216767
190474
789963
773564
419738
379681
924358
177641
124081
953383
792969
321081
618486
28648
557094
626430
634162
829164
918348
104667
620043
526958
351127
64091
931832
566434
887594
528645
407588
46073
600485
960243
235837
814235
843812
574294
426644
327479
864678
302237
827293
419767
579554
837282
220720
232434
162718
333176
942863
516038
242493
215094
23336
879941
534146
846722
491558
406938
515874
251493
476592
964520
35295
748283
647958
389760
60272
888542
766868
478962
517761
11
555911
19686
558959
786447
130016
335559
196356
363662
564792
333938
592923
789168
448238
150196
638388
394634
899952
435104
700009
348852
857339
680924
241702
625812
321238
819705
209498
639277
929107
259357
479147
36302
33845
374638
313152
836960
916822
159481
446785
589316
655484
548807
349536
795524
930240
121485
217184
911487
14517
24712
884203
61873
345892
990160
527495
963924
544197
817714
845398
979248
902003
962697
893481
183546
632829
711582
364361
565357
573195
145515
391513
253988
134482
622963
424758
565089
339447
715712
962360
971545
983190
944508
263132
624449
329209
400815
196477
477060
502590
247570
33907
586825
220035
650037
301749
103978
667989
420746
498060
309941
18702
285954
160567
868188
937244
982094
75438
469219
610020
359820
875593
998645
796205
597059
386842
553744
541102
145459
441121
547016
134621
672728
55564
368680
898663
137620
852395
201397
301761
67843
447418
100888
334140
242706
399927
134897
489683
431822
989582
263186
519026
321159
782794
285730
361999
697216
675401
855720
831631
16292
798832
119382
35150
469172
187364
950824
490908
670526
639913
562479
518368
482197
188688
962210
512137
214872
309032
6230
648478
906138
965796
329836
780103
930484
590093
716440
825551
418836
762134
232401
190548
516611
498726
851409
832142
696630
273236
260035
99490
484970
984996
226986
386878
96028
970626
317395
15502
367422
540776
228249
233030
168323
61259
136218
565114
965046
433615
885881
783853
593124
123681
654568
906385
523974
239127
598590
249860
731604
931178
654446
831772
852470
846789
769341
706127
796535
387094
420947
372219
588347
806255
744763
518212
267687
75203
674132
698922
226726
285532
418258
913047
714169
146328
372575
837971
906279
536830
261491
303157
182644
819250
959117
833818
135766
249180
58775
262283
847348
39807
295263
852219
892858
700848
636347
456633
478483
709392
209321
895539
885115
404918
554298
393498
176430
953372
25156
936929
429018
183583
57327
391173
660053
834508
595199
296811
745975
120285
893267
181770
273270
732960
272059
451547
339983
322063
477207
460533
320647
656344
415976
944602
206071
106304
85742
578921
922426
724960
546845
811814
220871
544738
175473
286405
139512
707106
124372
302942
886435
735259
413716
514740
277087
822977
340308
85977
449951
399419
751826
163603
78193
194651
327270
800010
416146
4838
910441
957457
920167
128955
835444
290677
314892
53775
223156
150744
995572
897766
603930
419720
748933
647328
340089
110987
718853
644851
877883
854135
421852
260170
96331
287381
949871
169462
176481
396147
360839
456401
671364
696131
460789
45258
192192
995103
401277
124465
108236
728738
280124
211717
299821
940909
747463
511662
173253
12160
899426
994378
538923
806758
834632
517096
98884
511452
715839
589772
610085
949710
653603
654974
740128
227438
303482
837941
892675
983249
407907
265166
595765
778265
796782
760192
498708
392989
987171
272215
847450
753926
410092
195416
386365
204235
766886
327752
673501
457107
779204
974003
415882
71439
538282
326741
769313
939702
420634
242635
108316
270303
308905
238276
101205
485640
581161
763138
416122
176975
880698
526022
142431
704203
390518
873325
42790
3766
782976
671999
392920
313293
75443
233566
63497
832766
728850
725553
79696
908657
853801
145011
112260
254239
144840
767739
603789
16036
293931
259984
216279
943290
666363
587909
919802
475232
374830
649973
246007
168998
879990
803453
79499
274489
729909
593412
339766
490836
418161
179162
750421
18964
117295
429325
301590
938553
736
161037
125295
256484
796755
709752
330426
847060
617544
123730
375431
267330
351985
525018
21112
272274
524294
137441
714317
32212
331057
443533
396356
822755
48091
40781
154222
853917
477800
548584
55063
398412
513100
907155
494844
898829
316376
225443
8844
28144
936619
140016
429348
310676
265520
956762
994909
552718
130288
359967
393132
88587
857301
244678
208904
440602
294709
381015
564467
575344
966032
927052
853905
761047
532319
428569
509317
417527
122924
213987
693272
865679
625101
556269
687742
885503
679670
894986
996910
103862
736111
165985
240749
248269
808584
587366
692851
127524
488801
311021
463022
685912
127563
228848
445000
6790
862790
899846
717725
914039
814339
691026
290262
49867
166002
676991
6833
874950
702089
146856
713555
530671
25653
152363
814748
107927
812596
799830
416272
477402
207395
684337
587212
251293
511165
996553
789335
83714
838040
94243
927868
748169
4560
770953
872294
575868
417563
543787
777517
198204
329360
531625
702156
148340
830041
88758
993267
998020
67173
501033
492663
726962
637091
855618
764557
353856
697195
89445
203781
791
721819
597691
334202
943879
58969
227185
424670
23559
932270
611196
743987
763804
644382
678452
855834
560006
195328
781953
269998
227744
761039
274068
916652
376359
738921
961822
231891
385480
213282
118765
570264
697800
118183
683603
248827
877417
530686
895671
792862
412038
769249
399234
591797
905884
714696
909487
722690
699034
734669
449314
933304
66075
246419
220773
838320
501564
175386
555133
148449
508753
265102
67313
132978
156950
658
823992
235952
556905
504078
604225
680885
42885
464358
655665
749869
78169
586714
40199
67502
796104
800604
357361
117022
799079
323331
555841
643049
259652
19444
455704
83306
718509
448455
684968
937759
642933
264397
323333
384167
192321
338757
190812
452148
239999
841
240090
233584
939830
132016
785656
810977
232381
75289
197517
164118
531025
466000
75978
222857
771579
840950
563154
726314
743830
344165
407134
799551
266900
861622
441072
961201
23573
526381
466339
145934
36518
523196
914503
467120
72343
141739
995680
494756
703019
556619
501034
499697
189047
273641
529116
191517
969465
482490
625968
940931
904932
516718
87763
503512
64229
270380
178
656868
610168
848597
795554
958717
93334
176868
405692
988446
786121
683491
793535
137619
631788
528549
690554
231847
977924
527723
338539
81023
304820
754057
391449
709823
348055
522288
221770
640718
88287
293134
240749
978812
355109
74364
153320
490577
303500
51058
422166
210420
714221
502313
68383
294425
12248
143805
486580
773060
879446
378878
236507
89063
966001
335510
996974
939928
608285
407607
424605
97386
321093
890821
386765
427808
675587
414317
765938
530616
284558
959581
774724
378331
565245
408191
220670
410297
210848
432771
249380
797183
808246
993880
590407
522155
611616
570269
705275
437489
19342
400327
983521
5338
375404
990235
883109
729669
244093
1879
175454
129432
453865
566621
774571
582086
79189
784669
617357
956392
946221
735321
603574
578950
225081
478301
475211
666407
487811
83119
557785
777935
750292
981070
870778
914687
209851
159946
98538
75235
945879
626493
947129
770937
206368
690876
294953
339580
797335
947599
803586
967733
199341
558853
555321
305919
628968
205453
838821
880386
463986
109842
729456
982857
329363
62621
395770
558279
748444
450956
147096
6460
906469
723913
381579
33831
767335
919462
500690
530561
574948
396151
572101
614792
946683
207385
596309
756487
375619
666862
260332
272460
55714
11801
812853
604512
700194
278657
312556
525718
379468
50697
71646
490913
514480
253317
105721
789517
228836
11740
4548
517400
504710
232924
931148
466313
849422
463368
430557
667899
254319
683071
184005
211615
819859
304601
534485
139404
213394
666105
325560
26721
998855
403471
683337
467047
410719
642101
113642
937097
963704
167192
591113
887270
784394
421707
568950
669542
249592
171040
125815
52698
502157
805621
405864
342509
622289
894225
126253
540186
475325
834909
669302
283036
524027
815945
632679
285485
88770
193021
775701
507905
386091
877590
206022
887500
627652
738517
625639
778683
415677
582828
602308
907179
983947
92911
575949
247336
697782
51751
259753
42377
815567
835619
163547
698808
601819
529453
701043
61671
31937
101343
829386
493022
686932
590876
40130
365469
271634
78247
532589
635962
248984
979448
335009
796230
828408
598205
102157
688919
706408
539015
724712
339453
461305
625210
146387
114041
478157
261726
40488
691453
613622
458977
61320
137706
392543
878801
141342
152349
826127
982260
421481
907595
861232
191493
584721
745128
544929
541262
548091
466713
431364
526137
113582
714963
613065
79978
954243
755210
618959
613044
260911
160934
399142
148487
796442
636859
825682
607157
987786
970823
76704
753620
449973
349095
830620
571994
168375
103233
851094
175384
722801
69926
67700
857153
644926
166252
795363
938711
722697
136269
93645
124898
504886
490647
98078
970457
754038
291797
214902
768285
245225
784640
695419
852473
320404
309603
245315
916466
811186
573191
209151
263430
436772
334388
149874
327265
82775
451555
964059
533549
980726
582365
572469
771188
87863
235998
440333
447223
156770
983619
759101
885374
36443
814170
308540
817118
468655
661000
320542
230007
960675
361779
837115
240058
641161
64859
879558
629873
840187
495074
729022
925303
644357
413903
409512
539582
893349
78666
138685
351088
328204
39748
675729
197515
880490
238449
20897
100582
149563
667586
373600
432196
157277
97637
230521
12231
777480
317741
354938
492730
948086
833523
677236
481154
409954
181617
597816
403470
592076
630314
679515
485476
894214
437770
371008
258978
460264
314360
462396
791548
284499
697211
705607
366926
330686
303358
347961
651664
395908
64698
653334
519782
797291
739409
986333
721812
822226
94167
597400
568466
27975
106214
514441
546494
348431
685661
530627
446802
857872
979756
70721
98649
395382
779603
668852
469243
955524
12551
6683
776933
586317
860760
927124
454361
818339
781213
790112
272486
341980
19839
847076
118810
452240
840620
974821
874052
29398
891576
597970
480846
205356
849929
312040
705610
131849
75535
156251
772940
223492
310391
987735
473814
679546
23801
845185
230912
754680
381464
812304
163165
720615
5134
502318
60866
791726
724188
789459
173581
923251
77793
717167
650422
293766
992072
781413
654090
363596
243777
139909
590617
472282
60571
946241
339175
34214
103222
376234
308279
676273
957846
937054
227829
931550
305304
228651
374202
540474
335067
999602
444726
830961
43317
723456
148667
199626
174004
154355
307326
546984
444278
179264
91680
922883
998818
38214
265922
606712
471712
241979
236054
356703
702882
194079
81983
335115
744059
974164
458537
722417
141579
884584
221467
245080
345321
899790
587829
202130
517501
593148
85215
418412
837358
610242
578561
279422
903492
274325
416111
988749
516474
839486
341902
528340
634609
362358
801730
792922
204972
381711
982861
547394
407166
178008
357781
503537
580451
68519
613749
170494
665608
806086
474468
500605
433667
519064
524379
882166
963488
727689
460698
58499
521090
326445
345497
859766
112386
196220
256249
357822
354736
37255
166437
830475
341907
399201
566787
390678
670238
754421
252953
974689
632268
619483
351498
167152
431745
159588
891698
917653
235801
795728
623637
328383
494399
115233
688038
348140
417586
738577
975804
383537
568783
783373
471900
750610
384347
664569
899244
36618
525497
488427
382106
41218
879202
783306
839426
589775
330121
59628
699838
933180
96957
140017
171133
531949
370937
983115
341985
559022
768975
368204
584836
661315
905396
371155
517874
992133
325149
787509
629881
82302
427464
596744
823696
159800
772856
862562
422337
691583
865386
976832
447750
46198
815093
990710
847596
466250
282634
164366
51459
878408
963756
792140
513477
229553
628489
89854
566946
878275
238871
64439
188967
897962
956566
452453
376635
138121
785019
544968
1257
726877
316111
588081
50420
750732
763595
736593
689992
68942
942171
493951
354184
746880
75881
172069
804665
740249
995017
172852
391156
144511
665491
208067
747356
692684
101007
6188
807795
814336
79953
362305
175701
870328
421529
819297
156171
669985
917962
113625
363239
834129
570256
440809
846977
698297
402462
791765
691348
510844
659392
911324
45450
809752
596799
23031
928321
896706
67047
221658
319888
369151
650304
964068
469403
230685
550948
9421
40465
359237
677463
87291
73174
160386
758209
158155
974490
358984
325353
865144
140605
848689
597941
351808
363997
10342
836255
438256
329511
584233
543312
263606
284027
623118
847283
367783
129193
87117
964217
418823
200568
681370
684922
989480
387006
907590
518120
995937
735566
154010
699929
772873
802567
881515
316591
156722
508372
995840
786604
824174
72958
870482
261052
376826
592668
609547
869770
32240
292125
662487
373640
264048
345380
832741
464791
596829
732473
829898
662978
674200
903195
628202
456084
35376
922344
570203
737226
214689
481892
670024
225028
141067
655595
47898
805272
272087
768291
712884
323722
331454
181664
651230
465636
802455
634833
832328
951014
501339
642774
447318
270829
251529
65238
289081
898999
449433
810746
770334
941471
494493
550693
872551
622948
661558
440481
763778
709563
220230
504951
627912
250923
498837
971104
53897
920494
955371
392226
647376
331742
984180
300108
379919
774418
915313
117266
200752
450396
94736
65538
27665
120008
147908
349325
700453
236754
422377
676120
463936
31314
42461
800517
358227
572780
164786
617825
339398
125252
751388
153672
195567
411670
306898
505339
746748
176235
536041
335576
530842
168464
731537
953290
986120
945105
583862
265278
639725
852150
736823
699705
278146
926863
154676
152385
215521
135253
470467
582153
340897
282791
662069
767355
711371
506811
213240
118930
767742
719070
549079
795729
826537
3169
562875
67316
45164
129114
178836
167196
140619
693914
433643
333295
6968
197235
399181
572580
643935
788859
737908
737406
303010
753449
228422
629207
539616
653105
656138
598679
224223
277593
737297
862302
961660
275848
983142
970167
554100
128313
934357
83152
801633
893992
159356
846305
654848
620446
463851
350561
530191
858638
797770
193711
178925
881760
976458
363762
425244
876569
567309
28890
186699
426290
398026
145138
225485
571161
51676
69108
504318
436012
581358
723683
359980
685318
185371
289936
179744
369366
995133
449250
899051
874292
372399
736371
170290
801578
48520
723996
661989
444648
462405
196692
458248
305121
739222
269316
664250
821622
445446
223687
389232
41256
675802
659574
186300
315093
237633
321841
960096
92958
827552
820560
793711
178487
595319
593907
350038
275404
617694
966254
92326
656264
211534
464615
156947
671174
937271
238038
728967
389494
101353
564420
326509
780565
992290
343438
496050
174313
296743
828656
801269
736906
221472
284599
179400
90451
234707
348273
525125
645257
773684
721384
804507
19851
885765
58874
862048
929370
549433
660565
697614
314357
854572
231860
957892
27495
249944
843838
384763
879111
62174
142598
585209
589257
792658
803246
916630
184899
404665
743469
763365
615096
923539
273319
250056
136770
512925
818544
440262
529839
619573
31753
352429
951383
779829
504506
394474
994042
750650
860362
290372
187360
474244
906679
472124
144309
554788
942363
783595
623359
875917
78932
438191
612671
262420
542587
369885
777645
190792
42590
443155
522474
11531
907607
461128
744448
675588
279780
32184
477276
257665
2818
597818
480788
568436
571736
921379
635246
1649
260660
636397
118818
52290
765272
502738
522508
833020
749713
144916
597609
126786
283954
332745
795484
370698
885748
829796
731928
598631
128308
154639
59221
906726
177545
860508
105296
874
208075
773279
213685
264193
528275
232299
721979
692573
85405
456505
951458
418498
187464
287492
462921
900917
32425
885607
437095
199903
164579
210527
974992
722009
337673
394549
169064
52965
598247
516223
233342
311164
702116
956598
520595
327146
815948
349856
214318
255334
427046
850534
308239
695984
489512
515964
62965
961991
55012
376427
720665
615670
462399
426636
5566
912072
550738
598930
567021
741321
314439
666372
676210
337626
473764
399118
927143
614817
422194
77631
120700
5677
466213
365140
595884
241160
428248
420899
378959
522562
899579
37687
444253
738843
559644
524489
300472
65264
873747
302097
149258
713671
707368
717332
978090
208613
37367
135309
234487
886043
516866
957054
234788
341696
213040
354788
683579
53468
987564
743354
908267
816823
215418
393766
581398
225974
907825
815304
23773
29988
186938
758573
986921
503015
175901
134260
203079
226554
650069
199862
692771
897526
783406
706425
358535
90514
907740
908008
404735
431930
890155
908655
861232
767280
244852
28694
548596
12853
84404
696024
776187
770816
278634
177267
135831
611487
764556
145205
35274
648546
736785
242148
358170
439444
8903
99855
103075
283452
997047
873293
552518
879612
393445
362654
539989
850937
365706
298683
491590
690724
810855
277163
623750
575631
729921
568682
41228
39631
504398
842689
333948
407744
176110
742385
414216
809943
668959
987255
90503
975892
645537
55304
356820
151100
66280
386062
42634
598895
667358
487369
200338
464218
810592
660048
676265
807234
137537
751552
314864
749515
440483
991905
272821
285176
930021
815527
386279
411041
258662
143396
733718
591617
999426
798734
706707
677630
264373
470804
662567
144053
763516
514986
23399
167575
70537
660792
570076
791454
370602
142779
208400
916099
852285
182087
428398
214216
169080
808325
651197
348588
642450
716882
485904
208600
564012
228995
45639
210087
630957
391912
38358
599620
270719
163136
933709
379960
73301
883188
853563
642403
224
660810
852229
672649
551425
175121
809455
159904
844896
949905
839951
917397
663763
294768
398076
623701
721487
70052
874863
57051
868659
897147
692077
445780
418031
190433
624478
405509
275423
613515
435815
301863
79376
239313
483449
589147
230418
522893
532506
493503
819065
929372
722195
98217
659671
912151
586824
409073
415457
155462
481804
221231
103764
284155
630176
467155
217780
616258
681527
468590
822312
292169
887475
181119
964089
832557
340152
666179
666859
122179
337658
276208
298136
270474
646832
314145
671901
574947
417300
907
571059
728166
84327
624928
735867
650782
404824
925014
228194
547682
327806
304966
90625
199108
170837
971105
874990
825928
520641
295646
102421
686978
785543
341685
997220
36935
943009
209186
717941
450857
331083
878130
750167
718918
305262
561774
753119
841672
756144
857631
938269
173815
998457
465591
965448
842099
603173
15649
269098
929368
751468
397879
269464
437676
158637
991829
288881
797904
503320
515478
596551
847697
568970
696916
912368
173880
737880
775218
25911
186946
152397
101641
463850
161288
786589
447468
477858
132590
702348
743252
882908
477104
255696
786191
799993
317853
129065
375379
911690
997233
134069
106315
114553
280834
935778
111243
6906
239844
117833
648867
799669
999840
577718
671314
652885
443783
438364
907295
239991
281545
704672
438628
888870
66442
899782
751519
410825
292405
901343
748406
798095
903730
50806
714545
588739
30681
666125
978683
231395
744852
282036
228973
509401
560243
986419
233846
59880
631415
168742
56542
683378
179365
390854
630704
78449
159413
335369
284992
98848
671796
216061
704531
952250
411267
599668
968026
639910
519354
243618
900160
195074
286495
880379
436322
596648
555828
970414
553811
484890
496746
115754
483853
993342
737905
933007
454180
366650
851489
373012
449349
2260
412836
905247
648312
150539
279998
306819
478190
991242
347764
964278
887031
435829
30872
843855
464951
72990
320399
387669
971065
386425
285555
124774
999360
93510
845960
122519
992213
255645
229527
204413
238408
655721
24520
376603
990281
200092
813778
93086
297900
112932
600762
92730
465882
292135
401324
972199
511875
15871
959142
151180
859385
871201
313573
120274
679322
860780
745077
696459
799868
27541
659664
595666
929505
374342
526688
367525
898103
34156
704177
689316
185694
650471
868177
320716
621670
49190
553042
538396
463565
328913
75303
361935
19772
297779
153781
295918
361747
394550
547895
495425
111381
827348
392975
88580
755657
81642
583395
410606
733823
213128
655479
91255
419077
406064
909588
532013
97412
676147
885527
757670
831588
205860
927224
760315
246842
225836
39016
498560
205169
921274
321869
303319
96240
285150
950385
980433
83022
608073
586640
224574
613559
472149
139643
521463
145314
53885
665664
476059
355667
901090
350443
339923
223730
6002
611207
991694
252544
827884
29277
757582
293426
14745
407620
149289
427306
5938
17195
606378
342078
308999
239868
833190
308923
766595
982793
82232
205775
384722
703261
9655
696789
449901
778008
838852
663985
581820
738580
737856
463073
761362
388614
710073
944176
7675
61519
906879
768540
662981
644348
297400
299885
400940
959249
142777
267886
647725
900011
724015
551677
778416
714260
641021
329311
274216
561055
333696
811303
490202
822073
869849
263156
896277
392290
357563
605046
794502
586329
137058
44226
924324
852231
736021
105969
565749
567202
371283
92135
748370
736186
282959
524183
956468
555165
920771
433269
167413
888458
258978
470075
566303
902289
358127
806158
315151
528690
982035
857646
514251
959978
330291
468902
253955
645059
733071
337719
155542
983053
173057
694125
216196
27261
81720
605500
839046
563153
246309
591419
403174
229708
669554
687321
28259
662275
800115
958739
687722
130309
452826
479121
883455
684937
944444
192055
818942
170677
306128
364770
397182
732424
727486
486058
105281
852964
257474
55004
40351
282972
907286
823812
872528
527375
740587
636630
479642
4696
156495
882954
737760
579347
356937
926837
548494
418095
533343
538417
126472
915262
590884
852283
148477
449108
99016
987154
641445
240010
786501
483149
327066
406799
482987
938834
991706
598501
860910
662440
489116
157062
836498
340807
961397
944935
469189
991209
161041
955818
27948
797739
67083
910057
994557
864341
203614
373692
325743
17956
283651
978518
921137
87837
684044
295473
933603
238980
726118
369722
646298
127007
174963
632379
137025
7005
886915
278526
691028
277060
933072
346029
954350
974503
177043
904600
163736
145532
613179
364529
607112
619932
24291
437315
773954
668567
900533
957181
670349
713475
553479
480883
523645
430827
247785
981969
231238
525785
159037
730765
680937
381884
852262
592192
323783
497802
826530
431800
662351
107726
384559
615720
992494
365160
261685
388231
600299
548311
727870
626967
269304
116054
908145
854013
901924
549907
64172
789713
522896
65756
983789
961832
63384
897799
548504
896045
959473
302067
736447
588591
468013
899979
838227
438883
552203
518586
253745
519189
677353
706128
598842
994933
311764
97564
963802
567886
927102
140531
897473
866170
871206
669078
206289
221313
773643
281272
882519
143433
282333
747746
869887
838475
956140
62751
405263
317518
19799
105829
276109
775575
530957
444914
559001
632824
785871
319872
462016
350647
110724
64044
182929
889374
307681
231701
303110
886085
781658
105112
79789
100718
281549
942186
335122
383545
571255
834766
564064
878701
947433
780776
624336
308717
58477
189953
826672
429779
262203
561470
208932
967899
161937
862078
660710
380740
867974
149594
197432
749057
611403
59089
131506
457600
451275
461590
13072
785507
977002
484703
952718
865072
673014
666953
950264
51462
909160
810048
453878
935472
587195
132107
110040
576862
619471
491631
36930
408189
402272
696532
981895
743376
531100
452659
702303
962720
972819
385667
701150
942747
758111
70676
605249
243415
990051
159724
610713
91470
463019
470016
517457
63280
21647
155720
66715
402538
629708
214533
943644
678493
831852
78299
201211
419509
574655
338163
817560
10391
5759
681771
41837
475567
737877
918331
765507
21254
906058
648859
128591
563489
293605
805605
576973
255423
415603
937989
641012
857715
483441
549581
566747
638243
19855
546948
731062
813443
778143
143459
730857
945131
260883
63505
575563
746617
764600
275692
770606
664037
328567
147787
424762
2787
609043
456006
279183
770864
273037
359024
541641
229310
842891
819305
742089
620289
283718
511459
663595
652795
615471
642442
366636
119926
796595
61257
973280
642114
890352
352485
668846
442964
828428
762204
780932
815125
568897
126436
562122
127837
292387
832993
676134
130645
718242
757968
91693
997377
151704
45670
396570
375989
119607
395027
712774
527875
4387
511867
872943
471058
913146
617167
155711
904091
210049
110123
766406
801717
37012
379445
531397
948665
640402
925150
492310
728312
153757
775749
914575
276201
613141
368504
387200
124217
47658
532341
235240
620870
183665
349356
604552
140578
972523
776104
327789
277552
579064
340515
37515
163751
649365
355485
286845
907483
62313
953371
945500
466804
470452
192841
50249
699385
116296
332559
267820
563012
846116
394194
237624
968424
716042
862796
798822
66075
491705
913980
387139
46853
471223
534692
588975
49393
157297
506993
386053
669204
71683
974600
3898
688772
58106
680167
124204
332748
347327
941817
171832
158003
528541
153007
925394
328471
173267
900742
517594
594977
345975
603966
440966
415305
444730
662506
870807
274031
627493
174745
831463
736423
646079
20194
99409
389883
197539
326085
573178
967289
610887
563153
921001
513665
844615
799690
230398
607108
451016
594048
165251
709020
1983
885609
820751
978686
559522
404726
55271
75980
675981
156836
873558
282525
422839
389535
767709
697680
350648
689812
513123
384694
760715
726544
188910
485401
746482
218868
102512
680847
1578
212175
754776
315700
479638
339549
16231
618354
892185
509680
771792
548293
310497
771568
603704
791326
748345
448393
993028
699048
357481
729296
66163
413910
400149
81171
694174
772114
163110
290033
477126
963434
422609
929682
322121
278967
428654
166348
483919
392468
851528
460859
307436
477924
490609
484107
573032
222245
163530
954164
243034
618227
109479
210228
79629
393666
749894
273727
463786
590002
313754
429163
523150
174921
630533
134005
187832
755107
25352
993909
862054
418961
89477
435203
930552
194772
128576
690275
907055
731545
130693
186581
842839
733462
497988
252068
934125
400177
83960
986390
932588
868052
413097
953574
956133
847583
506903
71873
456391
76211
396781
453478
311769
154093
815263
84432
301340
489694
461709
770100
452129
641417
430378
855050
852765
155986
954631
950087
528486
469845
964763
96783
481090
480449
596833
903612
38547
906839
538186
236906
134737
69863
616852
651229
791977
42782
791196
16617
712725
844990
965506
107510
119040
39849
290782
726343
836044
475759
957386
633427
470782
750473
231718
312051
750938
465355
801034
695160
125017
631440
968077
336942
670087
167713
288321
926102
535466
652218
882612
988713
58842
937605
474882
661878
797812
754206
533615
578497
564085
141052
148289
661971
135700
382019
563872
279722
925686
789108
540990
945959
845150
796805
976221
287697
85420
524745
115882
35765
723239
119523
528256
98131
57631
407700
455038
124714
276488
52558
556719
538868
869100
287441
125080
352205
471988
217671
446421
404790
674448
56741
375805
453951
47418
114764
469817
57906
532209
351165
129389
319967
930054
986396
641499
695401
336468
832650
441454
626013
711846
317927
671006
842806
239677
757626
108211
565743
795449
937137
933946
517790
66830
421595
426113
848026
764715
393643
75532
301555
657691
84454
824927
472620
295926
181488
602820
346165
687880
565956
768659
48696
462452
699551
499509
709350
453615
513568
601576
933612
446354
554253
987538
684436
198991
769298
936546
63899
971930
11291
437231
963886
875276
99649
268654
69231
894079
86888
791859
137837
376439
562475
262426
179761
925395
967910
781619
66529
970191
678143
103964
78764
118333
369038
864358
357847
50948
115465
963397
671019
33225
189076
183325
611030
777236
344563
607004
575681
916395
476318
555384
630017
480417
282474
274967
816469
860442
854757
625257
865152
783400
907509
671999
432998
408508
885497
995790
14119
963313
280585
528528
841332
408155
138854
68034
448009
980864
391176
846546
315003
365493
281603
212401
45452
972032
968687
60695
218658
665795
234103
446858
428609
668564
249276
38346
623373
383747
433115
199047
97949
56954
566487
309650
984591
244050
555277
436895
489862
994230
419906
873063
443541
227713
714364
634950
110950
820964
842734
5906
958111
138691
241861
742117
855329
354329
283906
985279
556294
959179
764676
861066
101654
152047
565314
738078
192271
835677
487503
258284
71392
313450
799167
378243
985221
170258
446655
572770
810107
101633
20338
225822
352084
813496
237018
223399
178429
548116
249466
305051
159926
38735
522602
337297
788527
390442
528961
29589
338859
511795
104316
171291
22191
674217
209521
622671
205693
139733
214166
191160
728654
862738
465194
298386
392698
554735
811886
990393
40528
340251
961438
584006
943123
904340
96045
151739
376558
267320
552566
795331
255113
229253
879316
297093
230705
666049
187624
935400
714997
812195
572740
810844
989461
746471
404057
329587
88463
276435
190056
10600
376388
414560
579849
660010
834542
715943
756218
318712
904963
361133
360783
903100
900336
613852
725244
569657
777008
620455
63640
652622
221195
434708
424418
960815
407578
331043
94576
624261
719083
256115
940471
434046
616051
691791
141124
925607
885361
369778
793694
984846
269523
426389
893046
737281
525769
63594
907130
661358
953348
620847
619449
30762
369414
807544
659514
826024
251924
422229
913431
674226
204605
692360
103594
521494
413919
757362
880540
977168
359325
272605
469470
640515
308146
269541
668775
70767
41945
273871
132844
981453
602146
268301
139315
8654
353265
25511
696050
914947
732343
856376
689106
120420
63419
777819
864884
898295
394681
751926
593352
604622
404669
664116
806862
86792
59036
2206
963834
463400
758434
696495
644313
883694
9811
216760
177532
652718
527084
245923
635494
474362
879426
474984
619991
214502
665610
630129
50319
503415
876787
446907
754938
319216
879763
897507
752388
322599
285125
539133
920421
980023
117650
763084
295374
195973
33329
535568
661542
78836
690686
842766
111583
977908
78462
138034
652467
152667
118133
930201
679671
327353
844095
369902
356152
861629
765829
308455
791515
849814
978167
507133
286091
23137
96424
903815
28407
326890
240107
21180
304796
604122
517269
214152
62218
993617
57658
209112
926267
263791
949080
743374
945413
687257
651915
488054
664677
41867
265454
794957
482284
832988
356402
404177
445399
114052
630237
340249
404384
67434
719657
455436
196727
129472
735077
805889
112701
266343
106523
974626
96616
796090
607002
404935
546593
168547
111151
901342
653827
28929
732097
250085
281366
929886
79244
859141
822704
65349
566988
361181
834150
351844
155888
806281
39557
514410
270707
280298
760914
390231
578905
5375
501248
859347
655870
287650
677380
553750
882516
423714
886339
902880
594803
181998
325791
931836
921505
215602
709432
980248
51295
528538
768726
357796
37906
297848
697897
722101
663005
610713
976659
424216
620973
434136
927335
962575
215519
833930
872287
649250
794112
493502
732948
628265
956081
775479
656840
409209
534999
912021
574673
557163
208098
338882
102013
141215
382082
69103
741765
794276
229743
453251
236035
579425
773464
312862
603860
424174
86487
480672
25913
647563
509271
803779
218045
88743
573355
552319
571388
543836
393828
252303
630932
891548
131965
934259
865029
351451
844216
855844
461828
9157
881991
574202
958445
307503
454530
691263
302344
654558
325472
211293
274189
405689
812290
286302
290035
223506
46719
555913
371998
556751
509391
205140
822470
219875
961320
56042
739851
776855
171052
175912
328741
676090
49924
149041
552641
782661
878485
243332
672713
988806
676458
319024
182064
928946
225428
716953
464943
338629
827725
534982
920326
260972
123918
918238
226065
948111
835581
328940
701685
457794
212417
711952
621127
99167
475789
225254
422279
517950
504119
522728
789492
945972
458771
554662
256854
279905
66235
17159
763258
422284
442849
955086
901283
807736
979363
276850
256683
833565
165157
421726
840047
124651
269526
634775
161932
521560
663408
504805
782950
37282
306092
536547
410756
423762
817073
916542
891607
994064
813162
323545
245101
906659
539357
573753
616416
960353
497108
592281
547786
747934
234510
693138
688689
49672
427310
259133
91443
204913
536254
829068
307576
681288
9966
160862
679772
618657
781089
553077
323578
927726
724851
543481
644626
947481
827789
648993
126132
482162
218709
34949
423667
392222
926202
181458
678774
714685
581163
563806
127288
270508
506953
390706
581348
410863
29504
615065
120395
564177
684843
820380
292032
526313
659028
989836
281609
730081
986184
733163
28199
791452
907883
25566
627855
81849
316706
107954
53924
892450
399074
423578
323482
902832
359698
159338
780795
393689
75935
699656
746315
406704
294163
569974
472475
327527
962264
886652
682091
382667
68240
859544
239732
242503
665118
345276
556667
476393
437787
964346
776665
629597
724130
117133
550051
571744
560253
906966
385920
180045
187981
678210
296638
157401
49657
525135
546780
326551
666272
140970
8251
810846
343574
197637
703002
66978
510500
56955
968115
198062
409318
666853
103035
133372
584108
93500
357843
194693
865389
868076
573182
707512
815590
14824
620834
226491
367543
260243
350964
943881
328156
112119
546671
798291
209186
564593
990939
788074
53110
226804
941126
264200
779310
890131
354400
738483
859767
466554
635968
300913
675540
321578
993203
710424
910750
304338
559805
859784
648438
204532
155882
172458
799727
191584
277871
349399
24664
89705
357070
859272
437183
897288
389912
909228
30867
144669
771904
564993
5806
63029
811090
195291
453199
33502
358922
18420
259735
147081
249259
119371
41428
833610
607868
817921
89600
442834
755119
675033
863930
51072
755743
419483
695742
630767
917739
922212
212018
303197
372857
353150
690488
624836
745821
349700
322254
780598
888356
798518
795391
961421
505171
942176
554172
277275
791602
865005
473825
980131
919133
722742
746738
364521
280846
64268
546068
966142
600827
286420
711055
139633
380230
260654
772335
16493
322721
323802
728927
510340
724732
552992
205840
588741
576445
151686
456310
492008
616812
250709
910933
501735
358896
943834
635016
845857
945166
88946
310027
796616
937313
726253
722208
652348
273048
438197
455530
112912
587948
706415
771276
799796
548394
490794
365317
885834
372212
63668
151725
671677
303227
799267
559220
77862
869147
927781
645283
503134
652044
965241
561487
677821
628617
237921
472598
359495
24030
41481
662949
94956
146243
927982
469089
995971
112444
97663
588274
523412
932578
645151
245898
738443
582318
617020
420636
654008
177374
469955
108676
896233
162178
54217
183391
630876
846482
446466
684366
310225
617078
727303
555340
96569
915566
178040
291266
113063
260820
34922
557680
709177
71625
681605
388862
801082
628685
86713
574232
728265
928436
233696
595142
470492
830745
191164
148572
499621
142359
196340
494583
307079
206628
384280
576681
293284
968084
546058
767385
294507
742672
984405
231642
219666
404345
96068
185112
307695
381308
302953
836143
713760
216904
445019
75210
637398
285406
905919
98682
750799
598533
448907
99387
330022
213986
767650
84811
540034
778676
671573
301185
474798
445440
400922
171012
963803
469062
585365
854815
974998
302462
988000
613523
945979
751007
188202
793139
284079
905473
39807
271191
747838
667321
627578
232386
442951
340864
85615
915747
674314
646084
861996
17569
498907
668290
20547
309818
779062
22278
924209
212996
981542
230010
841387
908518
758462
751960
902552
344134
878103
247062
889363
824947
801773
234887
976152
777138
584001
980750
79646
993517
546140
76670
765896
42933
707370
87236
81810
221826
998173
603101
72924
323377
389331
106879
994394
629865
882196
153899
559645
127493
284043
375686
565274
937364
604975
1398
123329
798952
619745
303802
847790
385104
42836
291981
860916
231482
867266
36296
853932
591485
481284
837329
552533
430499
676729
271001
579811
454620
984921
930967
683420
124331
159926
292365
896434
786647
814083
110866
437435
399950
708997
518118
668401
325562
659208
50553
414459
272627
154122
724606
894262
412873
323811
313306
192349
928047
473338
633455
201122
987146
167829
770177
966209
143093
575267
568645
246333
776113
434704
74804
418265
440538
359470
640598
779923
686529
771931
129854
151647
76899
473813
146123
280441
575042
856897
650255
968277
298956
573323
496061
499697
788330
934094
201762
457896
266419
897376
292503
407294
289606
535459
901973
605793
766314
77561
188604
387902
535582
726458
623069
977026
319056
995461
81703
198619
720375
17171
852520
673845
984644
860751
487806
137038
526
862042
175167
386534
482114
36448
68818
984291
648222
159991
439943
487832
663900
408827
560661
645959
97046
668558
869549
221567
393198
311992
616745
603046
255274
158009
945838
914913
727851
985305
33576
475026
624871
694777
791946
304739
228427
718950
828642
831144
241224
475141
871050
301773
826920
772048
362649
565782
983865
720225
817153
211220
375881
503186
421532
22587
89785
35071
345324
231252
533677
893572
727164
197354
847519
776604
568231
624728
757988
944737
566947
924146
752982
664620
648619
960243
846642
879388
755066
447444
638957
331479
240526
224710
951184
760278
431920
350371
814675
317710
556881
221874
317734
864238
489844
547028
48304
958769
28332
273388
808848
692448
418371
311900
599736
821163
7031
487502
638383
421558
996595
214009
55055
442153
260957
260802
550351
330624
432915
282358
323524
417469
162094
977774
775972
671548
433965
29504
801281
972745
254621
862070
50705
460290
69878
792179
154859
529512
583533
200126
539719
849353
843248
623505
311963
240021
61726
461569
799907
967631
942199
128095
807295
60304
657359
995505
341284
394308
203763
278624
750392
962485
411876
933174
650836
770273
503730
587872
149362
18540
939994
705710
704988
629234
772849
820075
486573
270922
450053
730319
863632
628155
731539
707171
364987
610072
490185
882482
368560
904589
791240
958652
426985
85600
120539
122727
765484
203555
113477
588842
855133
201368
615773
273758
602905
323617
265543
251922
556291
267847
115550
638488
542089
269428
881676
635796
275211
397820
226157
922490
285651
509587
200812
827504
232693
96900
488986
435630
961445
872519
617172
624317
570714
76035
149625
378989
360680
343594
713377
867050
286388
342171
701472
171548
744659
299180
889402
657664
796792
208117
876951
758425
789311
475478
893044
53154
448791
10139
313879
292054
525756
179630
416621
929835
389710
335797
507448
916577
995227
37488
134198
336683
307904
245564
235697
796171
918900
688006
641896
656754
529077
900464
626604
372048
288166
229923
464417
290628
57718
804899
747040
339538
262419
875969
655116
432451
333089
892121
333302
47808
952051
507765
176064
428557
534893
231014
482951
491202
379706
883572
161139
748999
70536
421410
180584
69015
999878
859530
990362
690906
992639
897937
834162
513698
520357
451542
727850
988082
140997
489718
499631
717736
795535
97080
215239
250784
135255
105688
893330
393639
677779
840575
785906
560685
166831
650038
275582
728976
18973
971630
56972
917575
35818
697649
839507
938539
516756
623452
183085
155266
750410
311940
835822
377233
591963
566775
207973
972043
434405
718260
34165
82173
209246
37432
197930
157655
863431
260716
354789
309686
327890
60662
54597
987533
81531
101016
27832
649318
973838
145496
270167
486962
572848
976348
875317
271766
41863
990961
242259
861100
915032
481631
576136
826221
264508
746858
696086
532735
236634
376356
15748
554541
912752
35032
531865
161007
36927
126576
470302
234843
756722
759130
803521
695447
122722
969040
721144
764144
673358
988782
164101
799704
538978
918370
732140
956682
856345
504029
987015
957169
286091
786988
93774
304611
521857
483070
390203
366373
393326
594782
486435
19766
200604
373033
156117
161472
867686
62198
207078
155889
655210
905051
714792
759416
479139
318872
242088
373587
149062
884207
799599
14091
530096
70430
399380
2133
8198
711570
321971
852997
206553
162683
649637
130406
455934
427725
512895
612206
363938
349059
596919
502887
391620
416227
556057
304464
859571
997883
53168
605818
115100
169675
27977
37199
630183
852921
620184
59910
683806
628016
600557
87928
341324
61508
694508
299388
586399
676153
766090
817502
873792
866514
787192
869196
133740
120032
602575
842798
100210
345228
566692
136747
635655
991123
123531
720948
838755
872265
188120
227399
58014
335139
655714
83162
586538
584619
11469
261665
722816
344884
957716
302312
517214
895101
342837
696270
461268
405458
188234
891457
29821
178926
680921
941154
367471
997816
141292
114951
135882
330303
939881
88931
724970
554537
985055
542521
327353
296751
406440
867419
670495
750745
77330
413414
637879
385431
947299
125344
922928
893350
492462
690755
473677
37496
41542
36332
922968
513093
697132
782819
997024
975745
783004
104513
670750
773404
192343
18507
90433
93448
822945
280544
477246
305427
533581
331300
456377
463369
282384
917997
123423
467310
822465
577809
8025
565224
540173
800608
89762
26273
622540
804207
11077
513251
396806
44927
93341
712590
471885
431171
54018
720120
714549
107560
741627
179760
49746
446746
663208
610689
253612
777085
731656
895794
421941
570438
663347
931693
271754
139681
933275
643544
628322
793475
722766
536069
49551
465372
226361
30306
66148
844921
867856
704189
283748
526144
613781
689553
140508
326908
410404
763678
46012
254601
737689
868083
73052
749779
164162
787697
963517
774888
333016
255650
843207
210987
897882
132060
592160
811933
182621
533232
875832
264820
717328
542770
354015
418797
123254
352279
147301
239095
508809
794364
570248
1198
788174
389380
36269
734105
532992
142382
937372
475953
323329
860739
410944
113640
681942
518254
6350
395223
295615
579555
710545
255192
225249
263106
172878
715716
124737
796795
311254
560082
733047
422663
987848
930252
585225
28426
576611
654633
264486
991054
600008
601287
248503
742405
731204
343826
274607
897701
826442
338303
326148
348086
138444
740349
757906
326220
189669
616228
120273
756491
510163
139656
763741
683030
925643
634945
723932
474597
31868
849320
844246
164560
54922
921399
739797
175781
623729
114631
241943
213462
520310
352426
582902
969321
52946
400504
956895
610372
90268
747473
652543
843173
198324
205915
428497
942175
226258
466661
696629
614911
442785
441698
859007
963841
311023
293051
371888
471549
928240
320645
590057
28226
14047
322895
740356
946514
21227
295682
423733
543786
281036
849552
148257
707025
908420
2001
670407
293207
16076
804864
593230
221622
253973
447463
610127
252621
212649
355823
311282
779581
915579
608170
586138
699026
480626
556859
714399
608183
84452
678490
10099
10717
242937
555123
636609
809484
651878
673142
877629
288047
673442
913777
967244
45107
569204
823231
303957
720232
96366
848280
966134
69544
7550
410905
712717
633738
869748
775727
280290
528879
3749
347168
197926
525715
733676
260877
285460
117762
746190
782981
326209
669984
415091
824737
135722
361783
111819
516322
224482
158548
254504
271575
228530
138174
52285
539837
26450
997612
193774
531734
424646
490993
622774
132937
931654
995709
981112
112472
570636
651409
880679
553316
425149
533022
769569
660075
383460
901919
192532
465820
492474
964967
71709
324006
932839
617084
635139
898528
451390
230723
388043
171071
910828
508295
903529
310794
164364
934888
313220
671500
653313
392379
644325
980541
727541
380513
356012
420658
859488
917972
649687
210430
782780
960474
200840
768827
328479
354064
22361
256366
296741
413675
803831
824908
979896
943409
970553
201946
468373
264095
98100
715530
379373
596907
649148
155488
785707
533800
43965
362769
97096
305526
56936
743800
158070
918928
357321
481993
267712
50332
832346
658448
781443
891181
368470
582648
972835
131337
18423
832466
80339
228981
654527
376648
623553
160661
517296
198714
536542
845232
611200
189413
721156
248342
760729
571124
66232
874585
893926
122793
944137
47027
232180
341812
473830
746456
443654
862165
120018
877842
472073
318175
252613
509236
903235
135956
501079
405019
777098
326697
875150
203160
577741
932708
856632
357683
353788
817670
620697
180995
66012
555342
677162
203365
276821
725509
37197
629460
321000
283520
311872
560567
2439
457231
340315
465709
110570
910579
612057
186810
983069
671806
181490
406389
748086
21691
561212
856312
624366
924709
827191
457996
62809
907632
395530
131285
214990
607381
555402
582830
644490
443734
465746
350687
318946
937891
707998
221372
394059
23121
711221
296374
314873
438377
162930
173106
609710
127535
344479
638043
903059
882988
517344
366841
459261
668205
200245
899386
445873
236658
874436
495771
9481
848167
335814
444563
301500
169224
279684
919201
190735
576132
55820
839402
306101
808421
622001
884776
730741
611854
721707
853299
48292
87819
260811
319910
408112
634656
294020
588273
356860
138256
205220
807618
900107
162947
419228
413985
936068
317470
7129
53404
60310
274517
540352
748057
852552
806221
592898
166270
506296
901839
618213
124558
231219
218712
758839
257018
421164
281535
304865
402499
612021
92116
400677
189116
686108
450543
651577
157253
597138
200053
32937
154423
7879
10121
514840
553232
495350
391982
5436
897818
699631
51082
440505
589367
79674
426014
600126
311690
334729
992473
33330
451235
918252
579082
339467
369195
989333
544340
171806
254447
167202
889314
895039
526663
442505
883602
892488
349357
197301
267623
942104
206844
868137
762466
326841
401823
790080
99056
370229
863393
319583
997775
344006
246751
129049
725543
791661
626400
87457
724856
799980
997573
721822
768356
229749
769148
492277
810675
717041
528188
603103
186796
758341
301081
335548
506390
268619
9408
465115
937978
816121
870019
911396
635987
421735
526274
661013
893472
515007
511878
373768
416573
516744
950925
200432
855184
176850
477349
513782
347986
695801
501931
39978
828051
388231
584431
311152
112674
462158
350092
602144
702866
205855
785471
559471
162927
665557
250765
494747
717947
414634
274789
472954
795013
334468
651564
101204
405616
864716
823837
501221
654409
719308
567012
511726
686334
836643
15868
246618
406526
783353
904532
192937
737703
316536
882695
975314
356454
97663
704880
926631
417769
255568
691645
220700
219103
641649
749212
707398
156876
107065
832053
492632
693150
514754
961283
623347
5536
935810
701773
164145
314524
359232
633355
386084
583053
771184
974721
986946
304824
707816
391280
341148
822687
421999
852139
764595
502460
359819
374976
603213
945188
975482
55901
209051
132036
166315
137019
885292
780486
982099
72237
10937
406675
198568
577619
625242
787653
329205
159229
746178
304905
953632
727543
245692
556809
727630
103280
43548
554866
604193
155177
217194
740205
866008
189770
885403
834831
556122
851103
164916
8193
978128
189424
371502
370927
35531
368916
298648
414064
981601
605965
531273
180982
128675
348027
511158
84312
262489
423386
771127
638200
535064
357949
757428
95846
800165
296378
232195
382656
750859
382772
357428
668542
250229
920596
56426
811031
412058
909772
551241
502216
896254
180232
46116
804939
945700
482125
816839
416547
373992
4025
425947
362925
744871
870866
169812
413459
220068
786505
192340
910075
3269
934659
41931
943420
545364
894615
256123
611935
542277
887419
612451
458835
208023
605735
166532
135785
374745
847418
483693
888783
57604
284611
887067
148632
168447
408074
930214
667178
667289
471696
592233
347704
727590
694541
406606
759802
289605
950417
371121
942605
396344
763689
394128
585427
818154
715172
76494
987084
752013
173925
299208
519422
339037
222273
661781
95810
117367
591376
389482
168394
690042
350468
409462
389634
956214
809624
762507
893539
530821
995787
835277
784411
781342
247198
178768
396712
228389
956543
494028
597746
34902
100680
846713
616177
14176
169294
573599
254437
458989
224435
894419
866719
882943
492716
957924
492030
815685
443199
616616
381322
647983
97558
413602
110439
409059
316261
156570
767507
143673
936062
806921
414467
508543
47168
186552
955675
728457
431291
375392
958495
9599
584563
227672
462163
931630
24773
210029
920143
320986
305239
418261
911485
776186
7405
834697
47783
957817
583687
192742
34305
154668
181121
357239
390926
143351
761932
110211
696898
355906
832937
308634
237145
946587
224105
859823
352083
696246
492196
409709
86906
84726
340207
574887
335555
642599
741260
687937
959737
283317
599803
675932
185644
716118
142446
761743
73524
790095
24987
881949
411420
817507
143360
727721
481848
820648
545914
51282
758373
126891
987466
496913
941723
238341
398148
96167
10717
810297
843616
964229
251631
582384
5536
833182
153054
635716
279041
836980
282328
234360
585906
569964
792686
973830
949822
853879
256215
883527
921303
22167
994726
178943
321961
469918
124875
296655
669754
721083
975810
580749
397684
622466
185738
75400
352417
482260
654912
335142
376144
210335
617871
736802
918132
993237
120631
911447
893781
60555
790559
962524
463333
682848
787830
959857
608217
907290
122572
851907
808570
179491
991955
102514
62182
144289
913221
170185
479481
248532
630750
563775
161346
197458
998461
277110
244658
696505
364347
162231
634451
676268
455501
71694
675998
851581
371569
190689
348954
162702
891302
67523
789495
487312
16411
621205
705884
177701
396725
436862
228690
540337
606198
481032
16669
765863
722662
290257
761679
386548
172146
913857
928135
918670
762643
805040
566790
952032
324148
212700
778078
332337
783041
320633
839295
407204
507217
269640
987148
228272
168414
214833
991255
839092
691778
418190
912035
246280
14916
448597
17210
221836
948769
631995
328852
883370
34974
908928
459603
514049
742317
771163
256133
527729
642695
668606
162033
742831
505253
622612
731460
629653
836124
860521
965672
998327
268027
409478
590899
940729
195276
588062
158914
315234
190749
140524
504257
367556
430131
815287
12403
558270
449041
523846
36670
947559
209310
983243
257770
647183
274768
99266
170714
432182
700358
944995
444442
442821
268650
691954
903493
376486
735994
82933
242957
508854
965539
950537
272553
931548
207778
184129
361138
471472
691452
70929
842239
570251
127392
368165
546689
751591
84750
628216
522806
354728
567981
116544
544603
889583
644575
682772
968213
780782
771571
529275
968961
283581
366709
102561
220826
113041
729829
447726
344316
264616
161489
570867
928328
415434
288063
785586
892458
730895
709231
14849
739487
758404
815432
634114
750951
936284
350164
477971
24356
826412
419199
860756
523316
692506
946112
961464
588984
887417
151289
770202
681699
726442
560213
229439
596028
690869
693602
356835
345593
478616
757888
19269
761596
553232
805275
409047
276183
748897
904682
461613
102122
705398
587806
66712
687362
494986
832816
731170
694522
79456
933596
12090
473069
390358
310485
15927
277199
859846
63
286485
729969
587115
531778
562496
350703
707269
891082
956684
705820
885151
991785
490133
961838
195885
82302
222908
734390
103956
136053
130341
128785
694377
384480
507567
440848
844342
400924
765729
947211
266908
891436
795826
157078
691282
228485
996761
497958
891928
23332
613462
968206
561795
883012
694854
813088
751549
382402
156183
608780
635408
823367
729067
752793
981841
990733
541363
999443
656200
860881
950428
134685
69289
88018
692324
852970
805494
371634
721246
58649
657868
367177
76269
151699
332310
18130
10393
807876
204749
450853
128470
950027
538670
548192
495757
864989
14615
20294
745453
607586
163999
624580
865265
786906
785044
879675
469241
494793
513014
953745
984929
393540
44521
920453
664809
667003
179548
601942
52707
801173
55613
928330
855143
88555
883508
627395
387042
820585
944035
209254
303778
566890
712063
298252
523335
553151
884655
746599
914357
759689
369796
884806
441259
552123
571668
377519
706672
49498
398636
794518
289601
168964
832937
712379
226601
727544
758472
104929
221138
332207
405209
368849
474942
708412
288472
976449
59160
965323
800847
167850
115304
130728
410705
153323
648889
901402
493619
713399
610161
261145
563981
201675
225395
44589
21778
616541
48807
529402
826019
609182
678304
871973
809114
970309
856326
758891
403534
88855
725867
803954
460737
706600
839982
345323
185121
153657
311195
516926
103027
88518
321825
61071
616934
378506
145706
709308
526241
50408
509418
41555
685638
64859
642145
425280
928851
291916
740965
533376
506129
804811
950862
62107
882112
40902
322661
543122
736627
471839
295557
196159
511890
887491
705909
331887
980934
68179
263675
550961
837070
645573
794678
699017
800343
738327
768781
896991
155917
702637
830155
737105
885887
725088
438632
828468
223105
309773
121809
730780
263787
72187
503583
480297
145394
435140
597879
906913
156655
452945
985433
655752
837867
513225
41861
652855
658635
850907
624179
246199
550541
378167
875296
481829
374880
518386
6354
778679
51946
578228
332282
884420
768584
348145
557828
96551
780934
11660
678449
499869
31044
268380
196192
354687
96452
806894
971936
358144
678385
514333
92885
842414
575717
298854
91417
297156
545653
861974
880681
663044
931407
757688
335430
150417
629497
957302
936986
898094
662268
94014
221206
677143
86035
977426
803381
699780
805608
122746
88208
100940
699153
74611
814179
582792
294713
918771
143864
450690
933167
59159
552814
612445
554055
597678
124388
519093
908956
549428
768881
89562
347507
650599
310464
72971
83780
148812
899230
390024
506582
532740
555022
335564
676564
464556
144287
710232
638095
909851
820330
488608
101776
342190
447537
514476
129073
611469
910710
110388
192312
528903
397412
563044
376958
204178
799167
71879
743492
997216
778946
739439
563546
626625
617319
194156
653838
759782
58006
749211
79943
593434
80478
698911
945676
526176
508637
568804
436819
634505
803905
962039
931715
6131
59368
689100
803788
923848
95327
392173
684834
330253
129561
582162
159650
772359
79835
756558
14530
425940
156176
48751
684943
149673
502191
177000
826087
894518
4079
44218
937017
183105
565422
621444
9511
757357
539068
558203
723192
345499
503286
575306
216362
211519
600910
903295
204392
545710
723403
680995
110321
970266
285004
936073
908520
622951
64194
666905
68792
45861
722864
243611
828218
424255
884666
618998
614153
880160
799554
313504
535862
918070
456241
378755
295387
80273
932002
435741
873120
380521
296774
26459
588974
960877
515346
606624
212347
158708
489316
200719
14864
936220
852215
168795
750536
429126
99028
657150
713116
38744
144844
248762
740714
114598
706737
562413
537983
152584
781917
757930
334101
538454
581298
589580
282173
746502
608310
630965
215401
897282
372929
707507
853330
988983
865169
965309
945705
786647
23964
287933
71438
762303
380928
119692
861688
444216
238837
675316
947217
675772
162462
424621
578160
661426
4738
236752
243149
385197
826001
288261
379788
380050
594924
251712
584614
15406
342562
840613
366611
747897
682114
202862
492926
263577
284096
10912
145030
198464
177045
258551
713222
783134
340978
626565
132892
295828
100352
425864
585320
949394
521743
569199
762737
17445
336105
19578
63011
979048
780338
2911
154341
407230
405572
71024
294491
825119
558891
904411
341314
273897
252550
483235
756116
509124
316813
206775
653455
566674
417786
230957
566066
398144
431975
871316
383411
225536
268616
171719
219811
827259
662994
307048
90862
441377
715445
337559
474101
78002
391813
947962
935288
275332
112457
808181
785350
573877
897924
163872
37783
7741
895495
951784
792997
392407
703334
663425
194125
815874
766184
53183
455445
960471
178470
769746
60327
188656
598258
58159
699873
117321
795368
97849
252377
292642
496092
418067
384597
640585
498561
117298
88495
486685
698100
373473
685166
584284
155816
344193
45934
979786
249509
849395
584579
44048
699541
553603
997973
875188
718034
958586
830789
606799
735446
55630
200461
928282
213451
309816
294049
504254
130229
907478
585148
406112
529010
266397
576511
584029
831336
920679
235447
292035
468203
474442
80588
884829
225063
433703
660156
918492
309248
583312
438260
494966
122317
710951
418788
653067
337136
638660
382222
118241
951032
928098
606504
832037
147127
645249
543245
416879
6114
328774
181784
766697
594225
944474
15918
632845
954284
315863
282767
469818
55747
871876
37043
346600
975976
968301
398048
444635
977836
27428
240465
947385
442822
458251
102091
896196
159246
289030
856186
598358
847674
201226
151456
221413
356322
376035
314132
558489
603108
758883
224856
378490
768283
160814
715806
529391
749890
191228
641694
273746
725740
165724
936898
963540
119208
83812
489797
113046
41527
249461
107
942686
289988
511596
288319
265456
563237
660148
143982
849907
445847
202123
779694
657710
909990
936657
955721
753483
658831
91372
60355
863050
177730
634246
622098
193909
669084
590599
880648
950451
410844
109117
871828
328050
700552
517423
600126
568932
623827
17239
466107
617129
606874
896216
442316
20324
421705
730756
368185
466811
237903
30747
393009
745091
936085
988657
488787
908979
278051
43154
323708
709681
964791
188795
178274
740760
974345
512546
556063
996756
796424
584515
532902
828728
261113
177568
296996
420995
636010
352710
612057
790207
118450
529605
26604
278704
768179
261867
46627
681768
356896
680033
764706
495566
243836
105136
907820
874736
547333
571133
599336
138541
444943
353244
891338
840257
874000
963816
310711
789961
684199
592155
706337
354431
797006
950927
815399
265453
720697
884320
376258
270858
134354
994490
463305
739215
248381
314545
961206
80719
830799
782871
329848
184305
980058
307079
263096
781663
155432
498703
948303
426700
301761
800455
856977
1208
41476
113941
316579
703430
331113
505111
251643
372416
856137
976693
498218
67462
936409
123759
669478
471970
137035
495612
579411
901794
403332
532712
536865
910892
45481
224072
16236
512653
460084
616900
484666
959522
167493
512979
465366
572027
546303
729066
795082
192399
818548
542840
981523
174673
979369
589840
515132
417431
852788
239015
16448
617136
861479
219146
787405
46087
917521
921023
961631
71856
390174
135248
529555
709699
107727
122082
841608
176834
409367
220759
590493
814186
707263
969181
173562
374822
341563
299057
750031
372584
270344
941160
531426
387754
846413
87441
783831
426664
504428
676943
209253
554144
271253
169786
277895
484407
300170
756193
143944
705273
231563
532209
1070
470473
794015
158036
818607
939966
837470
102217
127706
246191
227537
544348
111261
103667
665818
523908
404972
897895
600102
74619
822564
258668
96379
425267
999008
971378
649390
570220
199267
493471
341688
57703
593234
823073
300625
744863
970243
310761
30331
978155
670389
837343
233448
410274
856439
998626
219055
963813
556248
802219
546832
695947
126746
251678
799771
135140
953057
121632
12277
23762
239196
645537
856369
343168
584086
422122
247969
356994
657049
628812
63186
584377
71406
217506
803987
866742
505946
580482
34359
544169
920156
643661
582159
86332
524822
737657
32899
26194
415155
597359
993379
969345
399671
358583
974932
952850
671689
908633
298079
615318
94866
927716
918437
553279
733014
973752
709410
322966
417393
40098
398326
740840
943066
619913
698026
603011
90792
594172
492568
53814
799204
73297
673499
573507
406499
859377
97147
770736
420978
434668
479643
559680
805918
166091
451641
102378
646960
520287
411923
602926
515827
71511
909023
348094
671571
475926
945700
928002
169724
490622
147299
249330
279303
156965
498815
698427
455292
894710
246609
612542
722348
36447
106527
844041
100326
282698
843053
493907
501661
807561
744955
884812
457791
168691
494312
312333
863060
694943
146233
540475
437191
367416
300814
728355
902379
497434
675793
198506
191875
49392
8731
814374
496171
70919
824059
70542
676203
185698
632096
389967
813872
338947
677534
977571
255904
931126
94108
989634
223977
987638
235875
394770
256181
261088
800991
56266
919205
417004
847126
390278
476024
43785
656958
853567
325119
444994
419650
49662
371089
638537
674444
874223
211324
934110
754141
292232
415744
287478
14166
302935
274148
865763
63312
755800
236901
736012
318012
278768
368812
885960
633461
571689
67168
484092
284546
913873
855576
250037
583099
809526
380733
383356
493869
999165
373625
827692
923381
212573
538737
733501
289727
439686
667266
536823
699792
304776
482090
685611
78188
867405
278727
550824
857690
543085
898679
913544
677310
649559
657581
822703
658221
834171
287548
421460
652208
266255
105055
537604
266399
226098
133992
425131
575023
629435
668813
270968
579682
848777
437387
855718
142274
307412
372227
626542
425445
341545
637978
758619
544873
119812
456332
206263
230176
418039
799145
970062
520313
483221
101943
534178
330451
988700
308052
494116
679567
790455
737516
128459
317053
580993
745451
515127
551557
799877
722692
996231
578998
813735
799548
817539
638722
946969
966394
912315
36746
302185
188245
86761
501403
119889
21095
104651
822020
351030
270993
847805
566173
507225
126452
196961
789246
987320
828193
599764
378382
198661
286388
557972
338119
217386
19077
523532
48458
916409
666552
729761
551510
612376
892236
328857
872242
34692
538148
735570
119029
961105
153695
523391
844840
411136
543418
603428
2880
140145
603591
989270
140628
124920
687310
579869
83340
831089
2852
765680
609650
84732
417432
742066
112944
127562
126906
1473
682956
697232
767269
531842
419221
477732
499982
715816
728501
151087
104760
202867
342132
500385
138183
935406
91915
391075
941973
603453
41364
345883
748519
766849
493774
211651
261338
245719
340449
191523
839091
116980
702876
481054
599589
464349
296596
879094
1965
422455
756407
606371
748384
246297
147945
865836
46842
678726
672145
42472
728224
292723
739847
58411
786364
724944
431683
663036
861144
177326
813786
927925
682303
907763
922212
772193
267687
856929
641286
945104
501405
89013
465965
455240
125172
746251
393879
276512
331761
153713
253575
579791
86079
907946
854363
161690
149475
332020
733819
260169
289905
996434
10118
348728
322091
101664
65780
949535
648957
711405
620519
448209
856015
122739
194929
110837
222433
733489
109191
445087
379953
158491
902123
242287
482100
204513
881560
617621
924034
390402
505030
280000
884262
96982
23654
163867
294263
286397
443375
185120
662820
613084
47051
598996
326066
650967
919721
299733
349494
339534
913654
959806
516774
918118
189517
432087
979043
800425
960378
288159
905008
581541
2659
198509
242331
793298
390626
989727
862146
90254
753555
380015
606694
168191
136808
866251
429543
457885
923569
383810
184176
943641
340129
809240
537529
738749
668769
481283
861088
975362
302769
747643
863278
171200
335498
511852
86636
432716
31908
442494
638695
131795
717089
447515
394281
861771
438581
282896
182694
935075
122810
428754
995589
606077
526378
6179
819444
794596
905767
814498
341265
852239
3656
674649
878703
83595
603072
549144
841693
268323
694157
301097
729681
521492
169153
713994
201775
945703
211352
990269
903681
56849
194929
212460
69552
257691
658597
878976
642559
711883
939617
50224
45280
274466
430021
754782
637002
561849
347671
595613
19837
219678
736256
878936
295767
314941
79543
167112
822175
34087
65007
283498
32833
288669
952765
274543
471638
264122
520798
318355
12738
977555
469303
323629
225163
31791
358779
597543
678648
745315
599172
661738
292592
576838
523087
51826
475800
149911
261909
784502
839087
988800
873779
387806
864699
170025
60081
502371
591335
647648
802938
351944
390229
145783
296438
182019
33237
412222
35500
468587
931180
265810
518055
898396
870682
493370
331680
447607
866208
49238
978948
585586
887286
79227
390908
6558
24096
338715
282768
644095
426035
961937
727019
863026
107737
354083
601302
536822
686650
236496
586639
775776
310407
562069
246935
248014
650861
74190
257103
863002
289760
966863
858527
60162
595555
823351
180214
24777
291835
924534
879732
261606
220683
314637
115160
673883
220633
359023
859818
612436
805840
855919
375260
118839
272504
730841
338293
48118
794770
15824
321579
201747
479941
337965
471890
368794
448242
725074
551700
356408
610222
842724
846878
299520
19611
643742
864125
737367
127484
216160
790271
586825
743455
595154
473987
143404
641696
286659
594852
536552
591200
719150
567345
663774
719997
187952
610866
578369
971925
677578
560307
350946
484616
209813
499459
610924
913176
850968
666792
542972
710729
184301
574192
857277
463676
854875
212833
228235
183707
763306
440846
429027
625826
193363
360220
49564
521574
81864
768719
959751
82991
89943
474260
68914
159604
226547
586235
13686
16636
176975
427131
604980
823959
219647
567260
780518
998764
39743
123633
797266
510873
408572
990864
371730
253789
267172
200024
12619
726581
434701
633910
253083
452207
116378
645887
847814
552248
610657
737967
190129
75533
125562
542875
179470
121833
782539
145539
689186
635293
52720
854647
322570
945166
352435
674445
214582
392922
954965
364679
695643
162324
111028
871648
410328
809629
662078
966104
14803
284152
186306
8615
898281
244924
496115
510298
267031
668217
602444
527594
175771
590870
141108
891330
916247
888014
169298
663467
896359
131882
948504
935575
546854
342069
224154
855453
644435
860435
853708
426947
611161
676730
247538
174408
259989
463852
12998
981177
847737
729072
730723
236433
424844
301188
458651
106071
531765
713491
451367
140110
860681
115801
46425
11057
144893
539596
347259
388348
983542
380161
351446
876884
53641
224571
152615
170591
913668
31257
240164
480528
993423
939226
583522
715538
385989
26537
522401
699911
840475
81308
334149
594413
940421
65713
419787
832638
559149
885327
163763
481484
839090
897726
819113
886321
497927
390709
616436
702427
409679
292259
769158
359316
824812
552879
722947
941672
47240
952562
110362
491189
255036
601970
517485
701090
534175
325088
193
824074
153195
205922
871496
575803
748031
814587
732636
961020
939786
317038
675019
814585
784872
917512
456700
175383
393406
683923
228702
957479
473018
334356
799889
936959
728762
998005
730872
666313
288028
268667
351322
100519
347459
442010
40357
802729
469597
426809
433562
233682
404515
127490
490859
54920
183454
83574
739766
495677
129789
540502
473242
41867
274988
474198
527397
243621
328459
712147
812918
764007
234288
974411
737104
445535
467660
510718
110432
70255
231521
726295
231728
793121
283390
606282
97374
299103
822919
849436
224850
473709
449224
243810
463756
962757
816550
115603
512198
60903
740721
634454
164941
266516
443702
842238
990088
875891
408472
649258
935634
599054
708970
410979
802278
716039
742772
748197
332085
752768
847926
941721
217238
760847
752876
857161
500548
469915
963081
601138
422879
752054
264191
294028
107628
303449
681587
578064
338834
396275
943616
744018
239058
815254
759716
618930
277989
630651
952326
531703
68830
55615
963439
23553
283144
618791
624287
316730
336114
805386
184547
727421
184808
456214
226456
185648
640906
153789
175383
905522
299425
998174
463990
119508
533769
414437
401518
176697
17166
363877
949953
720382
750861
153122
814948
886760
123970
352595
771359
628473
982573
190102
871493
383381
673524
500393
706739
456523
883063
135777
766022
270376
892161
102497
703179
881950
400102
607644
489491
122966
377783
15136
748993
869392
75384
491104
683816
206267
767006
384739
310163
326692
392765
955505
555162
911648
666428
538131
48796
418389
901945
749626
601293
979771
623376
442379
795726
423941
935118
491586
816119
414401
495811
399843
614252
129892
292673
194507
810714
842055
60069
666639
257840
913413
737453
981784
994962
368547
817482
520650
706424
771094
812469
820447
280779
470992
175660
201920
985384
642911
677605
526155
40998
103214
955008
279208
774573
703421
441001
226444
933380
616037
593411
200701
953054
848658
559070
114530
256474
688355
932474
403300
696123
635237
577295
680143
413781
838512
399795
81312
947954
274657
486848
798543
143873
228700
263551
279219
473611
995570
635035
185548
802241
838874
314566
5806
636075
26398
185158
572524
868857
490351
170503
823404
992402
950086
304064
136905
984405
266300
289390
994338
605493
304453
700190
118521
14922
751807
716151
796878
451795
860316
191885
475128
881419
992956
647165
73421
966411
818488
291802
359180
360906
924945
352639
688776
51682
109900
682365
523553
956874
474250
191967
863783
297265
615715
593472
895029
36918
404934
131354
575021
746033
855247
275151
210247
297053
743221
869022
124670
130752
456035
542887
299518
823074
793564
618848
489147
111219
880598
388599
784228
219446
97963
822174
38630
116685
110276
536812
200419
911992
601288
163445
642454
880197
154075
827366
803623
956842
660926
209152
276912
799855
674777
797995
418407
339259
584607
87467
649619
304199
730686
101447
568218
761691
859847
83297
518876
651969
126926
263376
405401
711863
203943
308288
620001
365161
3500
215663
365030
873287
776089
131538
333149
924012
391460
657296
126146
390361
29960
265556
286442
327799
933824
430010
256914
968509
745058
571055
953111
484783
297492
384634
837338
244402
367056
508368
672744
264534
103191
671760
483624
345619
51841
433819
931763
760193
852647
437422
416912
998874
600322
747036
750429
76391
656926
44430
358319
579800
653519
481424
546010
139852
827285
913624
714587
966376
333749
144358
190730
693449
34638
763384
318895
74032
56267
713488
900588
632457
580286
843436
226098
844432
840596
793769
494524
647769
16327
307466
641966
940197
412700
793857
887471
290147
172769
428057
78779
765348
486458
138640
679408
897945
951041
526353
139586
594511
865236
145231
921461
756399
145532
615139
494216
254760
466061
366054
617393
287578
907627
659284
132580
558759
487682
683951
880648
207413
109321
895747
565135
34077
150044
707844
397315
983428
359632
220615
227714
305365
392357
546840
960765
148378
976124
578375
669349
481484
95079
105169
667488
890300
427455
844815
429285
619262
493279
881882
164120
425221
262752
650089
558093
39246
990531
406477
804715
677905
248214
847285
882178
969099
569657
415948
40596
498483
389817
124189
838885
107468
947837
679117
212002
137536
155742
523088
130728
54026
947888
780265
839232
246858
326256
128198
588641
509299
769867
973655
273573
840415
1206
722865
574649
912383
691851
842359
797447
788061
480836
989210
4385
546530
714663
778507
442124
13124
572440
519353
950673
865728
657532
667989
911969
498324
931831
394690
759880
455238
878
495592
617735
550503
756972
455486
108329
75337
965681
405568
952527
140965
972166
195260
861906
383472
719395
8198
32217
974191
418365
137319
981817
530863
634554
489667
983238
160072
253975
431347
270291
906390
64807
713622
888611
715878
871122
361413
953579
212483
79236
141071
323225
241366
536966
924960
236198
295743
362561
186883
606717
927822
892714
999799
323174
259395
812746
484032
983455
500542
857689
774098
592241
798337
47596
208335
789423
178334
879966
885170
565624
959003
763787
692129
221479
561285
232426
269945
555252
137007
190213
943596
964796
431646
276239
554613
923536
334295
566831
492497
815872
359145
203805
294481
922538
427201
16599
653802
975296
714427
437988
70991
287969
166952
14745
81405
570388
908222
170938
498147
26080
158819
859373
354642
754935
131668
438652
277886
20171
956481
406079
297263
567355
772374
993773
686326
602210
280197
976351
803017
293802
573083
448814
175414
242689
751442
884434
61775
564744
726151
88869
702333
279003
606491
922305
323375
197833
199763
484963
662426
929518
51757
214313
601952
235356
734365
636835
751926
138754
196622
255341
31339
532592
63119
436720
824541
923771
996746
993259
436857
171512
374014
625138
879571
298839
2444
863144
864936
763424
517519
854545
508167
7793
417958
86319
551168
340681
268464
859751
993808
654743
13091
99286
54907
555827
491711
837739
211623
796030
343975
26841
273764
178473
618176
56687
160005
38178
425351
387602
225720
977228
487162
88697
710432
509960
531409
645671
915560
506738
589808
219359
179427
983969
488382
790518
125594
672783
192690
617066
590142
347472
731171
466088
454180
422957
212931
207054
664945
229892
712965
434467
321154
436981
490140
584248
626346
29738
345846
283464
134404
894975
897481
343493
408899
946427
623480
439949
875560
986440
228074
163714
489050
8449
483133
622204
457574
523275
552219
299331
442389
9344
819901
73454
446522
368526
815713
196273
572799
351270
530873
203724
982232
622706
267246
670054
213222
268191
545216
545153
648185
489901
705105
508246
201152
894646
334629
7321
936339
257527
968734
977129
882322
237961
715318
839237
84266
444358
137533
575948
568304
866185
444825
706950
925457
480760
371473
270013
939179
766590
88366
732057
974679
381547
397105
975756
316164
452305
227844
699380
146831
986451
117027
553181
832578
579554
302439
190579
789583
317517
25996
445934
430983
484698
186902
60520
568154
923209
911884
872262
316126
549541
511316
887498
624960
673085
285517
880306
187916
658371
51189
825735
148358
111201
390577
272176
328778
802417
549928
273220
896951
969384
776102
646950
749948
541141
968824
2900
852940
892437
965066
410244
579629
201253
350500
895442
827936
896878
884659
829570
9770
824440
14571
848484
248790
903989
92687
465391
133866
210593
736230
526143
229244
909386
870553
336686
599606
613574
106532
233677
303431
338235
694241
218713
148914
994577
782675
301502
938774
429029
903945
440665
362964
170251
189147
619815
518978
848754
239805
901477
551397
601987
603770
745669
140854
27073
589070
544836
727928
142294
51505
147544
100000
782477
505117
680349
810644
935210
781492
10382
665790
277242
748965
499383
309180
598507
623575
790095
661462
829576
707130
551344
892621
405104
898264
149017
25653
659026
907430
229978
742013
132545
995432
815397
27229
84608
729001
372779
359697
505816
112439
390479
956484
415689
45661
129251
154777
757223
711259
56673
743345
223704
323133
380494
691132
314178
125023
767211
577809
657243
985074
778562
264809
183093
340046
941702
646203
158659
327963
139484
928606
901897
286804
935274
128915
812359
362633
566681
634633
610289
578228
631925
725741
205924
935638
79665
940914
207064
671419
463759
667383
758033
325607
884978
140901
399511
425755
34067
74715
293759
897328
24073
663996
940426
237873
179125
740994
643124
877276
642611
408607
49932
249151
351000
401597
32855
404631
121069
641581
269157
25130
870565
191002
460698
389422
705689
264640
15575
153769
512275
242464
674321
220141
92365
782107
975421
266610
408270
534398
694583
277473
12051
623659
855238
771815
841597
229440
803633
768448
578500
609695
929301
109465
836461
804631
82924
576768
722883
420612
188692
193774
468538
96707
540274
633589
426736
624369
573773
881078
343279
948201
370923
426222
771634
136183
372892
125020
259938
883598
409615
980591
781419
149390
494752
278945
758496
893168
184842
635376
850689
844202
618323
500828
656154
62956
835361
863613
824726
586016
830027
690914
973800
374301
650062
169901
742136
992321
422108
40135
646347
482523
359785
343089
315860
154733
490359
322611
114194
236915
182744
282171
579467
131467
243168
848844
852614
664910
379293
421437
641317
133496
951173
672149
465057
2641
511994
818305
41277
825623
57976
540142
420732
414172
201484
281933
7631
804002
762741
564152
950298
785068
88531
575317
25345
908443
269364
650981
131920
627956
759132
322290
567986
217751
601195
507610
759738
465969
813651
401299
381768
906482
823453
908369
593299
300429
987109
846157
878478
339292
643949
136936
818928
799210
576484
929224
233253
200679
373114
295667
735338
344135
901473
717945
269064
224228
181031
606823
96661
510533
356041
91277
333080
509063
283234
500540
880912
439409
982432
49974
263961
504281
816519
678031
142471
971078
122992
675941
536821
458552
944676
678155
761175
514966
662160
340012
196782
109171
151818
982141
464292
330290
26148
381486
962141
372586
256989
53280
119684
425213
742529
554059
978256
563542
720569
768686
482109
784620
412727
870354
441750
423237
694541
821907
686927
174166
622846
103432
198671
409418
884461
701249
317629
255004
871521
31302
810489
886896
675256
747327
390052
791402
773779
226682
477802
636041
616997
29428
422345
336262
727645
796259
870389
62751
603261
598888
440064
129590
929522
286112
485937
938860
345228
342672
720055
397059
315555
234627
857183
518864
366203
405121
282629
641396
30908
643574
522765
939122
79507
413564
216068
65708
798853
294625
941839
750954
305261
471654
80727
762935
778593
355328
551318
888954
936561
403255
630130
753605
662031
848703
404000
62961
642215
149748
779060
309457
383122
140830
540757
85917
598944
795223
989924
881457
299643
452005
833512
837785
402762
877353
813738
688491
459962
552050
416758
412187
758694
355653
598726
507725
728998
759310
701605
761763
313755
114080
656932
979685
679182
607585
376090
49328
584399
674169
448286
962739
250704
124895
718772
512194
766610
216346
833168
512531
427972
426507
355136
797595
103915
169238
938042
265866
358573
910253
781182
947637
760664
612349
722886
769125
8641
194480
395948
529622
24525
351330
432245
442688
198454
989581
630115
419050
888349
842954
580053
893526
327191
337555
660267
865175
948174
152678
492218
105847
614291
539379
712244
585713
184865
456902
215559
78115
139356
316622
869857
766485
700698
118358
680866
517892
455200
887645
474995
342887
292960
776882
244144
666831
363283
376088
839272
457198
764816
939651
968361
647519
300488
559629
122291
902184
740968
389249
116794
930626
213555
288175
717019
272804
305082
463828
244799
937006
568214
213943
928007
819744
296741
817998
457432
227751
658436
537665
466492
923315
652182
385092
461405
558030
61270
193680
291289
415854
658014
195269
506059
203681
403074
920460
90914
470083
563527
862216
417346
66307
581847
140225
869244
694318
437498
304896
239311
996731
123554
101364
153659
581421
446769
595624
198491
491021
590795
933686
352564
66751
670791
604351
449925
454514
997706
772233
258098
418934
770756
797637
441090
389655
679013
673695
447280
977099
763374
160938
459332
645845
917212
450712
766685
847938
11860
526534
849199
53591
590865
475937
175051
151964
766950
477711
392914
327217
650005
694755
351177
738798
969159
298806
948447
743798
381770
716621
354408
754394
375305
308647
541051
192035
868609
308131
250822
432903
490731
466311
46867
884532
572582
145751
791866
863110
873847
452130
666740
792199
747083
239410
448464
772282
133123
776430
830445
685001
747255
555215
343238
941566
129682
872306
487834
696538
792230
613838
739506
570219
925898
299255
822474
448516
594383
297035
585465
150282
500991
382872
304966
519344
249426
576822
226141
68407
171628
969383
988544
97323
700588
300402
756398
626124
829882
441196
597863
30728
225788
327320
904470
615354
848970
336565
435289
940295
296405
269616
591765
586721
760787
868224
967092
491815
976841
625478
695545
807429
666350
615328
899700
801388
11201
68409
380935
311431
581478
492516
391468
607795
943743
182847
53792
197769
160738
748401
777852
821011
247009
286579
204541
713433
275426
176873
187769
246546
362039
809903
487321
694823
128437
574011
511500
96915
810845
458392
935357
565116
849497
259862
4441
524919
170866
206609
879738
435659
299643
190274
520490
692235
611805
795544
824328
827216
770768
278710
241587
18333
972502
538561
111418
471889
251971
997996
690387
220865
899085
449526
387005
300096
832898
600719
62294
808659
212184
842415
415583
630817
291425
42320
552312
742578
994774
879693
540734
10738
511153
536075
982364
539054
506437
920556
60263
565622
521401
405654
772639
6795
889937
892223
104123
280789
911494
52685
861754
709332
592076
83223
981621
5280
362602
976557
489006
531333
607723
939507
678964
64122
159591
337572
963061
562507
854677
912366
57623
295328
906041
2006
183039
884988
173329
704991
896370
279253
579270
14521
164576
630288
443116
711318
502476
64399
483677
475960
183304
171902
411705
896404
153140
968310
35899
694822
519051
536726
531992
899401
571831
815910
561935
839011
77922
549733
144504
885750
915795
203102
603171
620560
822387
942486
177178
249224
901312
92530
216290
370943
690320
464100
95310
584941
59433
430907
57643
995246
212469
674768
520361
691254
264658
465278
828649
594920
251403
242910
592995
189961
488536
527245
43064
929613
660071
293400
296335
713717
22783
144872
70806
894513
367821
380746
972988
391432
569781
523010
368783
83763
529178
468799
530887
663703
596139
817641
220107
854634
814243
49327
721546
585607
985262
815246
837680
246574
948911
377608
793764
909096
35289
599271
651367
301561
349616
115345
499049
71803
100816
289515
187956
797942
805344
821214
925784
985991
276088
755166
452447
888185
483355
942122
76830
25445
999871
193012
561278
316345
625820
728878
620084
519248
540841
763081
213313
46341
775226
241744
961831
54645
215189
390487
149828
524987
791063
237737
51529
895937
657985
677409
463473
489877
370173
638374
884766
238530
751549
517159
661093
748374
120707
409126
646849
750423
261036
730593
840735
768662
372152
123119
615907
113989
815863
941962
202100
200014
907081
790284
699995
963887
807288
667623
89874
833274
780967
920068
795228
288959
556982
790384
203407
735033
57606
599681
666948
621116
915188
65113
523255
158335
387984
469961
279132
729998
607032
720109
958929
876755
576942
138747
833459
692750
630930
146595
359255
780134
23343
727508
602471
402020
70629
694745
880940
207018
816213
129054
867368
709150
790102
252565
72749
361291
90174
385371
636060
122930
328212
2694
323803
624494
316285
725320
698774
798955
905435
859918
919981
709792
551507
930738
932794
381912
597360
739011
174262
119172
46179
211633
929193
663466
945792
707129
123794
325020
861607
411523
131422
184548
993037
594095
391667
631768
876263
295564
237127
256534
768313
444336
382459
205994
100118
466327
697550
622303
821136
269403
164999
332501
6199
126598
497533
488388
867937
878808
74893
640540
175244
177889
944555
340524
282462
357794
203806
975798
151603
430084
893363
987050
2133
544929
338374
145991
997829
752278
216083
108568
685574
53288
627635
664924
111935
498701
714033
397931
427176
368650
498415
93801
98001
102836
33683
862965
730523
302996
605823
552430
443179
665635
627325
522174
737246
104861
260516
576870
927680
867498
690280
736273
361128
281720
922506
776281
335217
759459
759550
753488
717166
928340
118898
333263
956720
638394
361477
479763
472113
876020
501684
863028
256608
115229
955419
597505
938835
692013
196233
593632
951509
951634
310650
490486
112921
770275
795849
279146
489972
584263
456506
14462
20414
509002
454573
63880
926975
58324
882381
655189
82234
801003
567459
187817
477457
493491
464459
398034
984602
414467
268161
524855
485470
122101
77997
639586
454907
791068
368583
530376
20907
844146
583579
792295
905505
241711
473630
266105
687908
591056
259618
375723
589012
26160
920291
449021
880960
151139
808138
583163
810593
477221
265225
339160
130570
687501
847124
347857
344838
295896
716040
548760
150829
599587
427104
837191
487434
654806
609417
188771
548245
267200
948236
11610
116942
839743
879008
357236
409115
137592
271687
666377
654377
162032
842620
689662
964654
636448
211741
510929
791755
689883
338323
659921
758505
934719
509531
946346
881400
323435
634587
853780
347752
815612
689311
207953
867437
628751
871970
206147
933289
46237
8067
245042
344742
93242
310680
481716
970098
547997
720317
358996
879194
330620
228205
458640
320116
721939
577198
702542
689456
777156
108712
467634
20718
247426
908705
484633
447876
474514
999089
212333
909622
462402
336446
648586
711938
106249
315765
522899
540063
713293
689234
907312
345958
351398
145717
756780
969389
90238
396975
766723
816189
600739
30279
936516
487483
483388
233298
197503
502637
393347
984018
641126
488919
151813
600438
603973
906362
886965
816834
231531
284331
751894
21364
855402
384310
105187
263849
740858
934728
856419
669106
35461
130594
581675
223462
875265
782385
18599
936912
993974
137153
375549
244308
599207
298467
23000
36923
906408
851188
201099
840960
904431
640302
621606
364826
983277
48362
623798
57124
481082
20634
385334
906339
608642
274318
196762
661315
424218
412308
387862
876131
142677
556010
328227
491325
525049
851813
187666
107112
363227
200776
714973
616223
202974
524027
836747
976511
994135
24518
926900
108907
388091
287085
398680
286487
547486
942668
695189
588395
309439
709113
886471
744230
812255
514270
987839
706570
776851
640037
139465
641756
112871
135443
654770
395774
672053
566043
895878
958457
638319
244618
485523
201752
284357
67245
714010
873985
423583
394125
58920
658114
941578
148954
265460
443956
621554
341870
440062
63915
571442
709270
660304
235008
641470
763919
35812
695344
55921
605386
492517
601124
219140
649506
702193
764436
441136
887016
823056
298528
237019
720639
59334
147173
742913
442731
176013
282742
347235
96083
563952
824826
793574
990493
513598
765702
726949
250531
380203
954316
823722
286606
196664
11082
178578
999809
388971
366273
762938
119529
162260
550853
370421
412457
755479
238075
33140
600469
991447
869897
488968
408355
247793
943578
653319
486563
227255
132156
617958
226062
895471
874422
156729
191505
241078
122345
793711
449340
722211
534826
440891
942892
499204
786841
94094
522653
930980
658622
295272
651854
160657
632498
834492
740995
961882
191611
900572
402977
396940
536357
662094
366012
724040
686263
584634
681635
118366
85758
606452
625480
217218
836163
706083
802679
561384
725146
595221
698689
406398
400275
29478
210679
644521
537077
292355
104941
731933
519331
920504
862727
127482
350454
243248
209314
132440
198863
368564
540012
47845
191310
484913
962730
668317
294203
621140
917778
779484
741950
695108
276905
363436
791991
971105
687836
136697
83827
965434
946006
125649
831849
15876
980439
511492
422522
823997
853094
35892
7177
361573
996816
671760
68848
881514
447669
567929
947151
804377
339714
769063
936354
704252
381863
65253
594539
165425
394127
942168
902178
874255
241855
563766
764389
26466
151842
165978
305672
428427
61063
407601
454124
61416
484458
936938
297324
688694
828897
787453
99
218769
295538
949831
601989
475651
438086
856580
113574
263310
155976
359400
674606
251067
862324
300935
200589
56611
979573
223763
705480
697345
128646
676469
274344
975297
163859
628325
547108
880474
5206
632695
337111
912736
378898
269113
370293
377335
421637
752380
206002
895256
56851
535698
952431
498548
913704
327784
44548
915920
986774
927338
256656
774576
958452
647719
761893
749088
979693
893793
792753
179232
457064
573756
466188
458221
640033
217524
766148
135937
747308
724293
43340
567577
732147
300832
440131
355646
357313
845796
449385
713598
610184
765003
912432
199131
407938
115895
718916
578590
54150
27933
252602
867839
988981
309344
465366
499059
863787
306742
29918
108239
871531
7951
970291
996907
287393
588006
688648
486385
278748
311577
214098
224204
737743
874823
182623
515137
470556
539661
896622
690675
520410
636233
192823
979109
175142
398617
345886
90200
795316
235961
795850
471489
310988
372658
900638
621905
703291
204285
127109
737267
185616
340133
823688
174691
24030
961988
362873
313824
776823
862693
74451
918540
421682
803408
243232
758920
202930
286870
204790
332389
422924
142516
880300
153076
536896
74404
271974
341050
134880
604949
954865
281204
319171
739337
118962
571970
721684
98449
616462
651873
44753
992097
603697
807126
76530
399192
350994
670059
924986
579999
906716
551835
500644
179331
517008
114042
808723
474338
711026
440648
525945
252751
426047
310913
113631
236550
860260
99506
665550
547612
492885
307338
744228
941390
684036
679879
412661
381132
99466
309640
723292
500900
454371
417730
61752
417489
831268
171704
291570
248298
423142
372912
29442
662108
400950
50613
106536
741108
491253
592268
167954
316347
441475
979395
715606
9679
376891
721949
875591
629898
746149
318996
734252
994834
437508
825749
897541
469594
456027
400592
443475
666317
378109
883067
488632
955731
641883
621054
631989
606657
550024
495460
264704
379524
237646
958442
993343
633545
262669
617333
243606
177992
331947
641047
583067
237516
562244
297961
371933
307893
86453
569991
300622
145504
395288
726092
202163
578884
430156
981233
867921
419323
140275
456564
65977
130957
365861
949281
859179
900365
183911
289558
396564
640951
579957
945165
960545
877219
140515
297444
135627
260539
953771
131120
616233
377396
881246
673815
707133
721668
521045
18375
802720
445483
428037
25528
745920
937180
871305
507606
265312
389501
308828
570560
664818
62934
744873
590451
970463
658896
229524
580939
700535
27498
462820
182328
46917
384301
961484
987131
851958
218034
561411
479697
93832
690180
457885
828614
77818
173300
129595
116644
391594
67513
53444
848296
972787
256349
300282
144144
871363
791750
245721
40383
591302
898147
812547
99396
377164
578559
876703
419466
227057
738071
759846
38336
325829
738847
690166
841944
696343
418715
895074
994979
233030
436611
921341
527106
263289
295123
859640
609726
264663
626928
567480
201335
405856
82551
851303
820319
579300
703861
122539
787611
704709
149278
209120
981456
198605
893435
802323
908139
287426
454256
8741
451963
577549
451580
730596
753421
960697
504642
673704
89672
175582
78078
504890
540078
551126
732552
689894
810583
377432
718186
113505
760620
942035
612467
7074
835370
898642
343756
675117
735924
505532
610587
787813
623353
881329
890873
729320
587460
507241
374009
849248
663620
465168
256328
953379
404823
297785
502964
580835
572121
655819
318413
643025
276506
803245
984181
99023
240360
292876
877153
585299
880554
430019
817496
176947
473164
518711
970980
146450
99648
329159
681719
759296
536899
830047
482177
79827
298113
415203
323304
891688
461550
961350
236017
174165
452078
631496
864452
838543
58932
930102
784317
259301
156532
165247
866434
91978
466803
285376
28569
7851
667619
273713
120305
69693
834055
449031
619885
735116
252755
867148
32847
497627
148183
911165
380389
788276
402631
280874
457906
655120
189908
9136
730561
99789
5227
226428
977782
437071
48136
983793
356979
883493
172798
693266
96922
411458
898262
437749
825886
170504
792542
192022
378325
859123
877422
322414
897725
121398
627779
883273
371469
895256
947822
46153
796625
927712
586093
315311
546366
28018
899083
279050
736274
233584
205475
680293
910370
159522
806730
651330
134566
366539
791489
304980
542860
834533
7302
314229
884458
426838
369025
246363
365499
811943
517940
692495
517909
813797
307620
424032
617762
374324
161856
331080
761822
147177
817521
469321
174980
768295
522898
430758
340788
460133
157248
472029
680905
300221
614372
908731
516347
433309
413897
761560
846398
31655
496543
823222
824930
406249
843891
633681
101358
416960
543644
348682
22016
882377
406788
649824
634455
463510
438559
581184
145920
9335
445539
515788
366718
109084
1671
612834
954449
561037
744782
292877
207883
590627
677873
372143
636579
726036
391059
459897
86558
697187
424321
828291
643583
952912
653639
678476
650400
290591
541784
842600
875297
863790
906618
596672
11758
915668
568798
906382
259697
148357
489154
900187
202044
832600
228493
300285
994332
589713
708912
370421
749129
427816
694824
581282
723046
99391
900564
459675
849243
593297
68720
148621
450110
729151
17428
78487
259654
579423
443963
471044
841131
685964
835977
11144
342730
18627
448281
61424
325246
764208
780628
940972
55904
505621
663664
595891
938062
278362
96008
251177
503050
461410
21941
154282
431963
499369
592162
857090
202394
136427
746772
704778
383713
618102
457843
598855
575325
949510
46491
565584
36090
20931
125072
153691
95833
805242
825968
538958
281174
192787
601560
821396
849440
516157
890358
19187
830616
469444
162427
544524
753018
829627
787465
179734
860944
91800
196039
163025
694810
109233
651995
637277
288256
536542
659316
286629
915818
694507
897788
286456
580981
851118
422386
450603
167149
151825
460698
544144
648338
791512
478080
466742
632067
438405
698019
162818
168993
731097
799845
766849
106459
15871
642552
867206
748124
606826
500903
877936
226335
860346
795935
224095
694112
888633
451214
147572
475273
535256
357414
196572
730680
32104
46414
331425
414707
387516
403024
341706
620751
165403
852641
953073
159430
614401
624632
616012
137443
919775
821142
469233
28508
550718
992632
509785
734639
11267
560127
386270
230838
894555
398070
32903
141384
499883
228262
581679
420968
60477
457369
457385
154674
535755
487982
83596
313167
797544
858144
493373
774871
996715
115193
791047
383694
634082
559204
577333
120035
748746
522936
63953
395384
191796
457466
734258
116923
27466
160680
940238
210949
888656
346756
90939
495051
944738
990542
440716
454542
466631
255861
115564
658042
447712
16837
235843
2532
900934
289864
593857
654064
686982
623388
978756
377824
934466
794436
528245
702338
552528
435890
857689
120902
77213
105523
147698
880038
632251
709609
317948
92279
150583
739923
86477
356036
474345
5059
59820
527132
864971
431568
943024
134574
826165
6135
892005
393048
738512
810605
749527
674665
511772
684388
718597
30309
933274
811662
329160
885275
735697
980222
536838
695599
885220
204378
893869
884109
621884
189794
713120
753825
932733
326776
711505
523197
872335
632595
823454
206402
338638
427893
153608
357648
144897
661541
140188
126512
636442
929491
85342
488463
782141
173575
71135
31455
509337
157207
285415
762537
597977
845615
316576
301649
604094
935719
377503
933745
754731
939634
799691
848407
811032
517379
973274
842552
926456
450204
608186
466900
472078
330505
319953
544226
254030
479182
957030
44960
265683
112449
541470
468712
209014
821012
415585
889708
625495
191176
388736
132693
381555
978847
886390
80452
49247
719340
811775
392748
57648
113132
850900
127273
414728
855198
909939
91394
389704
686985
125163
343317
940122
333434
717878
564697
230376
65731
752661
648126
90031
972665
368641
309139
955023
111540
771827
352468
624862
677646
225638
873631
866292
617420
708971
825079
122629
464727
858304
506099
84903
20729
75381
416195
641315
837423
466558
846866
63554
465158
602360
205036
907395
635165
679958
291880
658467
302046
431765
440744
780023
916784
252205
775196
467704
113572
971574
809076
573673
157807
269574
681490
283613
519445
346163
299932
218114
929497
94023
983334
882443
12879
995524
20495
87197
327619
183381
975171
551926
464224
220569
794275
519582
169440
421746
575897
85486
60533
892635
392247
922811
849175
345181
27435
413896
770528
492353
483100
11488
955264
421662
885967
848129
893791
474508
74776
65231
386065
575227
672369
152103
769229
547462
385352
895310
842833
677824
855763
204720
28899
835461
13642
91438
686398
53096
844669
464730
926560
380960
462446
902282
568737
353876
373725
892622
912202
929684
297147
536122
717489
603975
21195
352789
66342
590932
91651
692602
477626
844601
134099
961360
608778
452618
230735
115320
282670
209553
506144
860113
865476
843627
515950
976781
172967
953869
855691
371414
50698
512981
623021
36049
989244
510779
48657
422420
405288
572539
732872
854299
201472
546316
102812
939725
259843
571396
692097
587024
762589
250887
517939
960251
560923
389361
942264
370628
465051
979740
134965
736075
527952
103630
314589
994143
512838
579817
405416
575093
218805
430499
218349
923099
656839
458500
195927
54320
208747
899952
248968
26260
356898
302124
50731
501162
191339
697266
257961
353875
653502
31393
411923
951629
806574
794793
742423
840106
98430
576295
156505
262627
628141
779857
681587
857969
179274
973119
822591
677332
284607
661258
563495
29114
558862
875322
462576
859378
960409
717632
258655
637482
435134
278610
97381
123528
92558
426069
730507
494541
470377
845062
173156
909568
661533
949194
764470
72357
366481
419349
428472
412644
652595
672553
112889
108556
857406
184961
212987
125661
296577
745791
325841
17654
218199
115338
153639
538463
277255
789069
59892
987500
117885
54383
525345
137906
979665
664329
590464
354299
618204
350719
996153
178602
733485
924987
521825
110934
721368
136031
626793
763356
261912
92112
897578
212557
525059
15449
493503
49724
670379
675098
959101
401035
35368
908545
455889
298436
41713
104593
576946
620740
117610
700523
603142
737781
372728
117776
398582
592990
390143
860918
968047
47599
719441
482542
192189
124008
227630
216324
207616
778010
667568
901501
441440
652410
266859
491835
735511
122090
781891
170326
978160
639017
540790
815665
668406
113931
988714
798653
716889
969507
734115
518390
274694
715811
532133
624675
330758
294444
286562
19231
670710
653055
201552
756051
67808
483017
629601
432198
155311
959690
588294
262555
66987
867768
536598
64394
580157
663676
724239
383502
573256
618969
792270
235531
124666
262967
985598
599204
466067
647736
210706
750328
734350
706973
451269
827941
620471
710504
105168
192848
924852
216629
439129
565762
720477
34299
51622
307646
382143
119231
460049
491185
434284
550985
349003
816010
685045
802273
356799
225472
724802
123083
449568
791246
444001
513202
875867
246790
759982
623711
764771
196988
718273
9025
795612
558923
301356
16912
459624
881467
808991
801025
666728
407773
206860
751750
384239
591421
260884
557112
82550
558578
519791
236026
399314
725929
250585
462024
608367
959095
604132
309746
952320
433735
60533
890188
885289
408104
700745
516919
527474
532022
536665
120218
883808
430806
166272
856405
711022
731273
508393
475218
11949
610220
350080
603541
379349
833093
904089
700609
266551
371919
433326
320940
770470
719327
574856
593569
754329
818473
407807
686740
206730
744346
849663
789530
498060
647852
4882
273084
508627
706473
28640
507187
35248
587077
521341
377920
865438
423695
359156
505341
887992
318362
90719
462891
77065
836084
316546
256131
266551
342024
271444
398364
866659
238051
768825
388805
859211
161819
1011
659204
707396
447189
366990
913629
243612
435571
394447
198157
491555
644301
717980
714983
161289
839617
439627
536127
916816
65528
534251
576700
777812
602190
632419
450757
877573
735505
982004
858695
23031
539799
556642
800823
971111
577305
356495
865269
922694
707460
861178
166102
698809
26505
848660
592025
163192
140378
367661
67902
65651
100123
890043
293000
605807
930886
645027
941676
888327
976019
122085
555206
5451
360769
195975
576650
460655
842502
50761
286554
46196
670509
131240
483305
325253
592870
794275
303599
658843
499245
968219
544646
465033
83484
3799
739391
973366
948025
348022
2128
614311
237895
588977
852421
183595
535207
236644
794361
716031
505694
833961
836321
44680
259779
683129
991124
68043
898464
563544
498327
356730
720050
414652
687365
942741
301021
848695
458733
274114
88530
255490
901339
261766
238383
33810
638431
37603
934588
629624
861247
489224
82213
377853
7067
314987
490045
473759
767091
646557
463970
905030
968298
964420
769372
597102
576748
941364
182167
749994
218494
400960
959092
949270
993613
554158
526374
444520
783227
191531
708401
809672
157951
745115
942523
221296
962205
377033
510035
594560
541553
474203
60937
499662
445921
638052
649326
106738
986529
353642
889029
693162
943847
685059
558526
135783
142618
978644
310632
44358
216426
991046
142853
819396
18002
237136
10932
192926
496124
382035
600999
130881
185082
261331
136287
806421
652213
136829
943978
732924
621857
280907
295729
784348
930491
985991
993188
810516
924755
815522
788469
684262
283692
538135
713896
574543
5187
472190
81360
130998
667880
944504
258231
875167
695122
52686
405574
829507
262276
992168
774451
856683
561759
673840
976145
83587
540338
82547
319048
387021
829944
686134
606057
428425
450615
758717
156050
113093
521534
273094
596400
379059
657132
442012
161908
696328
440635
607309
375733
723889
206214
587466
774024
69902
671243
913651
431209
341088
275625
468757
628348
533202
362784
934284
871488
794352
58491
772317
294247
228989
182854
113815
980555
869333
891697
144507
790866
292049
671325
951988
93679
877651
93983
944246
827082
11011
834095
378390
907700
866154
344951
355347
108516
612024
990618
545520
367280
730318
891213
562548
702676
295897
446622
695463
28167
502298
943945
92319
214442
538432
826391
952784
442585
645159
443811
675156
819979
430533
789921
847480
863786
72971
407448
123927
822888
39611
82278
918161
25290
592112
509593
1656
372217
294217
116596
872255
940749
971897
350290
411302
349439
16066
846902
758418
791907
741247
735951
100820
389864
845994
97688
705323
255460
48151
581338
731585
707773
542352
644601
673158
77116
267511
81767
75268
810885
197886
105077
674828
730629
80318
795542
679752
317422
540645
445823
121077
986622
595940
693703
290488
645123
161182
484780
176709
280424
381588
750785
649613
558292
959985
159117
299466
126683
607217
150004
232223
350792
369326
115325
120434
89642
635786
41853
782476
428405
900241
184174
691857
509858
826504
514829
770705
158095
788259
318362
111376
329923
952794
172893
842065
864975
775829
649737
523477
310026
702304
249540
102911
766981
577002
997109
337692
695778
664210
300588
645420
78780
246089
22927
383857
112634
680461
875134
717463
777766
512503
48915
65815
459044
626468
588131
140979
879745
598000
797958
363885
86585
5691
260247
758503
304013
506297
568061
668877
646888
99154
785171
76873
121464
254116
411844
7609
813944
938544
561529
274456
743595
986545
971249
30198
829152
342250
493483
33515
203340
352463
307137
197240
52862
229097
949796
386125
398471
730685
216200
669350
47068
398498
184482
775064
65327
338087
85774
892700
267757
961236
882240
758057
384998
698111
611002
432635
401604
663887
952078
800267
867260
452500
847329
105048
463195
494891
257440
65189
703354
46067
279111
117073
658307
409968
709335
890152
158253
550604
765930
830790
97963
650789
351185
118298
525918
534510
277480
870690
299863
308730
177771
701835
256294
405905
338749
270152
855191
356861
376013
397229
237368
204847
166126
798858
70786
694113
387716
697125
756966
868886
477404
465269
283702
77014
88777
872180
861770
40470
483882
649079
896970
698294
649769
332224
281715
32851
652849
687392
434797
304802
674371
615327
993513
554636
789079
540198
539887
699386
713594
499747
552950
897478
330766
135487
15022
213224
991210
877967
542971
788577
709503
512128
831445
697261
592731
420584
866353
14976
489134
53197
522243
570002
186817
614458
146333
586935
880875
835565
768091
452989
168266
863309
152653
323271
12983
417599
245396
643110
264153
445543
74547
526404
295232
419344
716819
135874
205504
574825
146178
381092
665551
915472
531878
442502
270241
122027
468469
635571
830118
512185
609653
630810
529251
328347
776645
66675
173479
880021
138541
566689
433248
840417
808503
429046
958086
103443
976468
724140
169475
725061
275485
595776
395118
478445
527930
98839
484780
723140
754808
54068
233894
54483
476198
945462
73100
956996
72188
158170
77120
438789
805793
146049
452495
65086
855743
916639
262931
46801
14475
990524
126739
29027
578300
419281
727890
582707
668
181757
876195
907581
674995
495921
515689
618873
134979
389433
576729
857845
823418
133464
828993
121740
867976
257531
633153
962021
630868
678254
955087
968563
193575
629147
565630
441299
927480
343121
454654
564684
55892
94083
406615
213544
821557
969758
926604
622474
672074
227750
3097
225382
796828
61775
675845
88441
851852
92545
158911
612732
587964
856037
655627
54384
581016
816811
494987
90823
209679
120690
679041
244170
466167
669601
463453
113788
768678
719389
944162
579427
488367
122907
869528
461554
244196
640638
39318
261432
241261
890635
18166
716978
712808
990996
42586
657808
177356
89699
991041
274512
977840
935359
937957
768977
753052
807877
724609
171727
48836
504044
836492
11339
288984
434601
126824
389433
55021
99395
134216
758205
198497
345159
34433
831887
76492
634254
675647
268675
581160
128847
537810
941961
204384
82500
343748
494574
134116
623577
521984
887722
84065
532991
335609
785402
332572
814759
705208
605741
809164
137407
688474
833398
712136
61331
185444
729236
266279
643363
680039
915676
220567
245981
598909
531797
330220
313091
982391
618680
225956
318557
684154
788816
710393
935196
604754
208869
104827
841756
660922
94491
418670
339032
876390
468022
402426
652016
144454
551906
472730
440914
841467
989301
976004
805646
827568
603315
962805
624665
83264
888112
387430
831090
444149
489041
489731
874019
516706
813016
240072
626386
457384
958661
260728
992346
469290
217074
334639
199667
732784
213376
954878
188940
917097
838148
558986
358047
929921
983130
197701
527748
876585
749960
973810
47558
184077
168539
493386
334840
105415
388084
315108
340783
103190
326786
228032
105414
4374
609744
834366
940443
209838
759064
928335
143421
50527
326367
211142
82927
80754
888165
933848
193702
299210
142094
748628
220157
737448
855596
474312
842532
843060
892365
323064
818498
553969
817182
912066
876698
67525
82731
390075
275059
754077
602214
471886
160330
456246
456442
610247
33613
808654
588129
953450
961020
726856
442482
177160
6721
442728
547026
876946
644071
557703
30672
717804
884069
725757
490664
40907
596371
763656
25631
562396
71038
980428
929334
858368
269213
1445
648418
197604
612921
639524
800208
45392
960902
375779
195286
382951
668578
676917
780277
547724
510225
853126
589387
482056
836533
814574
175618
592512
392956
592911
228618
407470
376477
929076
262971
342654
50884
925086
826563
758046
26348
535248
491208
774414
420597
992575
645266
828270
876086
240559
589296
861160
855272
628216
272915
117498
922277
31525
17589
913365
289861
468041
118076
201465
778976
106945
92105
721698
545909
674982
841068
734151
953074
924112
158680
903973
950985
82477
723915
903053
656189
409746
311218
1542
102855
621908
243278
250138
3815
374389
978104
772404
989895
155220
885134
265353
536341
326154
576482
992430
174656
872333
570545
252367
598887
751681
801989
383380
152242
117243
886535
925914
539837
268230
291133
81662
812522
537993
45618
847560
569141
291798
138503
493687
900134
921244
777915
935087
153123
845345
19865
519485
673800
228697
912870
782657
970091
379127
158871
5538
792970
436623
188381
402765
665028
150087
197734
460246
130766
798965
142003
476258
602035
100378
30093
177639
793921
519411
514207
557041
842236
626980
955263
943225
842923
275300
272127
979660
679371
290765
659859
639911
296455
309886
402412
267721
880845
883631
229769
946076
591225
213368
91573
10174
709972
562297
184705
468023
741909
177136
648346
256846
742105
289209
277996
338713
211606
964649
5050
360888
442879
118927
418816
381405
934693
936721
251809
687172
337342
106578
515979
321505
154533
750933
364167
522453
313110
616721
228553
900373
329362
633004
9088
380347
684280
472498
413145
996463
500706
420267
901380
400087
874825
172528
433021
38858
936438
172953
234170
128462
171972
616773
148355
192574
452071
958486
494978
792533
506518
454664
923872
871767
893533
699404
657411
583334
222822
746456
696816
811730
598172
104328
933028
836225
284548
468906
868778
59419
205125
800236
377604
853620
670263
341954
385184
350600
170381
933018
907474
443417
482513
391918
132911
435002
287024
32580
759057
537235
281915
816886
196482
942051
908766
885772
503061
553522
777051
429187
775045
414263
571410
954785
977378
694435
688662
760993
327560
235412
220372
182326
982975
301440
934753
391397
608239
566087
807879
81281
673114
249892
358405
267451
712062
388810
843106
353208
66292
190958
166137
791089
685875
539724
888543
972533
460178
245003
963250
895509
345351
54067
503064
976680
535320
920908
863258
760244
489349
168985
942616
528815
86685
558436
138970
494300
298442
765861
532192
237268
575788
988288
19305
838063
802013
223649
226658
349989
880458
477524
865519
693907
957176
446419
407245
640691
294689
551975
908165
975164
285071
459921
705070
554356
233545
691192
577118
630835
946607
656077
200879
655095
255608
263408
276903
532546
231827
506481
407808
578312
699984
950177
114093
397485
678010
767195
189964
238426
986020
200145
565554
72178
780800
805017
432247
904289
640643
258291
430514
142876
968685
678121
34971
557208
183645
140822
495839
385985
223346
48564
258920
763410
53579
350956
839607
124112
149376
498491
524939
192496
936502
266414
172387
432027
97198
359885
64820
554746
996696
115736
832057
375690
244058
570687
368158
70836
760572
41174
438436
371156
719054
797340
812064
716221
557591
745618
627814
398689
77635
101401
551410
280277
969584
651348
487361
644768
147907
844482
218802
834872
32287
654932
222636
869470
623741
160152
515152
470028
775957
666348
55826
774059
655533
731346
56385
299097
820818
204798
886852
931989
782166
816558
506907
302101
225423
651767
790102
5127
630880
840104
215069
910182
612554
264373
806166
923942
300480
215957
598365
723567
991623
443174
7641
814613
185081
732487
297225
1731
329364
820433
872021
698266
203080
254095
694664
530133
253303
633934
184314
74741
158862
598466
299512
941081
945143
921592
304395
643359
184226
130748
763034
956761
13921
767151
125925
257735
193571
978329
348244
644612
582852
677340
642248
288811
542659
613839
323095
200173
48654
170253
736366
456188
585003
493918
110287
634127
806334
117025
387843
350456
855313
777940
502517
534541
878434
514589
482167
509685
309279
902810
185315
792748
674551
833041
63226
524314
270817
306501
253208
706914
728588
837024
974446
516478
757240
215728
450899
484380
879610
771311
382896
994343
702532
372563
54644
174645
225011
442865
660196
511027
186382
193420
934010
428087
586749
104712
457844
4469
305748
899188
650009
125940
955139
721827
625283
973824
283162
863069
45348
241488
932059
691159
295261
534544
674347
152647
727996
317652
863362
316573
119159
72721
865872
563553
273939
928696
731928
543310
152909
845720
181257
761726
742452
92502
652703
170872
201685
959204
549827
277914
564227
790651
449
59837
566478
575043
307384
489517
288407
6045
80665
518508
473000
614809
302683
654102
149687
369277
207133
950675
759217
523375
993776
61543
186652
653966
966858
595400
932588
629599
536530
891484
234708
647522
603665
812575
995098
604402
910217
224124
663712
632994
773323
433620
84285
963650
468537
332426
672322
302754
793928
870366
891723
144408
790486
586126
532349
888153
613945
935361
517161
952815
809797
996224
117172
4424
630289
585210
199876
307875
512955
109360
201240
758405
866912
254982
399025
300173
246872
813573
226566
549027
28427
60211
593408
711827
626429
131094
908005
890758
896725
414119
605452
756847
548526
998170
907459
215716
975956
497722
650242
400404
108953
5656
870508
945148
115057
165680
431348
952638
906895
336035
242442
174802
12956
613946
540107
31431
452617
129556
415525
630603
979161
191580
676529
267799
114991
62528
994204
49776
709085
617731
448251
363818
647171
900796
852477
90107
41602
140144
463635
536342
658883
147133
138721
922575
148916
455464
481727
349822
855315
620973
121036
576300
24308
426323
477747
497379
727981
436830
628113
964567
893901
447833
126318
187167
304260
287541
27390
348026
629176
678287
342995
435769
604877
728398
580600
135349
458658
759857
138712
697980
646860
355783
343063
385336
106448
482584
862965
564561
972136
467691
927528
642296
170579
327127
594245
556738
883667
872183
503740
247329
252108
760186
73071
735494
673525
672981
221389
350090
182843
376735
997173
332543
805082
582540
793808
479992
30841
649093
716823
658907
427171
714281
913141
88406
996402
608460
835342
190378
990889
740921
567
487136
203451
854323
696320
146064
945177
252570
325979
64900
750138
313289
231725
918246
70440
740629
565326
199802
528851
64739
947550
916055
20813
528959
698199
530931
852984
489013
556688
984504
851618
825269
281588
977687
605022
350107
512483
336827
700708
335399
127357
951939
215521
883239
286035
878773
563227
947080
237650
818482
79251
27111
295087
609716
205568
687368
779719
628322
192731
981810
769573
549137
710521
672984
910307
917366
166899
274800
517430
783340
96903
302860
902565
2418
858823
531303
272918
217673
307653
481940
322534
957160
21481
187860
115622
629854
663537
418529
762245
856287
317587
7636
383420
451687
35173
711630
166265
587906
681248
741923
312799
415043
347133
953928
777367
241299
330159
405432
579349
576274
678412
99475
921300
713583
606817
103981
608278
300259
398435
97
909449
896662
424869
235955
773707
267235
227667
934597
644497
323957
814142
190574
260655
308905
607599
415175
59748
579868
55522
351613
545064
499435
64330
541826
194970
749317
709465
368369
341375
332392
881257
496945
654367
803489
843718
788276
194916
858146
502117
499271
824064
350815
740745
338584
509490
462538
207560
729043
804363
91305
659861
71432
687961
611372
853491
746506
510386
869583
277556
351897
649192
368310
154028
740688
573770
102716
972224
234980
25573
726943
194571
64690
52736
200281
547924
370211
334868
672096
615274
962249
853179
424981
626972
577101
211636
750843
382270
526837
428808
577635
458637
487823
623335
18218
190486
975802
184923
968728
793749
643473
19568
842653
95726
999047
604720
13809
420368
680707
309735
368565
39352
668218
432099
187195
624137
59480
955145
68536
702488
654279
319838
418142
73547
102301
36013
893656
297786
252295
52845
206205
88793
667199
775046
178081
690389
347640
16539
853606
967235
424054
517691
102497
662241
642595
932364
131929
486629
743379
997753
856452
545599
745713
118396
689908
438007
926130
684458
385221
293582
257182
915495
260250
853310
784681
488517
351518
852539
537084
262788
470401
177750
627978
168158
85847
881219
835438
937132
601709
624341
754073
383539
274735
549581
817065
746421
640223
154778
709961
287631
712230
505805
402561
387201
145546
857476
634367
430930
962892
149336
208238
131604
331350
35969
184509
876832
176951
66377
861886
653680
474516
797076
652965
110420
496255
640189
244585
860306
884115
782362
363243
109083
807298
32705
500494
17686
663990
727705
8599
113387
644737
561043
848331
383469
121622
649285
379340
16523
204781
245186
585818
954544
89869
679348
128937
878901
48910
872322
155575
882038
719477
739520
594818
585259
121343
724253
226592
317814
199064
268883
95277
348334
770910
364445
751164
150518
70390
111140
53389
341350
706822
287784
997442
453777
68615
991686
378499
475789
192726
479563
391678
964644
959568
712687
170367
42562
466005
165683
491245
535548
698453
921409
777718
984118
464294
886817
28148
76755
120097
315104
786850
17643
280652
286833
53711
769623
455823
451596
267308
364637
605349
332985
245782
489742
193622
506161
80654
647822
936422
16684
501071
787377
779506
409673
482540
844123
244084
56836
782106
363546
965176
141144
636674
999562
110364
722937
882873
131507
159399
630040
510548
374419
290800
914749
39149
845616
193702
79005
400261
197489
970085
33590
21938
422443
205387
299797
572164
540871
266266
198081
377722
269389
550386
635279
260260
26569
184782
486382
8920
329242
739139
192598
846329
260137
869226
139636
12387
986641
557535
575116
528597
719787
993380
394302
516050
188698
769094
907249
21085
176131
250908
550416
883507
171840
621131
403444
585765
100516
576961
278704
536996
630420
855288
798737
185500
489875
258417
45136
150334
9295
348851
935541
371541
982392
611401
415223
477764
734589
590013
203972
672661
976329
27470
929355
761949
521142
634813
327692
919682
572693
210239
608888
351896
620308
933004
812932
72822
649757
682741
749793
670156
794245
912099
24535
664265
990885
659958
305923
865747
486495
423611
139218
746285
841693
668715
674816
476992
925030
507631
90775
147079
628792
106147
867833
667589
878624
120399
888623
194434
498200
949850
941275
454262
587572
596791
967444
689800
996372
422649
81991
574279
257308
885048
623373
149568
761307
943749
723983
980638
737979
356169
222089
516420
463994
699161
724087
355887
972053
884298
121535
3261
749684
708402
953444
60513
404020
593775
895955
578282
172159
93401
3902
848072
636997
241263
781580
698543
441002
497937
529439
514885
707133
380193
274674
385528
194949
355870
23587
396719
157537
338582
574831
232401
105978
276386
414386
858493
418631
27805
233742
867785
113721
615287
656402
612413
970050
611698
847184
717852
838263
3122
701082
663227
332828
279667
612840
948545
56462
35003
157014
421245
937967
435612
355843
89209
581497
328753
987430
989174
931038
380793
752188
91809
800067
200223
757463
78032
635969
9267
736045
200394
577393
648244
832003
422693
7453
780026
820414
310664
934946
182323
644537
945526
585848
272928
723125
690404
57293
433949
81513
272724
6572
892418
847345
351175
469182
411451
753920
651661
933152
601659
301292
521469
363808
79133
90217
292794
904828
463917
313609
741024
369721
516974
970669
216636
991500
692402
477634
836836
325474
759501
203129
461247
972348
142026
351927
62574
202893
261213
231322
111797
999550
33948
973042
666239
482451
171477
56340
64707
462477
607678
43682
464413
577607
651993
605225
514849
476061
574957
666817
111684
128825
413280
351161
503940
140450
351746
48249
72761
217119
533191
51465
392519
632418
15573
605942
309045
359269
335891
271713
638796
337699
918761
275
928259
209290
227842
821502
51189
436585
152648
525383
581811
708526
990459
201778
87020
864098
788110
877616
456321
645423
807817
554093
808687
972985
571141
150550
458630
301213
951
365325
405026
560684
918619
505450
647663
948933
507404
337175
754357
372813
261493
648514
525762
97299
635569
465385
142694
497815
783421
327901
332021
768544
730893
83178
156235
904410
456966
352952
242009
909151
750663
918754
583988
684638
470892
17269
900211
318306
90002
913254
638285
901823
607289
737923
917649
854343
970159
352776
257703
452273
441916
98931
474027
783318
762108
169255
102671
958202
923535
81945
460029
429405
914951
187397
55182
626057
103906
379454
833138
165912
784422
348941
131618
621014
101034
806714
712271
736505
610265
872326
455225
706121
363712
159062
84168
578922
584484
453003
217109
310935
174086
741465
510166
127215
314945
841355
527073
411281
745777
692774
290881
426678
468747
685818
788329
45274
344071
419127
469573
33279
650619
719365
871615
305561
943534
159423
454341
144784
618371
399541
122673
168402
509936
979371
626468
13086
246536
284068
251324
785481
970294
673392
461924
897674
796296
351802
801620
35478
631554
284616
840603
758115
655406
147068
952910
87107
869570
695468
493005
422274
125096
661790
980824
33925
389528
624916
567292
896046
748104
524926
60399
255071
535003
201268
577851
365080
144780
258151
115713
678193
979833
108975
579015
82344
757463
188208
147779
272590
914883
12780
739227
340671
63293
435955
240319
294728
495386
411697
620310
656611
90904
782736
977857
64101
926471
782619
97139
801066
202130
569807
286690
860341
377227
879152
434137
143442
742768
742259
656743
628799
420130
687682
219018
200902
297297
530943
211874
540138
481262
580164
405326
655091
973148
12571
533732
468329
440122
392537
365931
706388
412901
858927
617246
905448
411379
173785
553029
637635
724620
601861
987786
459496
694157
380036
19302
501119
364086
22667
47484
92467
855157
431540
217790
58273
529895
911320
542289
32229
586715
858705
620372
223195
899822
115317
686301
34618
6427
792617
744208
935291
743972
495106
599371
762962
452629
968848
283019
736828
235813
872435
328442
608650
33771
287333
741872
68374
760240
858640
98563
676269
752357
969134
132207
703787
599224
801995
436784
752280
890647
292866
550929
408247
963765
392352
816735
201281
505831
220719
856510
56826
500413
945026
251949
464810
164314
362365
628699
102840
361540
904342
413082
340535
168644
780171
908465
306855
181050
933823
542420
171015
217982
706185
409505
578778
208943
657257
517915
772759
995506
741368
480633
845503
413447
31803
191631
546795
440245
284760
5526
656106
579552
904651
509026
301475
440589
504672
857065
344147
927227
558628
418200
910382
634715
276431
84043
448064
300582
847391
15984
371065
710663
568695
740045
741557
27103
460764
227164
479666
964588
318858
294396
11998
489581
397325
867215
569715
699853
396781
315707
653279
151577
803119
359969
144964
494842
359746
572993
812073
178367
527652
579546
903745
76599
357230
407960
251634
154524
934972
735126
929911
907006
58131
150375
573422
721707
827962
768232
953270
465019
386094
37608
641802
643883
404169
939070
541018
203682
271493
891730
944704
743019
971308
28307
938480
161850
135250
632864
608210
22616
121347
965896
281918
365899
589784
362010
608147
930233
384455
613497
839390
985085
213630
517461
299195
226772
310068
699378
266109
784166
709844
697814
689165
616236
670355
749575
909486
161373
740706
118548
40799
729216
425380
662870
324346
876475
88296
25645
420961
723
993711
224455
584460
389504
205098
155875
401479
483392
277784
170374
771335
143664
19809
434942
864257
630126
119928
753814
805215
531566
379696
903298
638759
983778
914648
274869
986854
34779
767161
418643
727841
519730
696383
314584
125517
43466
357969
376858
129995
298306
315890
623908
375115
388607
956976
876991
406036
718038
156721
329705
971664
855654
692049
946051
740340
23464
795482
865214
372463
154330
25751
177429
276773
921788
368973
479631
470197
17681
812609
571052
315232
884506
277446
194333
413305
940096
260143
740942
443933
953306
201046
720883
114493
103911
883028
325064
475729
566778
186834
886609
559420
178022
683485
402237
841980
297389
970771
159313
533967
513836
12345
150218
230971
518895
915636
913027
148677
44254
40550
897930
640038
204004
206480
30315
653852
883228
881118
620603
334795
215359
982615
101587
104991
904066
197831
563324
496271
970933
51161
334319
589319
438823
158406
301437
912519
362010
180501
270930
548343
198057
664172
517922
518446
510106
197653
222919
460746
411991
155976
621368
498516
291497
440531
63006
960382
415580
666558
878948
761715
380322
757166
210962
507616
935122
914354
261884
734661
323415
98450
892646
478261
615157
690711
369611
240873
717485
912578
964681
70881
164365
384672
125745