727386
9900
569257
798477
596466
552232
869996
972873
753394
451480
347779
782271
818065
841794
476955
44906
242642
925378
247104
234995
418874
581462
707255
538556
460599
990912
970576
504827
958765
556519
413126
151858
598649
4919
87839
723221
352843
266150
712458
1874
932228
800060
858042
575164
619954
759173
144952
204435
140294
408115
441629
635379
395619
763976
417519
330289
37016
735573
941985
891020
618021
879830
144568
649910
714805
120222
322557
366301
449489
995375
193497
771851
391362
89585
923988
40763
245218
560773
885384
166613
446219
397377
565239
666164
578564
238921
763460
567081
667688
666893
826374
946808
647741
448286
319540
880423
654136
329583
288086
678992
208491
965559
886057
255143
995669
244224
277462
299447
806201
14598
142231
567527
587646
363593
31990
89535
804643
17399
73782
597528
23166
9154
225508
565454
611212
949831
324769
759441
367172
351432
745818
796782
1944
965563
81982
62859
828527
148048
213297
22051
176446
477597
284772
86421
299026
171566
555107
327241
496041
974142
156733
295852
99140
416003
163403
934173
576673
766648
862482
286638
596268
155537
52489
962580
113647
595280
679688
39535
375732
619665
869524
114736
50846
749712
948084
917285
141869
386046
422781
239837
189875
825267
210433
952632
711619
734605
824682
80958
258528
804080
934314
616834
634511
836094
23453
353535
951835
833063
642938
334953
124871
845888
186372
455068
424957
290985
934942
358099
656183
381003
837701
689824
126472
365439
61416
337960
264390
955231
752252
608751
556634
718679
673145
53507
146577
697885
245640
273956
169732
875503
610
446030
512859
503468
477357
274554
62062
639823
825340
805757
338783
759200
427636
16726
860802
881204
447392
367018
249168
703913
706868
796747
664855
368021
4596
417646
45668
946531
313390
33975
938849
795675
807503
931010
516056
517659
405375
69615
491647
762481
814607
314601
13071
926791
503194
63246
353588
428282
306662
874674
250343
552955
777452
997409
573852
422838
244259
756399
875694
617838
1689
979488
186245
751742
230934
632616
160484
658994
104989
800632
557148
648532
891125
869893
163645
849963
323622
236701
451689
129566
979683
113048
624149
815822
403519
344594
597277
934750
772565
878574
825961
680401
739866
81022
99750
410613
730219
404815
409034
313669
311890
600323
650459
447483
707046
359743
418047
700275
933871
607115
356664
838797
755589
881577
418216
267189
318100
4356
697790
87050
310863
596368
426868
421256
198948
654556
755033
934635
574972
146223
104379
282912
298390
790425
595813
351726
473543
836302
929794
991694
59466
421679
268950
242899
987876
893875
790671
155001
230249
298418
162963
26688
259509
751235
599451
372513
520019
117469
587373
388691
830220
184802
391068
630955
447409
147798
244685
911499
307503
120872
576179
520576
183538
173717
57632
466038
697111
589730
769689
42789
168513
761308
517933
788348
808607
661637
938332
323472
186309
230943
113293
563922
597619
236733
733228
315688
355407
644007
774329
681217
503016
989482
67152
653977
516410
960640
32526
457698
447143
348681
46902
697937
599322
985138
670513
565424
751093
985738
271058
909717
855165
71564
948541
149268
95745
733936
170461
830735
792217
279480
950865
307311
446526
241061
25190
33492
709331
875354
690710
717719
762460
945072
214540
553650
969042
825144
29800
228970
604387
213382
564856
126133
794108
633815
771566
686708
578507
705019
945992
765210
569840
579000
338048
116324
492057
957930
689067
455868
477012
592488
66179
3837
909094
896195
374588
692625
274499
432165
76794
347860
804752
51475
154354
639348
196304
44445
556020
815897
425052
576558
273747
459389
799477
738882
730552
134785
706429
148658
723224
786285
591945
627851
98240
447892
274622
651218
855040
502228
122634
458046
640907
572259
926074
436536
256630
221809
57552
714498
978881
600990
495246
150081
893627
608127
374398
976143
673454
762573
276875
468260
168833
819820
880015
152365
825868
852594
229503
62572
81959
101073
985917
951738
884506
833652
628811
497510
566149
117736
305974
500948
206247
59683
925412
918897
985506
722486
268796
523928
796345
820537
344626
653760
373037
843861
576441
341797
452526
777716
431590
169737
908647
493077
148200
614356
952946
700230
109301
396154
132558
596575
256799
683922
542600
957754
40730
30498
484908
371694
900685
766649
873241
435836
167362
540397
290019
707654
535693
401633
652001
200087
631632
563762
798507
671065
100086
505736
139793
476068
358165
242824
46781
38973
85976
918530
410988
252683
46914
258115
505193
50861
879897
791807
708721
282137
483786
997951
96334
883844
447336
832761
162654
744841
910771
768541
590236
872538
374540
562249
926629
743181
847283
68189
162167
433834
624133
528203
81790
13493
176846
411135
110609
475659
406728
157660
869217
131855
915063
822921
73507
304050
49768
133614
166682
883087
245414
298234
408231
779297
914661
347317
23283
465301
139555
375023
811565
835875
193967
388039
950621
120166
551515
20819
346355
815381
410464
101798
886801
2783
145318
626299
523757
950879
213514
171775
995064
72243
842020
41493
849110
319810
915844
253663
706321
28549
506738
165045
242116
274003
354341
149979
327354
367685
863406
710295
686034
440160
577843
611188
361036
93376
674675
684096
475043
344898
835425
816264
572041
979281
512451
505758
640100
691808
944876
630227
531882
589794
312529
714082
980651
935298
820809
143512
636788
488773
670644
792058
63245
78044
311655
809437
878915
529592
371626
83478
357018
936717
549003
948735
37113
50677
671747
73838
599040
794711
477527
792345
799548
943951
963521
834512
498870
703843
708953
57899
223644
965668
514271
183204
125452
805123
810733
480723
637447
75238
239465
301019
739539
17619
859644
213793
179294
867235
155536
289979
878246
777750
897476
939339
201774
297848
175490
820317
805888
540202
198886
238223
730842
461500
949181
682416
187873
212848
11400
705283
475911
69759
355134
9609
357637
816190
860404
250464
83141
14126
252108
645808
385847
611466
828225
741116
851524
852137
649438
880794
481829
818861
211587
521375
943817
782119
219385
402336
503608
392518
21167
878326
64719
750588
476897
165207
15254
772502
969843
637684
638620
624268
78474
221091
388342
618631
126841
126405
637747
640021
972625
369890
414776
851447
931171
896263
77444
454980
629803
705507
385506
24924
438029
762288
755811
984629
689946
291210
777947
632074
897248
562226
955326
972700
51692
591342
254560
55983
818090
345020
544122
603142
839897
669185
474110
653999
651080
177968
423289
507920
852074
929883
703449
517501
671662
488191
660987
824369
932809
29198
987023
772306
887021
747769
852536
355669
339090
712877
98560
47774
191897
692721
430311
113609
24285
352495
732377
222858
329513
882703
873084
814188
749368
197910
264409
153308
173900
653014
840456
826950
194611
664371
397803
745753
773361
705688
438721
512646
894324
677965
541078
276273
429716
586928
18670
777054
759752
612147
917324
564615
545033
576994
166525
141475
809985
408211
365918
759864
621793
28914
572427
172673
195388
124613
810058
480430
614570
554705
659132
935820
202599
949770
256970
949576
137049
554661
546534
758344
606836
598780
199388
269890
921633
389226
711308
316650
726454
397034
993630
519851
839158
158492
229546
259036
272858
420227
868489
962184
188609
809635
845918
670671
316219
741485
790288
75808
690145
535442
332101
368120
804012
369898
543166
411271
486116
968898
181957
896956
744403
92064
295566
629436
474500
840233
905130
57984
795671
250876
179051
75882
577963
190256
598196
737298
907576
903165
492845
235031
121649
531950
141102
101579
714513
337633
97177
239145
590916
753625
812921
481924
738875
443256
534639
814626
53905
907861
225857
335221
183834
331870
212364
72967
511053
253211
734198
613290
824022
28205
950537
321296
535418
467958
202051
408705
509902
938135
177527
940386
681265
444643
784705
877195
604212
664082
360243
484206
410257
25080
401367
946069
797667
450368
875512
96958
928665
659343
48895
162712
347627
800731
665645
198316
963486
731274
925870
851392
735402
476795
361484
28604
233383
262293
850028
756268
502599
848190
597743
722834
739429
458655
801639
298418
68174
78403
554393
253300
723460
651617
800087
929760
253498
397029
511761
63441
187840
557148
821723
977409
237946
176712
532442
844459
999407
703905
983
280643
823353
359282
22084
316807
477928
649951
235411
500822
56761
720041
638317
935488
564537
601544
522319
578417
356019
639475
388605
861978
541682
451282
787892
277254
469390
706913
505126
376848
373780
974859
893614
245328
55232
827228
328605
518997
35382
556737
487543
326019
177218
281413
596284
318794
918013
874605
769766
287243
55273
512217
713721
671634
570311
86208
908939
715403
811781
874266
376021
387665
220419
918332
530839
922103
596556
655278
396582
923989
766898
595229
180040
354664
637220
867451
63691
931348
347674
132254
622300
419806
421501
689937
464252
30653
842157
316878
975450
21135
737865
824881
428562
341092
43290
334099
71616
289158
677440
732364
780876
563795
460742
769602
727261
283753
669337
773832
951639
671561
393279
256846
872062
452518
621485
424943
260947
376591
61756
596725
247721
740537
852252
792376
771198
316282
381543
535580
740950
650031
425778
472672
129604
785541
500329
944744
898235
731062
695961
684171
549827
258122
275326
122348
900956
187333
50986
333252
969452
428376
359670
175961
22655
893135
908312
596486
391137
345178
987768
99833
98472
4163
379113
169909
946171
672978
210540
454497
588071
335375
929590
431485
842904
698135
343929
386956
475899
956704
151570
899160
637683
358625
914662
370386
988960
5808
233049
20432
426743
260433
341721
547643
329006
595469
760733
396652
645807
189249
661195
652307
883935
459019
218282
204365
102497
974228
280972
647026
490157
869395
131334
768508
332648
553838
541609
641685
965863
504049
38672
799265
540061
213016
368106
147370
473951
441746
597673
303295
667153
27922
638093
245937
505463
489352
975482
63802
71965
852285
615380
323239
909355
23150
460762
834960
67658
261695
597022
325488
282989
124728
49758
56439
402385
520142
463357
469995
484948
10438
723833
703111
274596
648676
286414
165154
46083
795855
116533
468150
938997
440675
910201
272247
545461
188933
472769
695874
362910
127222
996187
859269
598434
89649
223739
921659
530314
83110
346494
466945
748753
778979
401915
625440
785106
945771
203484
493207
781098
802445
999278
8863
765387
497069
267859
662765
328113
474334
956741
505994
857728
309399
136290
598804
613257
977791
713023
772294
470001
310711
815390
525095
635285
957827
514244
211870
740307
861611
627918
997765
450401
126684
796513
134305
277327
919761
629010
201841
422724
191037
434555
705369
894177
270396
278943
234021
88048
744155
285938
219728
668609
945913
540111
988258
508798
711894
122598
59663
989141
486989
46190
198465
606686
714837
796790
844624
811597
600554
777585
595691
491521
82138
297514
172064
409560
810421
149815
470586
234609
675577
589315
158446
241244
82384
253705
665044
679784
148306
955068
728451
623104
405247
388308
212086
301068
728834
230449
678095
737327
152758
356424
931660
583053
341709
109785
937405
593263
54966
18636
27256
980597
471972
233898
217162
102722
399473
206832
517936
950130
37813
228366
837976
42371
631561
211567
98425
25772
232186
964348
661597
765802
854015
754613
198459
429122
584915
27163
53119
859167
963900
49500
214412
471760
197571
385445
217669
963270
752957
454289
811108
215696
839535
332374
468472
267849
810594
51805
28031
169959
673599
790498
770948
600229
625064
151818
587608
869865
584698
599490
817793
98647
230646
460087
605901
708011
55649
11403
758770
341858
638608
682792
592539
894620
186635
213718
494283
597202
251804
799039
137950
986380
625189
272543
708133
627243
794682
457053
717750
484059
57814
52154
155299
815489
174643
165696
531344
961222
942586
38498
61771
662909
697106
172510
485749
789119
179712
276707
648969
883147
958217
709607
224797
250321
498192
755549
303966
55810
753044
546499
713914
424704
351286
623653
508046
157595
935030
287101
718913
489137
587732
474475
427249
479508
689117
782321
82165
779319
766197
316233
96870
377175
920908
60699
889154
280807
822480
826057
339087
609775
459930
785737
428426
931519
760986
561419
81189
529923
673440
128932
539639
904394
772379
25211
760143
380253
321622
62775
522961
93486
126081
46258
384310
717571
4101
898648
834934
161527
356606
859444
176454
922424
789701
804791
222718
916994
339930
620486
429463
588085
401163
206981
281770
776675
296612
378128
204147
734486
962366
866768
610602
4252
349819
350345
644799
526487
822511
690445
731082
644194
452607
384187
128933
928105
777643
865145
753186
319236
256606
314910
370476
891038
883218
570497
691035
862584
298222
135919
163716
982235
545535
553630
180773
833192
94182
884790
796301
668366
207157
383443
413708
3890
522809
986213
247024
937529
214652
460722
443813
910704
345823
766495
365663
621616
837958
408063
779022
728587
964574
262947
242237
62100
581506
987650
49501
25551
939003
828053
931217
957216
58342
857011
421734
596150
539429
665198
865264
283624
396262
640804
686825
994294
143650
331403
960233
897645
757335
537935
458346
155066
590104
463553
633724
557357
228907
677350
575090
982374
125492
225631
788796
283320
196407
230057
348170
379952
148142
492805
425610
998059
338215
154998
914706
338054
260152
53737
757597
213316
669353
487991
777297
437516
951366
627851
451360
369256
334414
656652
762297
136161
294671
831135
930536
646673
216739
585431
154604
331064
845052
921108
412149
164682
79302
483126
807783
382198
880098
457677
397000
151697
29873
860841
409166
77771
180895
458709
80084
259018
956905
935698
269748
792124
921817
474252
347386
770
794281
778185
815638
289574
827278
665844
327720
239487
866722
33476
59706
717080
459924
531876
586596
914136
87417
593105
341321
51069
450190
323724
529981
271226
907759
591753
218927
607367
276492
804875
197331
857853
845028
124831
679391
530258
222483
221691
46848
684040
351205
894424
962705
990422
904640
741038
963157
882694
349273
991807
520276
877022
989726
181506
889219
389456
141252
57104
823657
335063
307809
765803
582933
210799
687184
957648
135009
466746
875108
7605
518622
455627
610504
875475
548974
289990
837381
259962
452722
101951
328251
929115
606071
577372
558835
754793
836363
852496
55548
301799
454347
433411
724351
129744
318297
668396
417383
742205
650367
950610
395641
433367
903479
760844
72348
411697
848268
579568
553449
40788
18032
11170
428189
204073
459628
296811
442349
148053
764080
687482
937345
308431
982061
659133
208282
495567
820412
753256
633296
979499
725075
132421
194332
638937
840030
737872
680557
134579
933744
337881
449435
463439
535329
657420
619232
139666
549683
720590
854296
287877
169045
60790
216645
736694
819951
262681
589928
430386
55588
921715
446425
711470
454786
164309
135820
441892
236752
2488
877953
605703
209861
501834
223251
28289
937933
486635
210130
863228
16366
328390
331767
568612
366440
247602
321233
258461
3183
232474
716345
924344
155824
616579
530526
688492
282737
972727
414140
955892
718491
214422
252128
621011
252861
286867
558238
741502
864687
303695
967528
408773
365327
53620
293592
466131
930925
31344
265128
450392
783882
100980
99143
449213
593199
354435
33431
244929
341387
685101
634606
176783
817155
981677
877559
961604
350768
308591
946252
148311
142244
798750
570213
424797
388141
540790
568773
105949
211795
209085
147727
732341
548324
145154
68217
189334
764517
439488
230765
717588
972768
581582
247894
546122
593127
47755
38394
720056
966017
985614
387716
387442
451348
62011
929842
460036
881358
474905
816206
565582
605033
3064
467169
168163
473035
570451
6198
77653
755431
235032
311027
747616
104579
475380
64092
802552
460211
991466
887368
852017
600109
256779
129509
419847
625136
172071
509064
371391
889207
684311
745748
138079
718758
565265
257019
410847
80579
123788
32083
702921
517658
143664
856370
697154
49826
362714
607261
151343
589963
206573
382
762477
338004
214935
152895
957681
769213
321292
225220
422011
834433
889100
4525
45123
68555
795798
280157
595660
853993
20048
170590
118203
705339
823371
568455
371410
721426
640687
975162
867361
346438
818283
283959
143366
217451
714348
986172
202115
859994
560337
87360
567856
751834
917946
752328
861973
163969
663463
133994
493053
840111
819373
422109
89369
763933
967594
914910
217828
81264
239653
672992
79481
224895
324642
831323
664144
76150
809203
971693
328131
885010
448791
238299
260333
472644
520029
335860
678410
289919
406181
112096
841177
888604
943133
166214
162504
738592
602499
451703
518612
899143
671483
899560
341425
225797
566955
515145
593942
417322
810784
825720
655168
110391
333417
331363
726596
52369
229504
684729
80213
684329
649926
686650
84830
754938
407160
405904
943747
165803
979120
69585
305701
575018
612165
42418
923125
832249
503321
834426
277176
32301
598805
328069
339379
102942
145095
787512
465976
609562
593917
883165
166585
966042
727402
342842
658783
430886
704560
813897
984186
69522
82061
242304
333622
176093
997888
874546
217065
290621
329121
855035
922574
966125
604533
837614
851772
65617
503192
158740
517326
209601
574315
817133
478426
603736
789151
2433
399112
821186
980676
324938
387995
762804
314452
529621
551138
894055
152269
597945
665187
433467
697552
349850
425832
426222
954704
543718
429423
463015
197998
299414
863146
681789
182600
484815
108652
248871
134497
679492
297695
884351
299434
16798
824640
455844
127036
975876
277087
370741
998641
217252
501903
201930
896934
135359
616497
600523
647026
921095
848582
990989
791736
278228
538339
791671
807106
992790
772364
327414
659446
840814
391060
640647
42408
100542
62847
419799
117688
924818
496907
294665
279114
480576
400214
564124
391150
638517
739435
128704
898842
383683
635702
606320
134533
350665
639979
681179
74952
390018
708021
846552
661687
235441
925888
193676
579694
81036
234909
560543
18995
552605
167883
131988
893107
132545
998819
576568
124763
283113
785934
435635
965109
463987
612125
344209
929794
23232
337620
667853
659346
651848
941222
736946
520912
817281
149841
695839
159125
857763
990964
293453
364807
857794
522402
907656
449898
417781
361441
467076
395084
258599
55694
344003
972453
670610
729578
853111
788071
214471
637192
903616
500311
435484
699422
942106
824243
675828
88086
401093
745666
726179
870330
549468
322440
932420
457167
243862
551478
938568
967308
847169
46549
9874
861953
762651
477595
974706
932888
786089
364180
707570
617415
630770
209783
812514
288599
434725
670921
700698
868669
543951
209549
792244
336434
228681
868708
962620
57736
733400
435676
583781
377386
846449
982955
489884
180144
711163
156924
329105
149496
344737
299135
355354
997502
979361
245920
253829
777950
934892
175139
164247
975269
602657
238622
235911
69725
588763
393966
556564
195160
34118
729887
751798
221349
789699
403048
630080
800906
570490
320422
637090
538798
944998
953053
342094
232094
235494
219849
366613
447019
331898
676772
284352
955047
192083
707282
660216
497010
755166
527886
169947
257461
794120
714427
233811
364161
136578
489686
807094
504950
984069
69381
650550
344986
161266
942705
293074
385238
253314
492358
634887
630930
364960
873730
735174
368105
267900
951713
328873
658956
654275
296404
400626
977746
975491
926497
474647
523363
165277
318788
557242
52441
30889
196718
753800
522051
36896
234910
176146
287282
165282
16855
526925
11082
549898
48896
301288
117511
521445
996947
18749
166001
564371
245173
89398
58042
676663
601967
14454
504110
405384
504909
124882
319703
705643
853783
821045
661696
31918
951808
668525
31206
444020
542793
12081
272184
637927
261964
770845
929641
546249
47492
645283
529336
482994
202694
414833
78019
929730
629351
921873
899462
428269
238387
498707
441981
423812
800382
647209
418426
852352
685864
172447
210909
978592
701031
562002
472328
108274
258857
307674
343527
25317
887557
830417
915342
258779
440604
875181
13798
845782
192056
261545
971868
884165
974071
722855
452059
90989
924834
600235
567449
441892
57463
716584
159682
28786
221608
725558
521842
67381
113141
988847
403215
923397
561916
811374
248449
64360
281131
542231
16460
998816
725067
452828
443454
789149
296623
771566
621937
668994
770052
563536
813351
30429
374056
724269
536214
298567
905323
174506
961698
24572
548675
295640
2504
246269
641717
665330
433656
278927
925805
121289
599638
366134
356014
539428
21206
605248
990360
189919
469120
714962
183630
481251
514086
686171
662152
924974
110443
181709
998351
811713
395108
13860
831305
529922
256772
199852
787184
814242
122658
507075
600209
328815
8380
642260
746259
812721
317819
602441
894468
679935
816058
361999
840279
140630
947291
465969
279768
474139
421764
714156
665036
942271
906942
968690
77479
113378
899498
184034
101259
888532
506491
291258
356417
83507
671102
202314
887478
407571
342379
12665
71508
779177
595657
983376
796658
482984
86455
688592
504786
516781
649742
327510
375399
543126
448330
517714
320614
514308
481818
214538
594504
930213
72926
949667
799893
337589
847884
603604
407530
642587
765194
840437
925476
491515
630456
435974
295990
117131
36287
332515
870937
966661
874219
420347
887717
192472
167273
356956
570294
811574
51110
667102
353534
845033
864280
139955
261128
706145
950616
14855
560076
168296
375590
421251
785407
866161
996490
617720
839886
558118
976096
873202
512562
478663
963846
729027
392151
857996
414480
123982
290202
614961
561635
169280
595262
698922
132712
188930
508491
554304
621744
880994
77232
485597
279351
409194
964438
400143
749137
131656
996099
620298
41817
697456
767027
134951
685866
31455
235201
36345
140139
316089
973310
533473
234033
941564
174913
58628
830413
541565
716562
404604
326341
435025
575979
495715
894729
145158
515695
821445
782713
225881
429812
10942
649807
693
141979
206256
963547
21312
763538
59445
998421
808696
413155
651975
543205
349536
18641
106353
719704
192358
211533
272259
93741
790017
954526
17396
849439
994156
265406
904365
314636
136486
940903
203408
62981
519731
183599
688
479606
186371
661231
981490
685618
163636
581540
876081
862188
234344
370069
280738
840972
677170
9031
509419
120135
490249
740573
868362
315613
174242
274465
610021
132153
836168
512708
518912
181031
547332
117367
598396
993497
340377
346441
946394
783018
792137
289458
210298
948451
230964
273255
363287
497482
76928
205677
720178
192608
846479
567163
150936
705007
514920
751479
578395
497695
54860
135042
390942
331448
210379
124299
356174
496519
486
911197
792833
630853
368004
621184
657043
659460
926561
938711
880530
17156
61598
335801
461263
970081
413392
860722
836077
629581
149431
736390
478825
140350
548681
487764
285595
975568
69131
157328
557866
777626
549220
863167
487450
11949
530284
79326
234415
862575
690604
349185
375510
78687
498938
411083
380209
497557
960106
498488
473079
635033
34366
895851
515066
168503
756221
844612
503524
273952
922480
378681
364864
878265
172102
279469
577688
819747
671745
693147
689091
977210
504476
492059
400408
873184
71700
560755
661688
763259
994046
770973
940473
697295
41475
275764
942833
641744
535680
577778
372230
580773
456594
589978
109524
421630
532588
639308
983296
382844
826884
534135
774481
415646
579827
873971
819431
334011
503250
984383
936513
111092
983192
7972
606887
529242
934430
165800
294925
98104
517068
117543
498975
648463
958907
96826
122660
201163
170900
328028
212028
42950
309968
964177
424162
133017
428763
543420
435810
399369
879786
870290
364586
158522
833101
607654
616303
498238
595508
454020
112568
82908
767956
360834
163697
637078
567484
19315
853054
265555
873770
712783
246745
567638
709671
631738
677516
993321
746621
719154
105448
530381
786664
783525
603515
565903
352194
987980
252561
398401
954334
156770
552133
296668
922335
802988
21113
95175
898362
907866
439317
278915
793267
431588
646378
411339
857265
843664
29548
242149
457422
536544
493027
558217
24378
936735
265899
98031
357892
548717
513725
968324
753850
180378
101728
909976
795733
116535
876841
803619
735093
666572
709850
55899
175321
2301
483300
170646
88214
857582
957915
279201
132056
117496
699912
904570
488793
983844
79965
131222
494040
502535
359614
912690
454397
416837
290622
404519
15526
136933
423123
467816
567474
730680
616919
262921
159522
362429
21622
164652
7676
515364
103967
687775
95403
217069
957447
557562
861363
998545
915687
213938
511995
988188
501962
524287
694935
833493
777839
692819
587356
655814
157977
370086
854031
655205
213310
825408
265021
453248
998061
437418
153641
819905
479567
334599
244323
555063
775832
307088
888947
351828
685254
125115
204493
593629
179890
727354
542503
266432
892226
202770
229081
367249
844306
274647
803066
529627
662217
876842
444547
28360
295563
853915
754040
687385
890757
866306
839863
532722
159258
902977
55321
525801
699880
381534
858908
264576
944932
492508
956950
855802
149188
905139
233227
316427
292465
662409
975074
714009
43961
116115
495482
557680
707860
108784
595818
532163
426324
706663
115743
179452
704080
60747
909453
47060
805475
967064
103982
897438
962096
30585
940567
548465
108767
702592
551869
375085
183530
434497
396290
603340
266362
297495
100756
418695
576742
481925
229876
859175
903143
696794
563621
427064
230314
279847
44720
139512
831544
523245
636618
499537
174750
212019
323476
64000
361927
626593
840607
383369
40345
183967
410112
810507
17859
696715
144971
172551
398320
117189
578204
428848
124007
689461
803876
86182
278225
437698
325410
854265
251750
481491
897076
333027
687712
879123
869232
896521
298528
567197
679140
402935
388468
233287
617897
382449
686468
504234
354932
681683
718610
477477
134000
208583
855167
634695
26987
858566
643322
128268
838466
506139
10239
44541
90318
468501
225845
732875
33411
818067
404980
791341
725267
682926
742468
135956
67360
843319
474861
527256
822372
383921
526720
93515
992708
395532
879492
931339
514885
961874
739820
882252
140367
409193
514114
663767
701186
249641
229428
80949
636472
665184
789928
416851
591941
215302
785733
688071
273537
799520
711877
551426
929307
826489
68259
570975
798539
399318
628428
655019
299577
140357
831238
934668
223244
61649
387730
297932
262348
519799
367055
590053
210336
52331
300631
571738
845831
796724
212686
443633
190757
580816
573014
62110
770665
902291
829725
548227
404466
517408
819014
710901
434605
239377
940492
599054
917345
10583
926507
900758
334590
322155
184697
839882
748409
77096
933498
253604
360299
232122
517226
333498
172693
148525
211307
424424
275874
773288
616700
926953
149033
963108
245834
801088
776589
781699
793409
863760
578725
834722
471825
18139
42824
693825
114697
452600
521716
204326
245842
964471
300615
504284
443970
21501
809934
749102
384707
73394
214686
806726
469477
14833
183747
939053
334382
97069
884915
544435
888982
834293
292889
765595
562084
660325
503319
437729
953649
22289
668673
362671
718594
927520
948260
676988
532152
794184
69771
746138
610259
521822
830853
413729
942016
632924
449211
294512
285573
674733
772844
271591
725031
367791
822816
538229
747684
286373
657081
58636
877564
818577
510919
533473
32492
251833
82653
457385
216395
68593
442879
472721
987903
157571
179811
479064
697181
173005
695109
213157
802231
120422
152535
196920
11409
310398
891219
707261
486525
293527
161030
777772
600831
541824
645436
907951
929050
989792
605788
670609
787926
857562
825510
236785
327882
998785
273827
164333
470957
423766
97502
273273
111502
106799
280389
506975
65142
669996
114809
193019
792772
840444
878839
697925
679543
985850
814996
144693
45305
25645
45331
682706
432416
345296
721335
419469
995260
718980
359050
178582
317518
916010
233679
569656
773348
585208
912683
86735
94000
618548
983225
560369
721156
259322
786537
516516
686507
617925
586987
725178
426788
294423
2530
579526
491899
235358
176412
583053
234699
261660
827281
646748
420889
817907
167046
364299
747303
984597
148394
499408
400251
856320
779320
586501
898762
734347
812659
91726
954612
707632
781616
196782
503033
202370
951570
71371
310898
667893
291350
644809
734862
986607
809211
291251
584474
205769
596295
497492
288240
59565
739601
1077
147864
93562
296209
565244
432300
172714
436789
885430
996399
96481
910517
829706
755248
192774
197100
361325
608679
594108
538025
979455
732558
787745
516564
233099
655130
42840
318760
819821
156967
212967
971626
648237
292743
912740
751031
98314
253259
264676
132209
563508
741661
722245
932147
268237
353185
968444
73889
841825
67805
599370
695426
197551
790058
56177
702069
387031
245021
445983
995545
322542
419107
211609
70182
893126
726449
763355
859986
786989
652252
778193
77715
437649
725545
644048
42703
863707
138817
57660
343378
677505
506688
271986
691077
113371
74151
858612
142704
179727
891496
624347
784129
686918
875335
611659
255571
765965
611017
409184
35521
338582
281107
890573
162170
50307
655652
693900
797967
914413
565250
970507
764620
102339
42669
3506
651932
678340
520113
275677
507984
813195
389873
222255
857521
347366
442564
338759
808990
776191
416367
49841
428866
405373
591102
360738
620779
835447
323006
574578
975226
328441
189262
647999
460914
273337
227182
358643
502119
424890
885742
698012
342717
135031
430431
653353
225307
624977
896678
507511
790972
535099
272253
127151
649772
537471
519318
32082
24232
451518
985596
949386
450124
427136
960004
259613
554124
751978
93793
503148
88387
138169
37583
516730
635537
347385
255135
397531
193273
708096
72654
409227
676636
823492
144247
590394
975861
669965
8209
757319
336455
667517
935343
505945
758496
730832
300586
440335
201202
819187
970406
449937
534145
814544
260934
814779
405726
469355
184876
433023
678908
907286
248782
445607
187099
353758
65821
903665
359073
135753
252563
910587
599445
690904
653007
790329
111846
397539
854113
134644
803657
183277
89089
944093
813625
793870
974882
291054
93993
446308
768251
7795
386515
824187
556909
87037
439589
960418
97720
528974
101124
259682
55367
591539
388850
266890
783055
646335
8478
726954
717636
786541
606174
860088
75717
80927
854810
566341
446692
503511
788705
907210
743617
532820
299767
948672
285930
992675
257261
875615
655164
427093
70826
248654
763593
425213
909761
884236
30255
524769
340323
589906
999298
510687
533545
753953
208370
892097
733123
50231
829001
11276
89970
26094
539961
536173
278195
563019
174162
484200
145359
234444
757255
94068
578890
14895
735901
113310
300367
340599
789087
853834
169423
238439
812068
112017
562585
480898
453214
299920
663859
6696
742915
393610
974515
917956
402831
19854
564915
246574
598270
108058
826610
204955
990246
666723
160557
302662
411362
991051
704621
586048
950660
53741
589820
863297
375296
727967
987510
31970
280856
243588
18525
849253
629830
494603
243663
570413
870070
914859
950510
727893
697774
790212
710468
670053
798192
729156
747557
165329
160408
992771
421411
555645
152483
974755
266277
167277
880917
969555
91856
357839
412416
759602
742217
298360
876402
285528
300822
730015
946985
385588
127103
459281
444763
20347
520903
152217
6458
92809
344936
563487
871189
280332
36602
906923
146245
363693
390989
957372
222879
963813
538579
992316
438633
320538
745197
776820
112343
797246
572853
998300
494966
413517
321678
559843
353072
754550
911460
349497
553269
987660
759157
526113
436552
822255
502310
820204
30087
155706
120071
136923
602302
436494
672360
2393
207046
268821
725712
938836
545504
246734
613224
719208
632075
213376
966949
202632
607627
482011
577733
847837
444334
7756
809758
997814
824622
637250
373389
697671
165443
446814
727900
796235
66738
709977
324573
874208
603519
95978
835215
504918
907608
538931
211003
994407
711380
685709
914751
605081
275525
807188
964443
110922
235774
350918
688391
172399
814118
77372
39217
493658
808608
647779
292142
610056
287115
779628
735696
928282
102202
942089
237402
31615
758881
353082
183777
302157
956912
790613
675791
329217
368175
356539
450127
653753
216644
679823
999000
823573
752601
622790
778159
63951
675255
134657
610818
57494
514914
905592
813907
309566
925044
640801
775991
840149
918821
61188
239131
464974
821189
814044
538756
296341
743487
671101
895043
381780
588370
195345
582092
598510
808875
959734
462446
627763
164011
19426
610783
284327
377157
645520
809386
324933
373256
147035
302993
583414
398694
367286
585161
617517
783103
663861
949935
507349
98311
507656
216100
637421
678311
510915
439430
347776
753758
373586
252721
667392
493552
583786
921990
492623
837008
685783
185194
437054
474304
333449
544322
446734
6062
197964
111300
781462
637747
55805
253241
621656
660540
481552
567826
610412
167946
712603
750952
283912
791797
234144
915652
269390
231596
431763
662826
754292
703738
200355
91186
975334
249430
757482
989586
282840
84802
799340
207953
824009
989902
981353
710511
194068
108322
216067
821214
720740
31621
251138
393269
397914
506711
580930
55686
533133
551742
645666
989724
627853
305934
624957
218549
953904
887373
820919
92379
603762
265085
324538
784822
763359
12508
719064
632964
624648
235848
886903
577912
368169
920667
773243
871142
85242
349560
118567
676922
867958
27692
219608
531967
933174
196408
535890
245885
359416
402442
660586
257678
50884
583781
377642
113006
809340
522155
842172
564132
346548
283814
15381
652901
404295
96961
399684
53054
269952
457242
880543
828178
672458
191598
666807
464487
504618
920712
439865
529267
698892
975477
605226
838457
422437
660896
584877
991589
195185
50226
244069
851237
739491
385206
578216
463885
153764
851152
34474
848752
986815
122259
967215
954547
504106
355142
730470
505407
841914
563134
186740
471260
702815
48898
976552
102128
748170
751921
244109
739298
348832
929511
435776
381529
660378
429892
934757
579906
94381
362959
507546
628493
572977
307320
828118
637630
92710
339790
265464
752806
790329
8896
750445
234882
506569
664169
407047
620543
530517
405054
735056
883014
238983
119060
653709
649683
838163
343654
758100
433719
159996
566438
385242
449494
718014
345070
893001
144583
356294
741640
822034
604632
257334
256653
273381
492709
819772
108678
619748
294415
802048
281936
675915
589709
453104
419861
730859
147473
464880
388837
563135
442244
533393
238620
929461
607528
465951
828447
361541
654844
897026
181291
255856
377220
199187
884250
749267
97396
898202
77004
700299
60140
100305
752040
122863
262307
755089
815595
91846
600388
298656
254038
662744
402255
256815
491556
485043
2457
658977
210176
182377
498703
48512
6720
195582
182225
18776
686791
759162
277975
810515
884335
642160
364792
838094
145075
74906
153486
839969
900487
560771
937599
465903
38396
505437
232595
784139
540616
772129
83996
968585
890299
225449
637510
781983
782260
974761
983527
965621
802887
784659
367701
771664
286757
849960
854633
965477
247076
655757
389166
977510
25402
435033
589552
281394
624941
935119
59917
636478
773974
994024
465245
20607
837457
828173
991739
39446
406405
484075
470559
825752
627837
809676
65814
368817
269781
373382
390388
116567
94708
838702
804435
12741
734265
726757
93477
54876
966502
664048
185479
101248
191894
595488
258586
703277
290464
907389
682638
687228
911350
701425
689696
482900
866719
859526
745531
225334
333577
968945
823892
701751
611704
45504
977514
975187
583905
85447
291034
419582
674858
807183
816774
501191
126055
525073
668156
934307
966131
109545
312037
24693
469015
535151
409524
224402
250434
566816
30839
683095
228175
549808
709068
653289
913582
848579
64879
390141
484890
574133
377258
444512
497384
506817
242563
918730
332637
656793
108203
345413
217899
996060
996522
80258
769532
732625
321230
719949
918390
218376
322513
527776
53860
865076
176645
943154
620477
704186
850741
801663
203442
698210
663304
934668
409510
438514
645529
277699
432713
780659
713816
448158
444885
869234
307778
908416
503291
625478
585400
95774
831432
62014
663142
241527
743781
389169
218036
681800
283337
216261
570861
440747
241429
56439
530692
786434
449783
236969
948743
506957
364746
961611
94531
958829
911945
719776
778637
644607
124315
513506
186430
879152
718946
634185
320748
370581
722367
42030
790434
171822
139922
981027
376236
313491
486629
964243
36729
595772
784487
547801
361106
161033
938971
764341
651255
855586
143102
62966
519931
448025
554773
375808
467871
332476
47827
762740
902195
349084
245586
710230
145704
579462
850194
546010
416739
915475
359611
717342
263183
17741
835312
661505
79669
167881
215494
123564
174647
871135
494615
472840
985287
237970
480239
200336
293097
135302
509467
991895
598688
945306
574766
636309
432372
5320
7707
409740
950310
210486
802998
983434
229525
599351
432847
704054
858865
705037
344920
479438
170175
710382
918994
285944
167513
137475
219960
936915
101939
549209
163936
787008
912651
17641
290399
121853
870309
113738
148634
489135
955022
432579
829839
173697
59580
945411
766597
309160
12865
989595
896448
719665
196650
723936
981954
304338
499760
718882
106513
351637
811281
433055
338705
297836
409183
878270
980532
50328
507910
494846
826932
73262
830476
596563
728576
802219
508255
994371
58479
419978
247698
27026
379631
220966
9026
338447
759260
121212
395400
5159
32911
742440
733829
106800
396282
915829
236851
725528
211535
592591
461925
785444
901674
899235
312144
216937
762363
383768
928200
88180
664821
180168
588797
851936
448016
719052
753606
826903
786871
508532
956680
594289
223524
706697
187689
762267
359622
669819
338578
227849
112221
584947
407251
589468
580984
323227
992997
554573
294880
280325
509562
191639
682039
306282
350756
167298
882140
920914
173458
923514
247451
866104
6541
11092
669071
730929
170207
508384
639423
829656
267590
191722
453672
312426
382388
140833
761471
447209
688054
829667
194619
940901
760241
270086
146798
398418
453070
333848
109644
71305
185300
94882
986841
8419
525212
353778
199253
818
286692
562626
620527
171230
555116
485190
328877
601966
787036
948847
935700
502298
684893
565601
1252
572037
977194
823404
350399
416284
457253
796503
369790
487070
380687
161259
12825
673559
831325
652659
776829
270100
238155
368554
746828
102655
291610
325448
930527
988380
886630
106269
683981
133737
154494
366851
772755
853064
925413
201892
736125
119275
842132
552500
275800
914329
844281
985973
653521
659234
928658
26193
491101
354356
792740
278649
456453
16937
795471
930761
41049
446261
364147
643052
730381
596891
180343
705498
754608
956487
626578
338239
736215
306951
927176
230115
879482
888073
679801
526457
349168
254274
682765
870778
675712
275088
643985
667361
977980
172895
60190
633029
15403
333154
482285
69510
973367
868301
54444
822012
678694
2934
779678
264140
294304
565945
39281
142751
60729
448853
305676
704576
337660
225941
283681
582849
254656
676909
583559
49880
954597
447329
827536
350734
148881
360178
647649
107482
30155
163773
94190
658720
719336
151022
422922
620497
641961
945892
186091
553626
10402
717380
724428
917488
712752
763462
939043
640534
349835
514857
972849
972522
578431
97637
164873
828221
487617
984273
11594
713928
710653
827363
406220
808785
241406
319463
99945
75766
32428
616076
907036
934893
285002
353057
474980
806213
960385
452338
251366
539632
738476
186595
446324
89750
401914
787542
254951
890476
543783
141380
449567
956281
940049
299252
890634
143144
464000
626092
89646
587273
194887
605069
854808
196439
75168
676163
757814
160141
858446
149543
133277
779079
900156
670782
80283
609372
65525
229051
608749
325926
881268
719920
943385
656396
191647
287436
502122
404395
995935
305439
36419
270712
461703
174804
77045
493443
634783
746073
497135
450473
710550
582472
905743
447122
911933
983140
487256
452657
369298
317004
884212
574537
376606
190799
790164
820717
880911
571426
45173
795820
555446
507293
208728
875709
365955
884930
988148
159100
205552
958367
48206
654174
728851
393698
536237
62467
256453
792116
417643
847302
904566
937082
516707
784438
213262
745029
424959
17347
477761
193556
873795
798112
354449
616631
324998
303667
999288
523041
196160
580735
190733
136572
810956
147615
117820
142775
859563
397227
165099
966256
719470
885252
705139
13487
510839
854656
171912
622596
69498
797393
817298
343377
485603
550758
672564
616575
594845
129384
883746
331878
495055
512356
266565
535595
430919
937043
976993
555129
99265
814735
123678
251903
33179
681999
872571
429286
624327
483260
493031
549045
943502
340718
603437
227312
103807
280858
334537
729986
841089
417477
571938
520343
436649
866305
906499
121309
982207
315139
963807
64014
46090
322454
715064
857822
350847
788499
802161
492652
138166
948415
20482
763863
225129
416510
850977
920584
338822
950071
856650
997640
486269
514109
183381
775307
762650
89133
758295
328855
854259
203266
622612
132346
532224
52804
548165
924199
920619
502065
614024
636390
592426
621383
698387
492334
29286
91373
864551
156242
71719
209213
457425
646900
122573
262934
133413
493731
652704
737701
109021
208286
787580
996898
612811
175070
303044
483517
267402
650438
728674
82295
337162
751339
741795
204358
122509
911369
183979
992706
292366
707241
687813
284169
942196
66888
877255
823465
731391
797827
371753
970076
565325
861225
794562
393320
672796
164581
481521
716525
524077
518809
721499
754228
191302
827003
687993
144133
280620
727704
743269
948196
462330
322633
109159
448758
276505
651104
481621
439369
580454
345858
345315
965347
3198
499166
4957
459118
402400
334261
978791
898594
928105
485423
798332
821591
618088
190396
290954
136801
156251
700748
736012
473193
236022
98384
202694
604594
825295
431234
903567
387225
80055
479914
425844
600065
582635
941016
142461
228707
242366
540356
65911
594869
792593
218526
308583
18064
149121
174762
708551
305633
193759
35151
2519
974772
185545
224002
859461
755383
115174
490356
40698
345907
66600
905711
47421
245602
346157
43901
795647
713968
610751
552902
434525
758287
97279
111909
263155
990074
84259
743262
369793
759716
291737
33064
280269
364118
69581
451615
807855
996600
282564
382364
535047
752241
130503
685575
63040
809156
836579
595889
577422
807991
37689
219380
247488
69904
604802
62608
585428
351548
836422
436726
126294
984258
871452
434960
790208
206281
494743
226967
303434
666786
518543
266238
483888
993914
594251
650856
251507
121742
67351
719759
205949
605644
723354
760128
755949
262822
47336
716542
272386
179850
199991
897276
15221
190156
40168
803736
196010
726922
978242
776302
332294
688807
321187
566757
660733
526057
798664
816580
643331
32789
94719
748500
976173
499256
653621
470215
568320
825664
924102
822661
499155
84336
510418
727780
699183
440880
149570
65657
214018
417047
469279
164877
646667
469489
229893
55009
93838
761270
866698
491749
298074
710329
757978
945305
238915
121983
471513
5465
370052
482010
819397
849793
177144
376191
365603
165316
820689
510243
626841
459405
275561
458785
384990
418494
225684
553339
842251
535807
564626
79968
258397
183302
585254
802052
637904
427815
633096
561392
402012
875818
148805
219736
89949
439857
818254
961499
88339
866672
256886
57399
136838
17317
545003
843924
611060
674653
320624
880450
140872
342730
127961
852912
135611
91719
281860
844561
280166
270968
711482
456487
48567
482584
104826
128259
148521
336670
100617
553618
401234
335521
718192
109864
572387
407420
799841
558981
618616
370274
749789
928028
865596
287527
829698
949781
470733
653446
892956
8108
632616
434786
481813
317283
62680
484344
682661
523842
995794
575745
978229
919543
350214
231945
921908
544830
343575
867450
279058
563174
656306
422036
307986
927839
53557
355470
159082
542526
34334
168048
453545
183733
172081
562363
796465
776032
649808
505013
861395
810983
180010
494441
191434
383591
898160
477987
615310
598933
143217
6779
386531
398178
898178
277846
153628
206328
370532
304764
736739
585952
434233
304641
224958
966577
300764
727044
672283
772838
829529
950235
386179
439823
346431
459907
885748
351801
707159
145672
621321
659633
665467
455464
466702
533261
832220
571282
359395
998640
239254
861991
947624
29021
778472
660135
285938
168534
857102
684820
270101
776882
19898
687684
700192
82431
244163
262025
439191
464539
664016
913342
158647
271325
552768
340367
619783
520786
310498
233464
362759
446398
16322
470949
550472
605036
76411
278720
257968
702056
538388
668767
85279
9606
437832
841891
377735
614174
343923
292766
335246
379591
798900
349272
186031
432233
841943
474950
949900
405
138488
479225
273529
611281
271956
179953
849342
558117
209356
289594
243551
986635
851146
650509
337211
605733
417501
114639
746520
56839
307958
295417
658539
81732
677770
343850
143044
959380
913586
134981
28503
551217
463284
804112
418114
91958
297528
642726
495536
694493
810692
56366
891596
50204
525533
853400
444250
577430
279081
505364
729259
656051
802358
344713
870181
458104
758267
293873
131101
943402
188744
109005
2736
228136
86737
326391
211888
777176
856778
673158
167701
741352
452199
229012
418
87474
650932
658593
644042
226566
282830
281061
339886
526552
889609
357402
860731
836589
357212
924717
174812
501729
424333
18374
344886
776404
318161
750594
410825
297660
560106
353262
58795
60969
819055
938953
208256
94
954854
344700
268495
71338
750981
114972
976512
488730
603272
897572
122275
49069
591111
797277
861634
962201
430591
668850
311045
896006
332642
687792
698766
105258
375284
262023
742109
306636
238638
563381
443280
448112
383572
694312
484430
946292
792485
619310
886626
174533
462423
680951
825237
186857
589282
448098
675168
556623
627809
302170
310215
38745
362639
802562
279201
572801
159528
578966
109962
708744
17685
38113
47556
825886
718285
28579
922047
575320
926888
866656
492938
645701
376902
810083
953674
718544
359839
910535
121749
21943
206589
32867
565093
283691
301876
437582
602637
207937
377347
353207
46991
6859
458639
52372
150993
579736
371843
929808
876021
216606
33385
407344
680201
475148
541475
544691
238965
850123
79669
32008
282338
504794
887126
813563
120106
339686
490460
573679
838704
196997
756378
438183
541006
391750
395944
585441
845343
895006
803907
936801
225478
589067
817580
748492
934826
93404
194657
814398
208990
222472
779699
494346
158514
944098
333124
149920
378847
736832
242120
164570
778834
884429
817911
996741
937506
216152
545888
990994
634691
506317
205859
359688
177677
870388
369120
472981
119111
881486
10034
566070
838328
145996
827483
808389
806379
39527
329440
452513
135932
410646
477490
438781
982327
716580
675492
542055
526072
780761
89785
40855
776924
922720
126525
485658
80194
758172
608680
160588
842033
780448
725321
922013
288798
622186
691631
472798
984853
952525
822077
190005
276263
256627
841706
104462
975444
854114
456255
40262
242416
784437
485738
978108
338908
64937
625601
707296
161542
428827
810805
410010
68830
793882
241398
111309
729604
540065
597519
552276
10256
364766
675619
536640
171625
788731
899962
372926
914535
737504
478050
776340
455291
546166
994099
311958
674870
728456
744788
595462
574422
566694
825679
292222
841540
817300
97104
263357
570554
60933
776626
155876
317866
342126
84985
699987
77180
28315
244301
45298
177902
517522
273499
772268
278981
114653
541732
70070
564568
601453
51126
326751
753072
483687
931275
554781
930155
232571
31162
930307
898897
239672
190176
932944
869144
987484
138792
473051
851799
570124
827728
208801
7467
320976
453752
510898
831819
678938
714103
688883
546113
881500
248985
955629
284897
599046
448334
930634
391629
961511
720724
533142
174230
765581
212661
37269
871752
23262
450197
753220
706850
963418
956750
140789
368846
628241
537287
816734
667666
11525
729682
38313
172362
971565
152954
458414
288379
117729
269032
327451
526844
631218
219162
473865
614570
460447
810292
29484
190446
338260
270850
351265
568904
785421
303740
413303
785678
885329
794251
575734
24138
474829
776998
816996
995175
796198
575349
589743
580524
575438
69987
644364
853070
769154
444587
653048
159328
349318
538126
381826
448516
602247
866733
955279
958794
480610
670545
696323
875575
816772
908392
912080
902108
833702
126194
703291
204226
433917
361930
505252
675722
24140
26100
775047
377965
138377
812234
332199
967470
235550
570626
537248
533221
907720
985993
452892
734332
826179
86355
224523
478141
262643
38739
935024
683956
644618
514013
372887
755587
738445
399139
597665
857916
454626
894146
508926
214415
677756
224017
565089
848985
535370
800487
87098
283009
663363
773871
912674
212177
118379
513349
739917
160192
247094
111373
704311
351587
54106
951721
56456
87391
898560
853489
181489
274000
553397
444874
696314
367672
586080
28981
718817
514545
177357
650607
380793
418597
415600
743231
871811
584215
319818
322058
255549
489801
526331
173397
506541
516462
852672
102333
613607
587556
728234
307286
491875
67141
904540
557777
571872
76989
999347
722173
725829
193383
918769
429628
927648
613537
456027
867580
920072
509950
43148
546897
990386
791611
328166
511040
587461
701340
588330
644899
515286
852253
126305
517916
75956
509247
928134
270277
944017
273521
806785
348677
336526
284929
694787
664233
527047
120488
119605
887400
975492
780258
154213
654254
89267
235805
70445
31948
514488
461237
682750
212362
579619
456130
403814
224159
150280
341496
911643
146825
786888
696902
816019
301947
104607
928150
144198
458753
635145
456315
284744
291362
566186
242889
572777
176859
760923
457874
167990
221743
28946
363981
275150
286631
583857
216677
248912
644113
75775
195315
527697
728608
326697
306997
240203
406864
938862
14229
421237
963550
581005
840385
967444
641456
771962
658599
157080
723055
402569
155839
289921
638581
202879
577307
172598
934872
319332
61059
907110
97811
38684
708081
724144
609246
80118
617088
387086
853229
976245
278068
175941
356635
270115
525753
474677
439675
862179
597720
633818
656660
372429
348928
326162
275183
215377
755815
720754
566514
566781
884088
967412
767431
378377
593379
777466
469349
24083
658652
111625
541627
251438
836924
152180
843486
630968
69181
993222
802472
480494
190514
486439
871997
169811
704418
969748
420147
148330
5778
38893
792427
745490
123195
450785
154859
450289
941701
200110
565369
13896
829920
359715
914391
348383
547308
39911
644709
47592
420782
48200
138491
21012
838155
988385
432711
789723
103271
334284
421310
964891
291242
586212
401029
893565
594954
934015
267856
406139
349096
88960
498879
787787
940226
916631
26260
221320
179147
606779
414099
291923
585250
834155
11392
340169
259127
773239
451456
482939
860295
602710
386163
977621
573574
502328
812965
719753
385779
480416
702258
504914
171641
442323
276576
197195
653475
203669
646917
400382
260765
223172
177890
408172
84362
957623
29434
542249
14382
558183
685627
261814
574329
898032
36469
8941
378019
237955
205500
917716
595093
765326
75840
998989
80857
301363
127574
249028
470499
752352
126051
994025
599266
638059
254683
49420
954214
633280
319084
857620
386062
988026
118881
682916
518629
426418
212526
471808
703106
723645
182382
484499
685462
391215
615722
972091
325323
148764
461580
170794
106620
930343
55447
260119
544255
884279
26303
642029
665255
256812
274649
475590
984625
784584
770157
508889
396339
169634
902262
235218
631740
823397
615226
561101
323399
503847
173995
530755
126744
839752
339035
450604
500129
430741
8309
213213
351024
558329
36797
243245
246005
858262
461377
183458
767269
694600
701135
477650
835065
756869
220020
892534
892612
136189
644931
134144
744581
256639
534492
156704
11815
70296
944283
485372
489174
714338
165399
998553
48832
648830
429009
245093
78448
829301
266203
998785
250173
810758
30394
609726
285482
53625
809073
567512
710332
641611
900775
303195
135358
433087
978912
229785
612440
964972
915804
635415
366356
239754
687042
664623
60095
970691
124166
90022
662487
788656
852387
236245
777535
772133
727581
343850
902019
113852
234654
324540
680359
92269
289295
279457
141182
339237
983913
71148
712201
760877
935484
917255
262366
736623
468808
103433
157575
74195
790519
60350
648347
755073
260605
961145
783535
381939
423888
62172
599781
281299
918632
793493
944871
742285
696838
168335
981517
424926
535908
341397
414072
556973
747996
807032
791465
913536
739212
846225
125305
417501
241274
364443
682190
914212
967675
793604
64514
957873
216250
432313
602560
286922
267170
454125
97154
762049
692264
150623
662105
38388
812051
95659
57487
890003
556001
493134
871957
991682
355824
112532
706928
248305
21317
774314
538368
25282
884266
18308
23417
582167
896620
139151
906176
755099
889228
909871
83951
316250
717151
761552
35622
785177
214635
935514
373703
933933
551715
958485
866478
567909
838757
41472
210353
429346
754662
374461
360772
60467
133476
653981
648295
212611
700654
104898
422610
811747
685617
35564
180616
986812
191245
235786
554576
237553
958576
195923
552924
966541
695868
241419
838279
953411
396995
637763
119181
356856
202298
297606
974881
869165
319771
809528
495516
33261
655276
387173
105610
888715
465595
658537
324216
606583
962741
376020
269091
560059
384174
708269
128172
414689
257167
175474
433901
361342
433271
689750
325254
537258
165256
453941
281294
211092
613994
577987
391719
382355
662348
672660
13441
984235
878744
439716
783
514634
833306
37170
151267
52778
465719
797393
809049
446984
658885
492595
857447
930413
443616
746056
710746
345174
548815
337852
965219
166331
52696
454557
40449
476994
830918
968207
285789
241284
947069
958724
324061
537932
658268
207718
369344
635471
871586
385450
962734
569643
686713
953396
189687
205821
970577
714963
237490
134100
582395
579932
524461
733366
641017
799867
727080
628673
616273
354080
770546
974287
466889
190866
305173
470622
445557
329326
245910
827415
363495
607491
289358
636296
97865
884257
474575
546804
139241
137523
416060
405674
320297
232840
608405
786004
395002
948690
24366
140895
860700
928323
20173
695788
746533
708562
214849
437883
233150
101537
634165
564995
17191
426912
726305
465164
679971
589569
918444
304961
138911
661354
384019
420721
838389
62713
853526
54908
431395
60763
760357
337520
848849
456872
21793
505015
824475
234977
954479
687341
193353
883323
813727
544817
471973
76946
834248
534384
985150
117528
341471
754889
811739
260911
867972
415412
88972
435665
612013
204978
547739
417802
384957
305695
638495
997610
165405
993387
395606
885320
211943
777615
425086
35349
568701
173085
554086
631441
198403
233488
570670
60016
5417
818021
204785
939329
298513
316451
788250
284222
522037
966094
742127
339543
20730
221367
121885
871662
847310
91694
456427
951855
536917
624875
861471
608252
712675
666709
986646
764050
978971
889673
894243
46796
771642
112116
335901
399820
814778
435091
127433
363057
65154
411744
532717
350556
840708
58572
588394
506040
902266
635511
529760
918318
274974
45063
13764
450002
820168
540917
516421
952262
445241
349989
857830
400140
672554
937822
203174
484742
915967
600002
463696
87077
670721
388045
487804
943393
475387
234826
723606
744277
297315
334596
416287
375445
502060
768326
8963
446737
224976
965114
211003
315234
222933
126151
442651
894188
408397
17673
503617
747375
554459
8125
688365
355022
284034
752860
975811
445610
865734
275073
410054
541752
563353
347839
313345
187126
190651
779531
638240
571871
966299
442602
961455
354937
351640
939537
586472
21890
4893
502374
312627
901686
623754
734908
379417
455127
560817
257049
133918
536397
597445
130529
595248
455640
548462
780404
10064
862372
384617
955555
33775
885847
436042
628101
519667
208598
765043
63060
231423
508638
954390
831085
342392
605405
811116
405222
385152
369323
95164
321007
574423
184329
343275
871874
866131
820010
319037
983393
523982
931683
609788
295717
268808
676175
171469
161358
31586
190934
705870
467899
716553
139712
134414
54207
280061
349651
664111
378043
907433
697156
722970
189695
834315
354297
133986
855870
808220
460277
119759
114835
112364
117162
694906
688941
228564
938885
864845
54757
282076
954513
382036
563697
525106
946654
591605
687588
89355
113183
109952
683761
866313
97471
252879
783464
804850
943981
324081
146513
894237
513356
652832
661665
666074
839072
292728
735626
616347
971352
73822
413058
197771
68304
884996
152177
233726
267761
632553
183868
248493
660232
948386
829921
680754
893403
471815
176859
616159
558843
709303
844335
429901
274492
98709
420851
254355
216956
237236
761987
651239
580268
20667
455393
488884
19214
676084
995571
240922
626728
344307
298571
607242
878686
26790
997434
358138
162009
918306
709256
648236
107023
793485
476404
20188
820907
45425
378160
441021
744895
793672
933552
244724
335545
202979
687557
925007
300286
663129
154422
996205
497416
386662
517281
57905
652117
843747
442242
304928
912102
998613
612043
36308
476124
528222
661238
586168
80864
353409
505565
129302
709800
946286
143192
124452
339968
14077
256481
996048
195166
401564
246032
516971
860349
19478
705200
426706
19113
777332
356549
709417
135501
383774
87622
285751
101471
89670
681376
835757
458843
753697
15663
219112
471371
310923
692844
308156
781372
703491
840513
544023
686488
23503
651651
903334
801787
121273
59553
400662
382897
98041
743646
448428
823398
648005
979504
384461
978224
143636
896768
50029
558583
115278
915842
49180
523976
688247
385525
902866
996777
647721
811375
416539
215605
685648
513204
849181
112082
30791
687603
997981
482235
608222
957564
463697
516736
852892
734733
263436
585688
169505
559978
310760
12430
866963
726279
734728
704610
81234
958750
445208
868284
820721
141731
619607
570100
357548
252821
325597
586793
589551
502987
58411
225349
71752
337432
529452
937771
615089
938920
438099
243540
481751
485572
773736
924345
714245
664559
278358
737215
547430
522577
259687
133368
267279
585260
67862
479453
776152
337160
76874
139629
194636
415097
215630
659141
464852
876054
2076
183149
84733
150579
898044
57921
226587
216961
912811
482559
534974
698311
156538
16312
155390
375944
842421
157787
988221
398615
201541
4552
134381
436877
449673
142964
688093
162499
976685
600418
332356
575024
219690
647217
176768
144190
745112
891904
26121
698719
481689
348730
122256
408293
43538
308767
55045
600993
577604
134130
514604
473762
498293
830353
450578
579337
240661
668403
172948
988799
136636
122210
670956
682865
868080
331684
32656
733093
831631
435006
302651
728104
915490
432955
190195
879979
656778
227620
312553
744333
132642
663022
481434
958280
322859
113801
732114
154939
711537
176494
852055
993868
283028
883818
298511
802681
162945
185173
406170
153569
155862
167851
349741
142333
986801
424483
852617
344815
98328
662285
680328
143241
532401
959751
585198
272616
349036
519722
865301
915508
685129
382352
626152
517026
757818
141497
408476
197204
714718
174343
493795
77580
139519
458780
303350
609640
918713
165031
272732
22945
960373
868262
24003
427777
131891
651858
18718
828470
577862
807720
850635
377989
502496
869992
798602
919384
42105
953542
35657
355730
532253
271675
983095
275129
782656
18416
736093
918131
277256
600186
458946
682474
837093
239596
333893
342303
3310
527007
286482
652858
3106
786372
123836
584582
88672
228734
279075
494025
240070
180224
171436
59327
448552
185035
854834
201008
990359
199046
835812
399194
747311
553659
545115
554038
260235
588763
141684
646922
113238
113940
840193
732516
862973
385050
934321
633981
725085
369394
318745
935602
804369
716440
113857
990578
594633
922622
897708
506570
100127
762286
607945
761419
104248
761690
819323
60753
360786
317470
426323
6430
110534
354701
868770
60549
928412
20253
973977
541129
388976
472901
286361
537312
249374
229735
604436
293983
60713
254160
551127
800129
332880
233214
163502
959348
444922
658866
748409
588777
718403
621114
230145
404186
533319
401058
248627
830844
178349
464743
182298
291201
499835
223932
945428
852331
539879
948413
83473
96788
85348
85463
939216
691789
882958
822970
543501
942167
404383
904239
789896
65674
820772
723971
302374
875881
505570
483839
993112
856076
446631
213135
89852
270952
658115
292828
809171
567149
465554
537377
850752
763280
804415
786380
975631
616389
551498
238926
54305
764659
774219
312313
791290
500215
64081
924219
321352
258688
97909
107842
713533
495517
913597
892193
641715
451616
604669
590591
953646
173605
982544
362512
476692
17355
88888
563380
994735
845234
673186
74467
559137
128342
196951
100826
231157
990322
919225
858802
314805
706912
871733
884098
742524
486537
396863
280937
133318
943881
626470
591118
439877
543600
546145
530392
501772
430588
794554
495644
678164
139147
252871
487144
618475
543902
836893
314300
374612
478088
175461
240375
425657
849981
242752
153756
195360
75546
50671
391218
321584
922832
265951
767893
768026
54432
436630
304778
459890
802060
555627
286086
339669
127360
387676
15051
219498
753616
864796
81408
132794
209498
302646
587936
103349
911477
774571
548495
138591
764180
457500
374775
558293
951740
121888
377984
13589
168516
801969
840384
313653
496614
758697
476206
560218
88944
440697
965058
799173
53990
973875
930642
8384
862442
336062
386497
445838
628942
385632
656888
272048
786460
989674
910530
734410
673168
479649
455516
248397
949685
619678
397184
866391
785020
324464
581549
161411
296313
205404
330828
378999
554536
674482
886426
36123
390608
332814
620905
581622
240317
606916
254599
175278
721009
937338
264086
840343
278576
857918
907877
359034
687161
575270
416759
44576
663023
413714
451279
135771
356264
519635
81835
104308
160632
122332
922290
365188
191458
288002
59418
870057
588629
672811
415140
610606
736895
99059
473986
849416
879381
120719
213482
838725
326214
396377
705197
949048
31352
278809
573505
739600
811369
188743
652771
328751
758973
277723
404040
602315
591049
7910
940031
940837
706297
301723
954698
805223
850148
275020
119886
94516
251116
147856
255213
741086
672576
107620
640329
134633
750635
504831
753935
51572
472082
115085
80732
146086
912295
802372
405938
31943
186410
639479
430667
102142
688772
824359
179387
659864
960715
883026
555481
735453
585261
475527
808617
327922
475945
394015
223908
75689
815623
104052
702408
137792
818526
807885
371813
320134
576460
530386
244400
364604
752940
861435
174201
911356
150688
880108
938670
806147
399486
436579
668781
48866
562688
298042
225460
214590
255574
924272
657878
760552
340309
931737
725135
580597
731161
120229
119407
701123
241944
111489
527450
215927
557904
210450
772705
264390
913853
323516
237853
670331
563437
687035
755589
435234
734416
379912
696648
407917
25345
35096
635021
736641
583188
861055
407180
64412
592961
664648
536278
609415
764716
994874
274717
468642
952595
642849
962830
618779
337159
640935
740216
492318
316862
890067
37031
640860
491627
85130
876769
849885
457073
403957
880221
335375
602328
332315
462285
263895
239509
775512
156568
515932
598341
896117
849456
270177
789815
141462
579467
348239
462678
229466
981978
569568
253754
327835
524787
439184
857988
625499
40790
203017
312085
277868
325575
485692
149327
372025
392378
684556
823389
162137
61035
360458
264944
2300
255321
415998
833412
480525
139888
567436
2929
493340
278626
617479
260066
996786
851489
954199
707610
494476
725916
36632
300561
535875
320739
755092
845381
43590
519292
714657
49796
748417
897257
321345
694568
21859
752700
487551
422473
296238
904819
241505
985633
746188
861120
132450
404436
338607
552459
179384
247250
576288
726037
592190
395780
619360
291392
675674
686844
744930
580731
936503
526414
585407
277333
743821
198437
163593
253181
353558
916773
499044
370963
650320
660282
502428
350532
902839
152020
452191
849492
499218
648375
225844
936511
420082
841411
626704
352442
494992
307732
806236
173800
231472
101209
609602
178901
211249
374345
109111
965588
243324
671673
79530
67392
525527
650851
1052
912676
690494
811269
312933
618750
856938
873655
801330
780220
486601
335601
814000
454522
517058
461834
281162
813513
219049
987047
599708
586067
791663
871601
622422
494593
292281
478004
671607
564213
828161
626566
707024
886117
979421
989253
463175
675234
198997
230618
242689
743092
572608
991219
992500
272682
257687
809031
917927
678028
636818
832996
922353
486211
144562
915431
511100
73786
155098
579337
490273
92762
845222
387275
338419
254421
240036
929962
963020
378950
319305
263829
779444
218129
95172
244097
388863
697640
957177
897374
326523
426886
445355
43604
29194
573508
666671
7539
323522
366989
672781
964888
935804
58368
490524
742207
522964
367678
85792
798271
884424
835012
237479
690624
509205
588961
753464
156537
484947
182871
76299
850669
746945
369775
932624
878889
814128
108997
800776
705038
621538
52308
62876
699185
188751
381770
663997
980175
106652
929729
287211
288414
337565
911973
227809
38224
910044
552148
238239
156462
207343
392424
269709
165361
402141
891993
312420
312081
313859
396696
671556
346993
576988
936924
429357
845176
466187
387421
91271
40369
123635
712514
443535
425087
522233
299986
933870
533560
555826
666127
578932
670219
861180
457157
753717
269508
918076
8837
386430
662523
38191
478520
351236
295607
541193
310770
525560
452034
713259
218292
730818
262836
208738
849750
161512
370595
378647
661156
329728
759055
549379
638407
553584
908299
540437
632646
347309
447975
145167
806901
374166
964627
839909
483676
928178
465773
858198
902208
444792
441172
22756
93248
688175
521928
383832
932705
59876
946430
790210
159572
38521
777525
973179
977453
595424
193174
182671
703737
858591
944414
138359
542354
405771
128828
526193
940981
372614
183044
679205
527105
832288
255465
880488
416507
249717
807619
565038
374851
276633
696318
957935
716373
900398
194072
229521
418930
497648
520524
91692
799297
65081
727379
589376
346737
142290
934504
71493
20245
622846
285747
892659
146459
555611
822815
823601
340785
270104
188697
720820
337078
619977
167010
584428
553446
768188
314664
539084
199069
478409
617927
415361
76987
567898
738741
207989
329427
146463
661277
79679
447186
236381
727765
570115
190046
292426
419694
346122
107200
464396
851278
308323
329310
852846
306923
307567
522860
551615
981222
355644
727827
874689
356564
776212
890565
871447
85156
865054
775419
44707
795534
58046
569317
209267
118911
434906
462940
819574
521634
59077
32730
358082
253088
585116
481396
570190
770057
243401
973429
564274
883344
738706
91969
577409
25678
98374
220097
404991
459784
63137
90602
4021
977790
158665
943033
246157
927142
914621
159152
569394
724249
626756
114950
831962
4982
677192
824818
74085
442788
668709
988556
883059
179591
894365
756036
372534
456198
617092
937636
531726
310262
329294
417449
973005
691014
146024
440473
846908
710226
981428
828784
825110
917383
111705
30155
627778
47134
966941
811661
753555
164951
574897
749066
54779
327102
671673
418261
718891
751763
59739
907414
826606
424618
864291
384211
649195
521719
780842
384811
449416
858074
74976
371904
812771
153388
11721
757777
707358
67682
718002
892428
242022
62710
547940
971550
401125
433901
751439
953205
917199
775819
829454
379097
759511
454252
483766
474547
24651
389835
601177
43694
993882
597225
305845
297793
853634
165289
458092
122573
270976
701716
436253
676207
760058
299846
49129
194667
252174
23598
177453
17656
1276
761017
982539
907850
539068
112844
336055
982840
792474
55091
51140
376748
603994
902116
735912
755432
208649
399017
359021
483025
825705
726412
510388
861435
771532
921514
511375
687475
169303
154195
160888
342604
331455
844504
453490
261333
969636
558634
967538
714313
636683
55908
380619
59613
625947
434461
62375
343372
381250
932293
611284
706799
428496
971995
943976
419600
619327
789732
636988
960664
343301
485047
733388
993567
687305
493584
165488
315210
381091
651738
77801
286632
649146
973087
486751
684847
868758
348567
417571
604785
534871
935741
941455
988559
988035
35547
650210
106739
124500
114067
174115
207344
580497
711658
672261
493500
282321
312020
849309
273471
849600
404213
744422
456605
730826
890321
995339
753789
544813
442967
382009
698438
296971
707167
732944
480551
417607
805507
431338
539288
195453
272046
761941
784712
385860
498932
517200
700124
422195
737525
227777
387719
159654
91679
298098
392999
23824
608428
70327
746788
674869
302584
210466
383901
242529
46381
486018
386243
246503
913485
858274
905144
799867
81936
710921
806265
975957
48488
941946
771503
426025
728489
800364
551696
741211
788453
5892
523049
354070
838095
971744
259071
71912
175387
413309
640140
571836
38401
73686
936694
775637
742909
180773
948237
12349
452975
132059
287809
649789
896407
5628
312356
367844
877673
257636
394158
644344
296454
422237
140710
179781
871609
766729
365664
77571
628157
469422
479625
314291
899558
550098
963273
872309
586631
606376
774230
774168
67814
858170
900824
57959
576195
982826
265226
159805
451352
409887
640560
852140
112993
255025
108433
961571
711651
483952
592391
15647
694550
179156
521115
45094
547424
198681
652781
943909
352387
158765
930198
28823
559882
326889
667540
465642
39297
392982
944230
36335
620576
333010
470464
290065
435681
423279
525211
100077
744824
873840
259848
483275
809513
895119
735401
14649
10635
69604
403874
144783
888396
14636
620600
611763
636026
217150
427587
797679
509908
830239
482090
725045
322625
447411
931293
627748
248050
183363
586673
431516
633869
765151
558764
786263
832703
159516
73530
356267
176645
511503
952326
262557
340564
802834
240331
9340
890228
717176
162218
654085
927776
558110
160442
753268
167259
685098
323592
941453
425756
458600
735417
36362
926982
284926
449656
998769
400616
482445
616130
73507
386414
615448
976837
569602
6457
894556
457603
8834
408051
66320
455177
50066
664201
216415
239007
790848
937686
315191
837021
303223
985306
812905
463182
897061
484384
309658
663769
861674
246662
521017
491263
503824
531459
629136
963181
304208
605063
526358
159965
763868
514585
492829
661000
393915
124595
275211
494403
38541
464328
887438
642743
861793
85180
955967
738212
140067
501295
748235
463518
15640
386961
531720
7923
331445
670509
929681
345503
892425
288851
553388
143876
978229
802596
873795
938970
72283
583226
509802
197187
774006
495208
210262
166942
331650
502456
123719
791598
90661
552163
79157
677660
863774
950111
260842
980105
375704
988784
451201
58392
699528
391474
657326
171586
80253
310749
965029
325910
627727
837875
209206
528486
817459
158759
438520
979103
663645
304916
903450
939725
121505
345694
322104
633392
16608
926858
56120
667272
589814
526623
968300
756786
907930
380560
409408
52458
165402
616719
83857
698155
77940
472385
713333
12308
53361
267811
969126
892285
859323
22010
113574
53439
670790
927649
150833
721958
433201
835332
895167
723168
12864
156722
702417
208134
484797
296280
549081
796561
396646
294184
659206
901491
411596
744148
443256
268109
866216
925785
427404
306568
838880
610254
674046
15908
527868
542371
757592
963710
231376
294232
725517
625521
292229
411633
779053
82219
668293
420548
406368
667559
558908
532673
854802
703704
943278
667934
768557
60790
913619
911056
48216
418559
146644
451567
920350
312085
952241
415232
244832
478158
203204
342683
58865
910999
207695
830884
203178
951370
956363
334417
378318
630187
63049
258009
499591
565271
710397
191672
457055
573565
361953
636206
59190
588970
225663
415721
19911
25458
921597
210683
852667
433177
647419
149117
596555
489874
386820
574578
771422
395579
464024
630737
277392
99589
266611
469811
466462
968734
256463
707477
949718
194114
967192
808951
301422
982400
457173
99058
340927
176154
455079
519642
156059
875918
869607
891356
297525
412620
692218
408486
522159
650001
254081
99203
639910
36771
511724
880984
118479
168515
237437
337325
390441
605074
233211
931646
377031
618429
957808
193919
593164
185409
680106
240682
242647
678397
119351
36788
277763
7277
682619
261348
14164
534048
619286
869936
438966
58490
916223
107460
355326
462180
798606
599625
710325
799191
626376
286166
71246
875917
194969
820885
432938
840856
464465
487682
84926
425435
581359
344032
756481
811721
119836
545731
876432
179234
815957
569109
370132
774786
890674
866719
47083
737572
899307
194167
99760
279041
884370
146209
95611
849159
130606
91404
853655
267460
305903
948501
244649
687935
939125
560183
830802
43829
853700
329250
281178
352015
561506
746787
231032
417078
388882
281217
653045
984090
60369
623731
157592
471624
564128
58094
256313
818693
846081
290492
33217
771228
782778
846712
980276
218376
888941
566498
558109
911775
487809
841385
106118
534709
959287
662474
777600
388318
278450
895309
28431
321444
123108
133968
18697
747682
163390
392321
437646
357498
877340
557248
2708
130083
590693
764676
489810
808697
437873
603197
601772
669008
363972
472671
374533
307538
515876
160699
452801
879577
528168
74609
333710
749815
740010
387491
702443
459279
220286
570073
520453
295577
886137
281730
443049
517577
687726
197786
526515
668882
384617
826442
910338
48936
647559
593690
624894
2494
679296
365188
34414
839636
367157
589676
21244
923153
521581
181901
730052
520607
202622
872454
793464
545054
269573
134175
344435
460405
373698
799851
290480
363531
191744
294782
365997
862980
682457
814401
612602
733396
339169
289705
530987
987528
690600
602397
514633
101322
602034
861146
848939
312412
403264
459454
955261
234860
555174
105661
222869
208538
164679
381988
228224
837526
187753
991376
299209
17351
356223
48386
760504
813875
245369
878078
645513
504970
687909
206413
855898
639766
840893
25143
998067
92217
243800
185273
488534
497342
178116
785314
65708
589764
637000
405914
508473
441636
810060
862383
932184
994071
154670
65146
982022
839915
736204
21468
261029
312944
466584
137266
163103
494401
736867
55937
310891
682340
336831
212113
122753
923715
364767
532562
224415
256236
177176
497670
666997
762138
306212
322738
767670
324546
330358
782019
56201
344785
505888
995769
165570
106147
923483
645598
901839
592483
922106
306158
836546
546566
781960
606133
488678
120520
974851
561818
44767
428982
369976
175157
328389
461720
268413
209683
304677
565436
193125
194300
171232
115800
637966
52104
613789
604359
892661
846154
287088
194738
121187
14492
430922
270737
812073
899049
341961
111401
738563
271720
759847
504557
16816
336564
104036
926147
665253
703349
340390
412230
728935
189788
415923
692675
44594
645329
46454
48369
615969
452663
689523
571485
984396
723090
695654
203452
563822
495159
14996
771809
288567
708252
881513
617810
810574
366752
317607
22134
174705
317045
654816
20135
449305
819904
254526
808144
961565
748330
642782
930471
718704
559768
833188
195757
430206
951246
383323
926896
624445
575633
303439
808970
494579
88500
876745
580612
688567
811026
523819
549995
905644
722761
702188
327693
48575
219591
5806
534715
533574
317033
825828
178606
257218
780412
985899
274662
174197
208656
894398
524762
62991
195899
27468
183189
412316
133038
401253
303964
429319
804900
147517
907917
979349
795197
224208
918180
926972
883170
609470
166796
88456
61842
341402
634580
318694
63223
260974
267039
102784
884988
164206
886897
841997
447668
13464
282853
529842
654877
509855
470531
594743
522419
729932
367072
895150
157158
483317
289721
197950
916209
720078
685612
640816
399722
814597
856029
538998
883522
286845
355041
545390
661337
604012
7587
390283
631462
264313
657084
951370
463158
26267
495637
112966
843572
442158
27391
243839
872275
440601
35016
646361
725060
255341
670745
540981
502691
217954
184801
803850
706459
22365
286494
241759
715754
961047
793709
463581
749191
792914
502442
500746
661222
631387
222408
113127
500312
589355
704534
717863
491083
113664
813311
510141
245789
114282
865686
247833
171297
241951
320178
693867
300506
363083
527491
319948
738988
582532
261555
861009
278139
483047
728420
528255
542711
256151
285580
823565
556772
139460
966241
781354
78674
126977
698009
525133
832774
399128
778261
14821
460418
509484
799690
701625
98818
844549
948954
212817
520494
748504
589570
250129
582437
240338
852029
856437
942504
321882
805652
641926
316759
185536
889850
809855
286574
676115
140351
406333
877910
471793
926524
83177
490023
88738
22688
440695
330535
387782
557987
343761
201506
15925
385381
922237
255506
343447
980160
626246
782374
813065
691836
103151
907356
183515
148489
83452
937697
83942
292406
184905
964099
24455
833945
967974
637134
245821
310668
46721
616530
184212
781560
848731
27831
998832
461061
72516
402345
974464
23486
160898
45659
875486
482232
111405
345737
483304
111208
637817
89798
18822
536713
858250
539885
103971
44363
241534
274848
285943
28312
871875
205799
613829
813097
61140
11469
540481
601425
474097
255500
7138
763763
739797
386598
493061
263031
838423
762455
908568
633573
907143
509174
13935
630976
579125
51170
276745
536671
933639
704244
658377
436812
946232
156777
834747
964988
54305
4995
317034
786308
573510
23132
520492
560946
654450
818790
72067
456179
309147
507640
821827
128043
518155
775642
550520
875885
775706
255136
264399
786101
821018
579309
160302
856983
28230
509487
301527
835115
898535
547556
88757
713325
913367
649507
678905
250918
834729
955517
841122
257357
135723
75349
814966
338610
368255
769807
638457
292655
785696
950007
837649
720031
392313
312294
797089
102214
833628
552429
356534
997108
115983
204593
899280
289767
840715
500492
391319
957977
727407
704352
167138
713990
179292
564149
116587
986758
510072
926926
972780
684639
203291
473468
305085
569531
805423
233060
138293
547159
229806
831545
501003
803198
670531
220516
700052
495573
757752
133412
247753
399680
767571
779856
313194
947818
252706
600496
130520
32866
76821
309201
726234
670671
557958
397142
290937
733566
166817
990141
183369
602739
109561
652421
139165
220589
576938
688625
454133
835650
780573
613494
59883
669830
789853
328365
884952
622522
630966
464678
959417
408132
611260
81904
888613
906526
2233
966599
194972
276873
193568
499119
713415
948720
169049
26881
468690
486540
887624
334238
101678
44276
336817
539075
921051
358182
526436
904329
668317
742085
435308
995048
337674
615141
81362
188152
698894
203722
289065
357325
790194
446736
339170
148738
14274
455738
222498
499500
890299
852902
659231
259943
132800
636790
932019
608961
297600
303057
874354
797486
195273
221251
946972
654312
321894
595108
379286
927412
824622
327670
412806
739781
791191
318668
833043
443139
49150
489133
165459
206325
914752
816535
269947
929390
898020
38541
253435
659467
382641
656156
400553
723682
445965
745754
709864
261490
244689
156748
53638
798206
61797
660073
371912
338922
122406
567864
962181
212837
17592
411867
844
944710
457816
803755
244317
151259
464038
323598
553631
437150
359017
988416
231974
285945
286837
26591
385605
51785
81286
575509
802892
556692
737875
422499
832943
74071
971874
918531
394523
595845
190005
344474
901539
33634
903914
198441
372030
214257
17546
596275
332757
771778
205003
335207
579668
163460
289270
743469
385447
122809
198228
846918
781227
492446
692239
539558
119400
834925
768912
100978
577976
936569
832835
444217
325057
879315
634699
880824
596983
205289
729872
926456
505250
154408
211562
824539
995677
809605
281129
595086
394986
829738
319535
266957
317261
907933
173921
55349
889491
483096
51432
386355
8834
975575
439153
328746
461784
350108
75317
541537
165468
878824
390924
884723
954565
191701
445070
623461
495486
683966
527768
377607
96524
881294
189562
594313
706249
868581
362877
341244
440455
350663
566701
198432
842301
921253
411082
907590
327585
275144
493770
136053
600943
276876
840187
810637
24557
354610
326768
651456
758239
865580
271132
171120
853017
105583
480537
354791
551998
731057
781563
492647
79973
494656
588774
822356
229268
712952
986534
591956
616498
779464
336533
332131
823206
901319
344614
921287
620658
11314
345178
119022
539064
608972
325274
485373
224133
88909
291635
567946
270473
291318
229103
876292
163966
57946
581038
126898
35339
906058
44883
864901
634143
182276
893125
823275
451683
430323
611967
833794
406842
775875
682756
473720
399337
420100
801520
110476
739769
344719
579449
523168
231584
401306
534224
396830
849530
816454
611066
191279
373774
122509
491699
858793
539156
668296
803530
940098
963006
781926
46307
964939
375189
672845
140875
783852
877335
921869
446759
309599
555512
911552
623101
532273
258529
737074
761468
214682
878425
460007
19193
917651
471677
181300
240630
240787
438212
181375
535478
978589
465695
516385
931772
85653
990407
833567
57173
667420
347974
802107
727655
103951
207019
535342
89760
129097
813288
727780
97303
33286
518001
169136
762220
683326
130245
66028
575354
564622
14594
824648
448254
659040
297222
954067
796357
838065
890887
857023
123240
705534
908384
711073
589223
144977
704072
114198
434675
823836
181648
977588
473855
940056
825746
760303
13434
414371
730317
709336
920334
660105
122179
340294
113454
306938
497689
190093
263253
27317
60522
421340
594045
295518
194741
306435
212303
489211
538328
145754
621455
824368
834406
371414
910434
167135
493536
590457
572478
653877
138787
201195
78018
9676
971193
21802
109395
108538
282133
903552
522943
845633
678925
712679
505560
512742
472371
609266
404454
668358
519846
325780
257857
309498
652425
106365
599107
72878
778613
444508
531090
56033
693303
977757
27659
826966
184826
635171
190231
71771
590303
432812
648408
168729
711393
137503
88437
964420
232409
640210
643654
826704
632775
526842
778869
37802
621056
470207
90951
117084
70463
581593
659211
532133
520804
389757
386606
314448
376870
323593
380743
887972
871058
449176
314815
94449
830179
306556
722626
992882
533660
328557
777846
195187
606112
985214
307991
602303
29771
307976
691932
997522
852400
494523
733832
468242
552651
300960
59848
862954
21522
526946
127638
520994
725222
575296
831141
34232
531532
782619
686637
385779
878646
60787
896758
386971
966335
364776
399771
12300
586809
736973
806232
740191
634798
550278
106887
767696
895059
252247
191574
796605
99609
210301
462704
180726
833092
75569
658723
487893
641962
831320
533348
677767
265510
775163
378361
353784
881993
873259
425913
573464
31959
226049
214982
697444
907591
657020
915793
13535
304899
883149
595392
122995
188647
626576
814076
774831
8348
820999
953089
668539
503977
95828
748833
870258
74909
696114
692166
843674
591738
388169
178268
132152
330375
321607
705035
669116
240945
308507
505493
116054
620824
43538
200217
262571
144504
486812
434202
436608
371265
600224
508737
344146
988565
965904
628198
243234
261778
765557
739918
904763
451742
255672
779960
303117
986663
568237
374517
646097
61397
357046
697096
519513
73710
719734
765100
411915
399355
534585
287315
646968
85107
202858
878659
848376
388388
759812
827671
425054
890747
410571
782331
327057
180920
492599
925203
83878
691469
650887
331000
42089
961084
437361
15043
509347
401113
74364
151024
61060
832534
863797
829801
4770
133141
380253
909846
285365
382872
746263
558013
180423
446444
815356
242958
459754
56777
996253
220180
237246
834160
813442
101009
800582
662243
609914
535735
619669
713077
270643
919941
594201
375528
964251
122222
344218
560838
103270
696686
788787
322633
741502
944697
876758
898074
518927
581295
425346
691915
536691
322326
833933
601707
370303
637332
140729
8386
768755
532159
660902
236665
336546
515790
674793
982870
443750
573005
508151
341590
846178
414157
447106
352746
852444
229828
528827
822560
122556
27040
37138
7478
344585
971289
929942
330417
329147
581294
608845
633772
512641
335072
456344
804956
406707
697925
894058
892266
487843
440711
624395
849487
729758
892986
205033
622680
778077
291664
512870
857900
796230
411395
539165
377162
917501
26283
950680
971806
449205
787123
330961
387151
690853
971583
551070
878169
491157
448373
33781
670552
830047
201726
695965
333085
592303
21995
926462
151222
979462
908892
141524
976523
3521
71314
645184
857951
2518
925665
872010
375117
280075
843692
892388
513935
287992
405607
599829
390984
152026
331935
413398
77936
49679
337009
340002
756574
771073
1804
417038
127727
315402
27638
203098
29447
123606
823853
655677
467790
877921
916662
285097
401040
815497
854506
91202
820848
776540
876036
44196
769231
531665
977001
47199
810004
713054
906154
826428
140510
347795
329971
508482
404529
397471
893386
347317
799156
314162
126599
780031
407759
608828
411123
583454
383244
274183
950121
484936
963488
636843
138373
162424
394417
725824
355113
553059
109673
753248
577315
330844
477763
733002
76830
371534
337172
391132
186853
214446
556291
30391
85704
970583
574849
764284
510925
920688
373435
267056
50469
229063
683450
52263
744407
576317
864431
867793
922139
911077
194643
320294
13658
506655
762019
687581
113144
263786
955884
944150
406920
954981
442826
144662
963938
559467
533119
737948
672477
395490
909722
891352
544581
135192
114568
532508
983376
795561
454008
12453
283678
564412
31311
54126
354907
945586
220588
869386
42069
264522
549264
16658
686438
758122
77918
118860
539416
727614
123852
255970
544172
658457
765279
405364
511587
314853
775995
975717
681288
304220
686554
219028
791507
517400
55592
880131
106036
867446
271997
888534
72478
32251
106450
917725
11763
998121
508017
340681
457457
196692
519140
646342
39086
493465
284587
809713
329299
107379
363129
498957
303447
358745
504840
765682
805405
648864
84492
254676
636762
837105
928755
55936
826482
727782
569177
213602
268812
321558
725588
996796
610043
238455
246224
963747
936821
308077
674942
497184
344321
531076
621246
910697
183491
141047
586123
235629
254639
750673
555389
573877
838505
739241
655061
500939
227050
967753
594380
653079
504341
718824
699852
590686
657202
344235
621501
802389
995493
596675
640140
35075
750682
184377
827942
830991
616264
287625
461488
746754
11056
669081
185165
394803
718102
885399
956285
77733
17261
427162
900645
355317
241676
468038
110069
353036
407452
944119
667405
417930
552050
893112
227421
727486
907996
110900
312540
494981
148996
385197
742264
54681
26168
685995
70192
589512
848688
89565
184862
813449
980510
111891
289418
736913
698066
228222
877737
156002
247344
709771
133832
673263
638714
856252
597869
122474
198621
841703
527858
497570
729609
294053
441437
82267
635157
556405
109828
876349
531208
104674
285084
2404
323101
239503
838909
192517
935001
257145
582002
43518
612183
938762
885424
866551
673452
603456
242197
148840
998185
834458
68101
403994
735725
359882
670691
37649
946842
758620
221039
440335
638732
675024
143480
691827
219396
730131
923549
645674
766549
514432
568655
605571
745378
384278
990514
9274
393544
193836
470060
335367
376040
273506
996591
596807
924674
449564
533500
664357
86144
644801
57721
597123
105923
569436
739304
790018
130622
354278
271646
340912
911524
461566
536999
239385
673302
260788
741894
749872
554118
485602
280678
550598
685808
176768
994677
861237
76921
39433
510180
51670
927512
776497
151778
965798
243726
537812
498541
589166
335175
370129
140189
174343
22878
208280
705637
664596
127790
590104
748176
768932
262071
145853
463330
466740
418685
249955
556634
862651
68060
5516
284521
19248
730980
62843
605735
435954
247058
297303
302055
309740
521655
807033
805607
897506
49682
885115
661178
116054
660461
732086
163686
383044
441286
591153
431622
217458
543863
930301
615030
651702
255926
938281
536510
718681
923490
107511
208884
918905
603932
219773
841306
221051
132171
480513
851678
217674
238488
712140
625486
351981
657122
665362
660650
764850
206125
336622
495234
991114
369498
195113
332168
393308
508704
712108
177142
848197
88864
351544
991264
677669
179154
760761
305786
461382
537324
599830
413343
258665
593451
137928
541004
231458
633229
468347
147320
832770
61536
730857
578684
883957
407808
197635
558971
675454
472609
593017
827659
685708
675148
294840
827515
774632
473819
631356
372537
201495
999280
386935
947389
648896
901069
588580
861932
446855
417820
643607
173347
83976
948710
604537
205530
657539
557912
154389
443162
247896
664885
472887
480368
863098
111154
979556
313754
576090
144996
635709
381303
324681
113525
333186
970913
462289
996522
649497
881288
346725
707060
138755
558267
989040
834089
779906
592089
270278
700390
189279
296612
929852
169891
895904
664663
753311
705449
219327
970859
686623
961200
435820
721243
233657
333550
654580
639036
980234
981240
358981
152080
330446
576034
917171
306536
668526
501718
507330
687481
170902
39753
305263
876589
178178
887821
592261
755320
471160
848319
515291
759156
869410
409889
940614
356216
124672
541961
625532
558337
920570
391106
915329
742603
497572
910429
998372
683117
983556
486047
268713
171138
331042
45377
994942
357086
927111
399194
156583
798216
91284
523019
416151
484771
306567
836820
859443
187320
630482
870019
46833
723226
831724
796485
355605
314401
63753
988582
724834
655606
131448
184771
534245
5242
611834
989288
413004
580470
926893
757146
559168
811876
579928
670876
827110
522716
73077
43054
257954
942069
900770
998451
403990
903777
551829
883242
115303
350919
796567
746483
112407
223441
97159
141730
888544
504609
849731
735543
708028
157228
791577
827364
863524
342680
988229
252359
66841
37810
937684
337814
466526
412560
640326
484573
211169
289897
263653
683475
616547
983956
256352
842880
293780
784828
753771
272494
107449
446454
931344
649976
57805
377994
20505
905529
738922
196552
889746
336094
908834
366904
680648
648033
692786
913914
254647
442131
851658
410898
251680
662036
388492
858729
164931
836652
254018
799686
256858
870389
347330
617281
249034
716895
510156
139350
904210
332234
914357
73919
383596
171240
710018
836197
682290
366800
445931
693005
487819
560198
877678
989548
786824
628333
764024
613357
813524
782711
885448
192689
372007
295318
134589
165256
433021
834482
806994
948075
298119
730992
57010
424073
762778
374463
626325
2727
995672
79966
224119
427649
674939
191161
104818
176019
456362
978142
250242
14025
449710
101032
653967
498195
342195
759591
353682
10377
453877
614421
458913
90232
945084
455393
814532
575616
518174
537453
576415
429396
588960
414892
592211
477386
364533
228825
955398
512179
368530
416201
293418
572755
826621
834191
150019
688559
314206
542408
583936
142436
13427
632011
426400
576481
251291
31991
678974
516214
714324
238735
1541
352503
719659
520335
626626
26433
448946
88508
151302
719282
695187
143704
998109
283245
21988
197908
316731
608782
59140
851501
765836
730425
420995
959265
790738
623115
941743
458746
55103
961271
549527
500159
636386
894654
433840
672212
618894
17190
654395
368010
455359
969820
968013
215892
504735
94110
431121
951637
399429
347732
191060
78613
600983
238565
352605
503333
31301
773856
764215
615422
943917
186029
28739
972441
338500
245725
815560
380846
750116
612705
33264
334405
762662
223739
610719
102487
604354
501234
516646
624710
478702
682279
69024
746322
530976
482587
997694
938175
207141
915854
589025
64528
351523
649333
404740
377686
91435
641162
143406
794260
965699
228979
685673
676414
850936
490730
309418
133954
686500
706299
17602
164259
963773
562169
326608
828514
89021
793010
630878
277058
978378
541393
546577
727399
68897
499670
827108
701171
963827
797672
709959
738671
765682
645209
543331
44837
725595
104423
970011
236890
538094
14945
398746
106786
153442
519432
547738
264869
924545
377908
491080
220989
90619
665066
188031
577754
969240
344381
217259
992753
115289
37875
642705
332430
29236
245237
994346
328402
143117
294454
525151
760509
553985
604212
220174
880356
243622
231367
390786
380112
638160
103222
866121
227550
115985
347371
825313
84013
741880
604004
296601
556482
9526
473253
75309
658562
169554
66400
577684
881635
999139
304760
205546
938432
359047
854261
284201
775998
317382
2061
341590
86365
890114
833165
515723
225201
716766
737434
325278
949689
345930
130369
527251
596023
434799
850273
19979
280315
867014
4432
53266
812144
730517
121721
365165
379323
952492
714260
182808
738399
746424
34312
169175
717646
402786
843615
239802
226718
139682
145018
138117
570042
343684
290965
7247
522502
645299
761328
670877
791558
667217
290796
390998
259473
751906
825855
130226
181944
2947
408745
820800
215606
380934
788893
300803
158621
370629
281625
946198
456620
687719
138042
169654
578233
691238
831395
410000
409988
608978
419965
746707
786652
717223
534898
295844
328234
348239
324264
729779
800482
836130
677260
775912
19650
596897
514173
785811
217685
488825
957577
517392
751991
739675
39265
740260
976689
985217
324742
213646
489426
391738
267092
198346
412238
326498
243113
436436
607661
438934
538572
287376
663519
96803
372997
772784
501072
627906
855237
122859
138133
41518
387207
363640
814245
389904
277126
292549
733315
758037
688666
484248
310086
974124
93773
178954
487840
756247
872040
580368
832755
226336
218466
310866
476425
219769
945787
626801
927881
875278
505442
684305
545415
371867
25820
260645
913967
650909
699821
125087
851414
562542
365462
270594
938674
842441
622936
862748
91049
647782
609577
802568
31342
814819
204814
279428
542032
140034
593768
481073
622644
862762
296285
70785
479346
192433
718000
966262
406896
560608
117688
841429
65182
999785
602377
939265
732143
804124
93303
457392
338514
346928
149500
885703
382224
840962
918760
415318
424050
593362
483819
150825
37138
300292
149121
931109
850616
837090
571645
648968
925405
743455
720346
854530
603401
509046
321200
633514
609949
583212
447717
850398
737413
896550
581910
937530
921941
422569
683828
162864
403082
666733
822025
786398
642874
661355
530078
498630
979803
312995
403518
817600
869085
643895
74779
101976
538163
652700
784716
317177
668285
202350
113020
117664
381703
518674
153907
310354
753347
254453
223267
219853
172478
462804
262872
959541
716271
562097
369161
209774
160622
947546
752298
163731
83929
395332
516174
890956
421136
462234
557661
198528
210943
431444
759693
742514
806604
606405
728808
428231
640299
521116
900576
840156
557019
812624
654949
994941
816548
58261
810870
794499
390279
286893
310110
2677
712319
6377
414267
755307
164588
379452
946126
247762
168925
265374
58514
104021
479203
658219
895921
193251
32546
361224
474717
51181
529184
35297
747282
313356
539978
330055
986657
892139
464047
559922
615172
528312
372512
307905
846981
424423
691595
638789
287063
361550
927162
768775
592800
594930
500274
415325
294287
611231
930419
403129
63895
520579
227271
439610
258299
402391
267680
94081
700956
683536
66963
65292
159336
614187
214778
997813
946391
686726
440364
814922
397598
313878
704465
604397
298192
658681
763891
731782
484656
455477
207525
107575
338112
381104
611382
39372
687649
890054
522134
800881
754450
524958
987305
537031
48176
162839
55386
80062
987061
751489
657934
459136
720074
363479
714239
370101
956185
756715
59579
881115
123267
299416
186892
38825
833465
215809
838375
559736
468726
407250
589222
337728
457218
849455
76993
562681
343249
652031
451408
818721
620895
477777
112551
757333
790537
441041
771683
275450
929559
828265
494597
563720
611191
892974
688157
378550
929897
405509
980284
406162
907308
368804
704639
662377
31246
156545
114261
345891
958740
382845
903039
325264
522668
641006
169041
253372
577228
910547
648689
619494
424193
831809
12560
388438
42036
775534
611263
827131
246550
637555
690853
328182
236077
645341
903244
707813
769151
985724
716577
386103
685454
775734
298548
38787
837244
627921
448209
350577
974206
663659
719859
219996
404818
879884
658775
257578
450464
866221
950053
199384
3130
74035
490724
859750
560024
965887
252309
916292
503505
172089
295771
737967
575315
103820
66862
737184
57443
182188
716421
426477
885453
588558
270496
537380
383285
409263
701291
114891
152138
447975
710134
840245
754898
820795
290060
771446
668389
197083
785057
689208
465579
659381
554137
225609
351825
88223
210219
538999
617446
958044
89527
644615
679835
493524
755965
925774
884129
842123
996653
661550
696160
25832
905530
469603
280383
896918
895493
571051
913295
180489
230782
654140
674942
710535
68631
785634
752134
388966
296932
46712
187154
614122
966335
843662
987458
653678
160007
844145
678979
325324
287318
772472
589829
310520
840333
126242
990986
315824
407709
322349
706891
175089
571581
248706
491740
335988
866652
421633
268922
901682
287530
864281
73204
1572
786170
329542
182475
380684
829394
990660
467852
932755
765216
391423
79376
144520
296719
183420
178572
229587
320171
130091
77592
214975
717890
672472
78528
89214
420959
635986
585167
605637
831987
959247
253935
31805
516929
987771
225164
581206
411267
773506
264700
287455
775867
11905
220459
154219
419289
927706
682447
521161
22813
434764
433611
949864
712322
15237
188014
853666
81301
173425
635912
509115
258621
151436
646695
513568
689233
989628
162825
756868
374060
917070
539015
868940
364379
762696
531487
756159
911001
981267
173233
36365
607097
62037
526838
635231
191784
920689
642203
531372
142346
626291
313749
176726
272731
63147
17024
336513
196370
260168
287093
851098
560747
341518
262197
299539
650708
214471
842375
89234
993459
305123
377124
223250
360636
233204
102640
306808
884249
937619
440849
345881
807348
5873
622094
482216
415870
774094
730181
11879
707212
180200
343129
290022
172866
288002
92996
287843
292032
224328
698107
38497
876047
575472
813639
483522
640486
4833
599550
637713
837836
260763
169422
41338
671735
201104
139486
647075
348367
771832
115349
947873
710770
390460
675688
614655
792072
457561
67883
258878
972994
307871
108288
361200
572615
280919
535543
444835
632699
614015
86509
309707
42096
326490
207843
451707
145934
690796
468547
298520
108367
49304
809492
375373
160925
747567
135692
719982
901009
924687
995968
403009
498275
148142
486195
924245
49421
806327
662954
347312
910841
275915
812805
546280
124565
164394
409654
304294
823599
119145
513022
835345
734942
663306
49365
392088
357944
95774
375913
35031
24587
685725
436243
129168
216166
493747
480295
467198
529643
51633
274426
348187
321807
63434
383323
339480
623570
591752
921779
89840
73948
488729
228002
529703
578959
433613
646084
117285
402549
502722
735198
277298
410161
656850
582971
564078
373343
50146
844474
398465
62774
202383
285780
691107
566995
677912
815703
316703
944240
633899
575335
359577
344632
950263
242587
71754
23703
701946
397283
632562
187612
865335
162075
839189
808780
881165
544349
433848
74265
25191
283499
265037
906383
625461
892538
852579
560143
300312
941295
476486
635682
759173
739582
262010
358880
323615
311670
830440
657996
800043
509063
868725
166144
692201
246591
935220
896047
270659
612179
27689
334771
954730
15440
443301
820054
159079
907060
263709
900627
482848
238109
433129
864548
152276
916123
443951
937769
116555
842643
939814
270351
886690
257208
349106
221458
299342
648672
337794
557972
913623
332828
999427
802020
62267
667512
64893
590249
65776
336785
51022
305081
623669
577216
614079
589536
401054
347407
994815
902836
988464
346530
481798
80273
555401
674965
720248
879728
225058
513822
210949
597990
40454
718631
738009
629733
798029
20740
69810
522007
602667
502209
134102
657904
792045
39733
258863
902917
914813
719609
998798
222983
842164
397732
28943
471417
297420
965643
540051
420790
837025
519410
82498
571965
685236
570837
30374
995676
797166
388054
911958
665308
518556
276873
970508
978916
232618
309020
52356
304362
204880
357347
821714
157212
782265
557693
481265
780085
430904
754260
690879
339496
976622
989096
426151
857066
329660
444315
629604
48379
530861
62678
131399
683339
270137
920582
816467
120923
796149
850426
912924
856829
244361
756322
199634
451901
342296
542527
861857
23699
22828
733216
886491
150416
991742
637693
582551
779177
528525
706214
282378
132864
643350
272898
557099
735477
525038
394067
695989
895214
603430
584655
189653
154240
353472
144638
381000
827002
480552
305024
585492
568397
181054
87104
94328
220246
497868
830190
84324
104406
958475
750878
270352
313853
654396
448247
887439
970327
859249
138238
852346
273543
296913
686911
77750
251966
825930
316822
928460
868753
41786
698332
201547
823530
845526
95394
439834
568095
52133
668939
927573
241793
490726
239712
809978
985704
329896
570513
541550
921476
196599
243939
65362
29670
831974
363977
128111
842621
10808
278178
583609
862275
885267
699683
315202
596879
841647
141885
53353
569207
414542
580799
251541
103073
465814
106995
495887
635025
597899
767041
770289
221749
882941
271716
420146
739725
612297
485598
795959
119549
96677
689445
802254
779747
602744
995439
228953
140678
209527
238738
981424
935838
54691
77159
356054
843252
462929
734358
892002
987893
229741
336189
192160
645693
783614
675615
919057
44755
660469
108974
688522
590687
1040
361020
289797
71203
465298
189878
573823
641141
195474
100461
982980
885390
213256
930972
615035
762242
33237
773045
349301
227474
481201
483318
666291
120992
304787
663192
204795
723570
533379
348188
37079
963355
198305
828218
457069
270386
306458
967341
141561
708536
184893
499102
7818
712529
856603
358557
746649
924783
388458
540377
567520
765676
624194
789391
641944
141454
996481
418920
106023
868197
33085
759744
929397
66464
949163
602982
491304
584775
899531
224433
885096
440448
7183
919813
635312
82716
794538
256633
594682
213545
71567
713226
470165
879669
633686
495710
20408
592589
824253
499574
748416
392251
96475
121476
536385
492897
516177
528640
285019
71515
733680
362288
862124
169512
318997
78611
187696
99028
849880
217014
597581
413105
731893
792195
612696
297468
154635
617092
494884
71218
739110
288746
399044
483577
911030
899163
897938
494332
626979
761264
480667
366267
569942
30924
763049
270205
834982
849452
385593
409146
341936
142036
46810
275953
311535
927011
335712
744140
12687
913035
655958
622892
733583
309327
89047
363292
498082
21690
731693
150733
75124
901325
573302
208499
761097
479813
374796
896909
380136
967674
332501
580952
110573
772698
298997
844661
739797
443350
680631
878877
20404
864067
493387
322856
585746
216895
461418
201885
496515
144511
122085
565252
925292
793577
706166
171979
80341
147450
555303
901438
643251
129389
84743
770184
765582
752516
808865
287387
457201
433117
520560
164397
876943
105366
206553
372220
270865
998323
230458
89012
56153
542041
816953
410067
895013
983457
37146
643745
198887
99407
755277
421997
451975
584192
933800
776904
930473
848565
100988
672272
3139
351082
589390
853030
627112
132830
260866
326777
571428
885034
209463
161751
65634
638576
544089
392215
146882
156942
240245
737707
868984
660420
462737
882389
146733
274601
908155
417300
504925
804465
566402
57549
785995
725168
798196
441383
370152
178697
954108
402450
993494
740426
648588
39335
498935
287849
523502
833003
113902
103941
493408
79124
600246
994029
968754
688227
595774
685836
361586
385678
237369
861602
84955
72234
95346
877074
27727
250700
347635
613876
241511
73533
831732
693445
474977
763832
615699
939385
94895
69852
592687
22503
485197
231070
201510
135204
955245
640631
749825
842679
999424
438296
842305
787213
332738
406972
260789
347655
630229
719630
356125
8934
605673
563703
552479
129179
255332
45190
213787
75184
28503
177303
760318
698388
336650
753545
467618
409578
648810
354606
963944
277848
399734
683368
330829
234870
881203
294634
739563
465874
384031
766014
873140
167437
978454
52516
303554
387531
159190
503814
525968
911617
367401
164465
717361
500014
732361
291974
379460
847404
850635
801143
676691
276562
908973
586326
998376
842619
828999
103671
565509
860311
899193
544053
683784
184878
802494
897905
675063
877205
6657
573431
329287
948525
658939
994094
767490
144244
996238
716218
142259
960447
248878
371393
498249
635763
641765
600952
973267
696906
734225
85150
341957
594025
860082
910196
17209
10958
857348
375713
409713
675665
370491
701890
26965
32619
357401
97992
802749
311598
569902
161712
556363
227411
32518
413579
716318
564172
304806
963319
165427
510524
432689
730627
729432
860051
154208
729218
598077
892343
558797
544527
576073
441462
314829
942635
276961
485597
339591
688824
966774
940409
449199
624316
862035
588679
371307
812555
120930
696371
237319
273214
181615
551226
945368
763663
974256
994076
328760
837001
617333
690784
570706
509508
120992
135858
291152
907102
893050
909887
600312
677610
239137
318100
429206
535026
198034
159409
730976
121735
770237
339542
254056
751002
261567
558154
823543
773918
8870
712639
338078
298336
987750
655232
533740
202464
299765
250186
344164
146537
282532
865047
556843
268824
484993
478852
636866
955560
684485
998275
740641
615036
272469
228283
30991
501923
906708
293270
264881
82645
532579
112233
735862
931641
88531
805068
168713
720295
432279
697201
837204
205524
871961
441129
121899
178517
294064
830535
658656
886615
619420
263031
241864
686858
617554
230661
444178
377639
860733
592645
630335
493523
337433
313939
595831
495551
929444
268729
347275
224233
292274
737862
271801
6638
60185
262943
645345
810144
162076
276229
92161
177459
176783
261566
469083
238526
784730
791932
636445
749553
511729
276494
627800
288029
553658
493106
187111
110901
106178
974270
528503
777402
844413
729546
241946
773212
67468
99119
381047
592107
571603
539230
973331
738626
368139
622541
270938
562164
349787
804214
97582
476103
50400
454465
549911
872806
300360
511185
194598
947152
460905
282683
127088
175231
765572
289335
630248
225945
141598
424909
282408
676157
148831
427828
304670
956877
91793
931099
61378
760006
721424
984354
659039
478624
189361
680656
401810
600809
657945
604694
385989
100474
883633
293029
732121
978304
58322
535135
896441
559137
525746
248205
516830
381952
439382
413375
130324
46745
740802
733905
304329
568395
768326
908846
599260
382692
489345
225919
139369
231439
86135
723881
113621
666113
169132
194235
49448
616389
754513
684130
806848
583395
59993
622197
154133
517492
775598
418116
244234
685950
52190
399203
687922
652107
728957
507265
10243
210793
77233
273500
252127
742263
344445
48124
417908
694296
658114
873498
236909
375858
426266
37343
935085
971902
377411
96916
149597
696280
15553
499405
774479
21792
533281
193139
106679
558141
769267
509950
550761
379773
354670
6474
830094
965550
257580
817253
459102
623850
161200
119647
565818
408077
557820
833207
345927
815246
941779
358331
201646
299077
81967
552249
994106
824614
784360
840710
202564
238719
886966
74172
964463
55999
209597
314705
542334
636742
205000
262610
655611
648081
746340
900812
158097
511472
137917
8075
309684
464619
840609
433845
11431
442439
917372
285234
874248
626041
940761
514367
630176
192627
603906
320181
972168
389431
314296
675096
775946
729844
864891
227820
285543
896718
753516
638811
692773
454743
370139
197089
603349
407695
59449
934389
233088
957851
616644
530012
827618
753865
210858
579351
147603
827991
589820
911781
949240
959762
141546
147005
294570
152628
558254
443575
159052
911506
220293
476181
926761
970333
212748
605752
798492
857563
809950
86256
485210
327366
712695
88516
716752
9721
774637
755933
455135
567871
468353
132846
255009
844050
331527
684046
459992
806246
434007
654953
910752
597499
127660
788406
514173
102216
176500
299848
415455
278425
752847
16416
732611
20411
946943
209609
680428
471415
169481
377318
760269
736878
582695
673441
590000
867088
5706
418410
20690
715231
130717
964899
897923
231942
151400
740434
386219
349615
813376
45655
526112
892192
629130
432327
76861
255902
845094
241895
720075
382078
496684
605212
188135
382670
627458
348938
775898
92453
274253
213576
952034
409182
939483
451432
982709
332957
270036
291512
157285
397034
952682
700771
361321
55286
127951
297540
170820
119166
393581
984516
157097
92824
389306
701637
825935
197501
878398
192566
270470
832827
751145
606306
413339
183188
20625
24655
451303
954322
619200
896660
91526
455832
324741
992816
694746
847155
906663
378544
853699
674483
339359
215957
954927
18533
313659
589764
661307
461768
624596
240786
220856
681153
228666
514873
408132
923718
259811
624100
156385
577559
80901
530792
847668
312379
679052
733260
281614
891314
448942
38225
411608
789497
791877
311478
649495
693449
110987
757547
527319
354967
42077
948514
568482
19056
820516
327785
373362
613886
18558
420196
510610
542164
455207
326270
727781
874522
283626
816637
154090
741665
768099
331054
580714
463337
760010
458750
969789
156191
884570
270530
165896
533178
196746
210298
222024
4565
144829
803246
161799
627817
114150
80320
938396
335445
495492
51612
256333
190327
245869
702408
137100
665170
654245
827494
866708
485632
171552
207559
166235
332882
862951
456939
160545
633162
896438
483859
250173
838
635119
410697
355502
181303
264233
846662
567202
663988
20181
701402
276845
211591
692382
716090
464742
906697
749843
156625
423915
817210
682880
403231
544173
35461
367336
248808
392667
654781
543244
156099
427154
410026
445542
622790
815400
443057
601444
417455
262579
944547
312165
513992
536499
860153
326436
522080
891646
163267
575911
921882
400326
386461
682740
218552
928786
255339
38040
598640
220594
564804
39897
403523
288775
395115
537718
643784
283568
817122
730495
877453
773553
934760
770406
441631
719757
202473
776026
79159
165465
523616
488094
838276
992763
816642
884436
976506
683277
383773
282991
132753
279765
242645
636870
917267
818219
645287
169610
627302
641409
133617
309643
464766
101121
934026
777627
231020
838700
199620
477910
689871
98747
15586
768327
873047
512083
918591
511757
924997
918220
78164
912627
858074
296754
804977
953473
330026
387135
128361
481501
524109
168171
652872
879598
527794
950193
589053
139585
549266
933450
903136
386313
291652
503484
825426
16722
340958
413410
221653
860763
341938
21289
43685
332559
774270
236261
994091
366307
92574
556069
277330
605695
743676
315220
41046
866299
985916
837903
175788
983343
179459
897364
521799
761023
481602
238425
344582
15846
372654
254855
20125
319112
380174
213549
152725
672458
513926
867571
695588
265349
610705
381783
12264
814173
368853
919330
488444
316009
271648
456942
168037
518284
223508
559524
934913
427920
427612
865864
919038
786054
765143
358277
731399
653401
962344
56495
686856
775506
728309
425774
936345
362314
979060
855181
986118
633308
328767
421926
116847
697478
555660
45867
415964
115518
272301
584488
679276
54729
910044
481566
237827
386808
804552
844247
81837
896105
240242
133015
207617
803939
847642
826987
470978
377340
766977
636216
340059
361642
849120
683019
269216
13374
683141
271441
913568
736960
532806
497778
526466
164935
820897
212141
652890
161912
48210
840914
584442
466607
706386
948265
179644
116966
951658
906101
73684
383231
612258
882763
318970
229179
4861
649177
925872
748314
520600
334699
924212
398205
736267
283829
256416
35566
951985
439526
232077
255725
576484
38425
591644
45883
607706
391347
679495
484238
621040
372005
863011
534713
832111
781566
766531
983618
402820
583493
340446
287838
83133
366220
344394
164219
972800
931985
669934
975118
789332
786693
422652
541141
640310
978956
226194
386057
255088
255755
877285
957682
710228
508928
226072
187068
151175
288999
531524
974810
59895
431788
230524
896686
583092
578314
288788
215063
906934
115982
604642
273438
534453
521537
4117
682590
425225
379079
492936
835916
234279
156576
606323
422939
269573
431969
902886
39576
477184
519080
998995
529396
521098
408819
755229
415826
981565
671806
100094
848473
153822
489112
148341
978559
16633
365381
935770
853460
773774
917505
241072
444143
942192
493077
362596
854405
188255
987662
262380
523956
810114
655758
672728
154075
311538
867177
146442
968675
135453
220920
638443
118218
83647
561959
31145
815295
92348
730450
729179
185440
668898
514017
828757
366889
864927
553599
327186
291795
829648
621854
537743
276526
20032
373773
610199
281001
147177
741468
703176
909015
217128
121140
507848
891215
722687
293027
255448
895278
588285
118101
365399
979883
981169
882275
362948
839636
738143
173806
731152
522607
529126
314853
190073
879096
754783
417979
702835
325211
533080
366497
674590
797740
554107
329401
17635
684398
598073
627810
486289
788021
408380
644232
757324
502260
143346
1856
668967
489745
249986
803083
842650
756169
146028
82994
763016
709176
670968
208022
321448
90499
704942
130622
657940
321142
730613
541381
973003
340278
180629
112232
510313
287472
728879
141464
68395
392123
25598
133096
854688
198368
855553
265206
882051
622125
786895
701977
724760
838089
963696
303179
224657
430365
973300
873369
463310
749743
545739
474747
92308
547790
924312
676842
641615
625030
134828
802360
219694
261719
364915
30172
641794
200829
148713
706949
64846
923369
847244
581559
583278
47802
684206
829764
493440
435214
722981
62402
652679
845513
672310
457299
21173
145786
413760
908975
564512
737139
381946
254113
672922
958931
214769
167873
834803
28025
709327
354749
246576
940004
363122
908248
44337
506042
450999
897758
294858
370084
648346
59792
74187
463218
549637
550204
784159
25522
633298
35278
641492
286728
281642
677693
909788
536399
65050
491309
168758
81900
631976
772858
636707
209658
366152
475272
339688
230570
224685
109697
301494
410701
126006
245298
380087
560252
267315
125362
912688
690638
674574
924688
380766
935571
730081
678304
586820
214890
390524
652917
837309
142580
280665
914724
741955
852918
963354
392155
152649
971229
783384
164357
515799
727074
721544
447604
815279
130955
411049
558327
540306
731838
613281
975742
168863
641515
613489
7321
485996
348134
781814
82196
408031
472396
44090
282168
909537
300529
372307
377048
535244
859208
803012
14465
847679
678335
247388
557060
756217
281466
418870
364922
73119
929241
255770
299694
569663
451759
631006
480753
21744
804400
343084
923141
960656
617349
235077
394802
998619
65770
122616
456671
319926
919312
447180
789218
833670
979408
145890
522699
950856
541914
112255
3095
679751
680536
101696
810851
27073
103648
520528
188381
961434
383419
375068
410991
115493
523359
989208
70055
670634
534424
572603
198202
196299
592601
435265
197539
930272
741630
803327
670711
902306
705568
442443
285054
27513
808925
507382
293895
512529
325156
633359
107804
347070
705831
192505
261412
465232
925622
684167
41921
221154
160664
830121
280093
566231
119123
155002
841894
130580
401503
890175
686933
609227
533989
604531
305399
338647
61416
845476
500158
588079
623574
582504
78525
353838
403233
177437
729662
647394
629410
243585
394740
78000
834170
447284
973334
542450
517735
907824
899253
430781
941987
245921
126396
904112
813766
861853
838251
627211
622522
564155
957797
456184
749310
316299
228361
716080
183309
34310
570505
230886
266834
939403
999915
937445
217895
873051
433590
245868
260624
366296
830333
883180
248569
284104
478651
489109
681247
245483
468745
90555
886573
347324
822212
643520
147406
640636
117722
764960
191559
268360
522798
780971
891132
558539
575504
480657
603727
701676
249210
998469
834649
848353
138070
681522
766088
420103
586646
571390
931320
373509
553981
749697
37792
481652
803698
374050
667124
609454
132600
349101
684943
542916
258207
949327
287070
245009
710318
849793
648646
727725
339249
477450
59444
142011
43460
700741
302541
923867
870859
673351
9396
526904
566393
238749
746259
329571
720130
13645
639881
761197
51622
429806
213984
73403
856692
740467
892573
497910
308804
790170
195299
538255
911786
791453
316764
138592
568333
651166
44992
480807
378484
829908
163144
965181
299353
633595
13418
691548
29935
311266
334751
475248
766865
963642
229089
960233
52753
282264
231863
611600
101902
657614
577054
157179
39848
194673
682613
884655
502972
163355
351025
890360
271593
445275
881510
412164
353771
932902
735452
297596
744907
683920
83656
47668
159334
684554
870421
962166
609828
850397
877547
362021
130197
718997
923583
213160
745011
343089
662994
588460
653882
757200
937445
112358
666304
445488
158432
87661
248149
10320
625981
640514
101940
73195
66870
637896
819736
74819
42142
220851
557821
334527
81889
332899
523043
223656
452002
703017
303318
971195
457393
275655
272697
894023
753089
250918
500787
13396
489337
503348
237082
313528
785590
791709
105205
339099
963085
751682
675773
193863
588403
592421
730522
546836
412429
955065
901785
484998
218173
743311
535426
805485
24006
494554
484331
754836
343230
345771
852066
692089
991985
764306
1051
608242
624349
618730
118636
444854
149006
603336
552911
514173
936895
853150
25215
693622
27510
215081
389566
256636
937135
325762
136426
886606
423877
675938
687788
476304
158030
380909
178455
438044
321843
389899
690440
389945
111804
415223
393095
8097
753175
809591
778424
536594
535799
586637
798136
788562
805622
268103
557817
727777
266441
47000
871495
153382
670132
497431
220361
24284
426938
111044
499976
601797
689392
684544
555664
74144
187695
361672
613642
546552
623101
742357
94505
956375
692430
369038
715177
607138
841598
329837
805265
863856
776935
279873
243191
992972
947568
593636
560961
72763
250777
158239
69588
326474
404915
226450
380656
684763
157124
300932
221505
880558
250565
875634
684553
505632
465909
808630
533555
981935
714122
458951
107873
126755
146436
748807
815082
868544
281567
574676
499087
96096
837476
683536
959470
797044
708224
472963
38680
147170
742182
378601
727275
699700
480624
775327
15949
511024
335034
10845
161539
265274
442471
524200
866886
912276
934513
12407
972418
530560
988574
222004
68400
522489
222965
698042
510536
381770
423117
360828
718359
142139
326529
615142
766321
965372
690203
274514
769772
162060
694820
173041
977354
880497
708473
758843
171102
217991
442657
823059
189770
246961
811721
361674
338007
805947
222267
767741
616568
907860
312589
141094
243439
350961
251756
552113
881735
125557
193670
633983
123338
238801
769074
39133
810213
892289
228772
475353
965495
318386
794971
58533
572237
164791
563423
766287
434524
982710
565682
457736
991117
114654
3905
129402
597969
609243
958143
283808
677446
965673
645040
408889
575658
633769
629381
999233
970140
771963
475693
361424
917566
827265
906241
107317
875988
434047
364945
292703
994132
911170
697423
495072
782052
576303
143334
846553
534977
977382
895874
40688
833056
794336
513300
17844
463015
917532
850450
176607
52393
803595
156168
666108
914336
926089
219699
620971
296270
54983
763254
229186
861266
681092
451333
405686
102682
975791
633302
258631
68620
539898
308624
703261
391463
809341
649963
376741
104403
22241
76344
252440
785317
713861
816194
752213
410800
830777
594696
478400
170195
552449
340948
554085
732730
882271
305117
76920
745125
301928
702198
989299
396626
160140
678878
855073
513965
960539
306130
608430
236663
758944
990694
616306
300864
288550
29004
159935
116955
870213
897547
941213
727868
964932
714461
930662
604650
897989
629036
525900
141421
381871
288025
144735
767344
70037
941412
457636
234284
278377
369129
238040
274046
610129
793369
74726
425610
647897
460338
34323
995108
211910
305169
415056
234442
333604
422774
841025
58993
522029
460127
992184
527659
573900
797322
163173
600053
533348
768212
755269
99757
112404
983640
289524
329285
229705
317696
105780
871652
909928
846996
645092
44691
85382
723860
221319
693620
768383
352218
432535
811280
583535
374109
287627
455791
777457
40843
335283
615739
248494
973657
212932
18447
472644
181930
540286
22629
413464
341183
257048
419895
469647
621042
510036
38347
705052
758719
173768
11607
651454
777801
147334
283537
207556
749703
834103
919705
564227
269555
243020
364188
858402
222364
992138
707502
547243
843324
939161
984425
986713
83463
65739
151597
306573
660904
125965
48206
984515
110869
323689
189030
908066
126521
98491
436654
685156
790270
185094
474642
849529
531770
307896
892384
773250
400327
412112
541181
375268
494292
748780
825870
659448
266099
899150
457553
913381
11121
402729
930310
32054
570348
257222
830463
278022
171226
244715
956647
882781
686101
672677
515318
773661
299695
934784
765156
522558
768907
205787
244495
378464
227045
778542
461969
571156
493481
571679
402721
556034
664086
428088
42466
610735
752798
246252
926013
815059
903287
723240
516071
175373
38182
427159
695140
760209
69779
913173
839160
219575
943964
199806
700644
901493
387991
890168
252410
882923
411414
604806
763184
72557
737775
147518
557737
780332
965275
22209
143751
612944
375563
518335
415807
45826
424586
877111
660516
485082
116394
381555
289368
921101
210955
775552
175031
105669
668584
177276
644458
735354
218967
367468
929863
241359
989802
1768
618130
418746
419866
742285
525344
901768
609646
787126
171860
592952
824024
587807
573489
677505
838877
874932
678727
170376
45806
687204
462318
267065
252545
603430
211476
592722
985792
783568
867610
631266
515639
4743
248724
197493
433996
192866
651780
746342
744421
607125
394373
688692
200858
939310
453215
200669
278489
194782
557182
886789
781328
853481
169316
442724
14490
94249
106652
700887
265159
252158
954252
988173
748683
442090
449170
527930
780865
245528
337224
135590
279913
195644
856033
979101
88611
680027
559387
60631
884885
844374
915623
559874
921781
783215
411712
435217
419234
689386
757971
303686
564877
685021
649409
736898
568332
942684
440279
320675
580671
446017
933930
696280
406182
498119
472475
148229
500798
604128
119681
539579
145887
229101
986545
300238
867661
595571
200435
272106
9096
930667
851814
580906
24995
748450
751857
574817
326926
29329
537546
805730
741551
318788
657751
50735
323471
776695
294879
790148
819444
62938
577386
608723
673514
186911
628161
320318
181761
204892
51410
505918
794267
521805
258745
971738
4557
558245
808275
661864
244045
693176
864334
370584
996804
862962
932921
938743
531541
616569
290233
25813
318765
420958
913608
7203
839729
969141
740913
185173
168810
273565
696750
219591
90004
297194
851324
154436
704533
363641
844497
729389
278616
979802
335113
478059
422064
627645
622802
368574
672336
507607
140268
12794
221258
930445
319143
962476
896210
759826
839493
832302
327963
658263
635831
674548
21332
934780
76973
567717
237759
817230
222538
948645
254731
598937
41064
766188
180346
71541
391235
548152
78603
568380
934042
336863
657061
223120
850489
516177
351828
603106
658209
969340
24444
330893
440893
897672
600484
244254
499669
653529
651432
991160
937183
748149
448728
165338
438253
370755
327591
468146
885071
526437
108149
213998
8170
287023
151780
65759
355102
859833
224356
688994
799638
223782
506642
37572
959690
620220
244882
816947
545278
303189
895392
836952
680792
357395
78322
481519
259261
86558
455074
672293
865906
740633
361238
598151
412838
430933
457480
802303
569351
319399
376244
637708
981129
485019
660303
616779
168460
916283
56438
247651
377043
168104
844623
719493
735620
860576
797711
74274
175668
679106
949406
285962
809892
75199
662066
217747
456013
443447
302168
115357
261822
197758
960660
259815
472264
358133
323188
276109
528186
586095
596148
225459
957315
446506
176113
437611
281608
316365
139500
781230
112523
888688
853216
989659
777898
322460
896607
395111
142679
90622
476298
596112
322006
55702
144387
666461
386689
868968
655413
819550
967257
551063
965491
142001
18007
699939
834536
809203
850494
226891
961196
207968
931133
405403
233921
72952
856966
900935
489436
395203
878015
55288
374185
502190
682071
438249
210286
473136
588388
739703
524995
233761
302309
581227
336406
513503
773094
185818
799507
277862
564498
833095
451323
411166
712066
242769
351605
663749
236247
816662
251144
81268
994885
573164
386696
229442
635727
685151
139880
438459
258454
538190
153759
469607
483561
944831
18364
703119
592820
292825
987387
685383
333558
118662
553606
612183
248979
981012
188665
922021
443841
368684
917282
439242
170549
782786
726045
815301
899148
709976
98462
873906
243392
857972
600249
350182
713717
510706
408922
214501
363652
714458
956679
72070
56762
792088
800394
928280
707379
446148
998391
533082
694131
761144
55380
296324
852528
938231
133240
151234
14507
720092
729946
754320
310362
190845
800444
721077
530366
959711
280793
732301
190665
988904
139334
959374
922260
193694
499621
695438
450431
697387
168890
637331
908112
368600
311241
353508
875584
219216
837871
549091
946051
683416
364413
313603
50024
525349
467908
312870
55717
71673
721105
879121
470146
929825
918793
339928
374642
616126
417636
472323
793220
307615
616048
376667
244278
885355
483533
885511
637004
629864
612444
844810
977629
559466
619493
681221
52053
242864
811553
461934
64885
317664
773122
869313
67535
261576
780893
101749
626659
124167
88790
887879
505086
239577
860716
632484
269915
868791
329142
98263
985192
880661
871493
526196
915164
304096
993203
187913
46752
542823
205717
310186
798816
690582
686885
672164
240976
182899
197112
362672
671434
611133
295751
691185
459702
960455
177248
80291
939080
365166
263328
883241
918669
160808
34359
792592
907547
325614
417179
208637
109311
687917
867698
329831
42039
302226
499018
155066
806609
68743
557309
173469
683474
153897
155119
100745
262440
545785
243294
907280
789228
553985
480939
185382
51947
505079
61101
113097
951980
791471
598991
607346
748304
135584
87085
534952
754672
910737
987609
540437
576503
390315
409038
582870
592208
286468
300444
937416
185627
794383
238864
678145
647114
108758
708799
114192
631148
867103
499963
14838
806766
546244
600481
380141
260271
243795
645423
427355
583300
966100
275865
314255
649604
754819
300124
898640
621363
374257
319440
383303
70619
984670
205580
725521
703495
840148
72252
868818
127913
299581
525818
52739
1469
714808
550980
874689
345322
640040
818725
756788
688037
983159
117448
162479
735058
872033
203433
168144
108800
426748
829943
202704
2987
905815
132317
605525
602208
131285
908167
943750
541053
34699
839305
180632
336331
908538
297544
686203
266499
141208
947156
992785
455079
359231
152926
722784
632983
676013
276954
44400
71020
329850
180646
101903
633940
260816
785930
358456
352896
323551
782855
138989
273140
874573
907958
307703
202263
783645
574705
576640
632801
989674
742023
282589
202119
555790
204751
928087
33727
835031
448756
432511
343750
298801
656199
297283
589574
51897
284259
294578
387631
650125
201195
152772
578622
210825
549456
959776
74746
180142
947467
150528
469083
321084
814682
677720
415665
948660
620692
992595
764369
213169
461136
875561
898556
461609
705293
585411
317935
185060
737745
419906
814971
591311
390573
555784
232001
124830
759313
799427
747714
89751
650644
942375
464002
924379
993221
194803
834149
427264
371364
523863
313793
507548
10705
52202
834308
401866
291269
995614
769431
749584
668017
253160
477259
351473
393590
677774
742682
154509
528296
444786
433618
478137
589960
323
416345
324101
470625
180854
498068
336872
820127
830382
103608
674326
815761
386404
597343
978247
182272
834157
432486
780533
875129
861339
192229
32412
581015
7572
759525
430558
794137
958210
859829
442256
584787
48494
562582
282174
781949
137044
132504
369200
240142
872484
778156
246333
462174
597620
490544
699004
954089
1141
780073
919303
15757
476037
562173
27066
595577
160745
452199
380443
745097
897212
350375
957043
118802
977434
758610
359176
942398
133339
354189
983449
777893
71850
992113
179209
741810
571940
702765
751622
422162
709206
402409
863460
278994
300742
772367
151808
883842
433813
924269
132461
14052
805278
449848
499606
123410
890700
101554
51730
95490
297247
779539
383051
453086
659918
571307
753780
314410
936380
389719
547307
274803
217212
850557
300711
736864
711774
597097
398237
135506
421428
931560
289198
735107
330042
935747
633658
398148
996851
696924
512180
573564
91204
666033
628545
280575
810873
535683
366002
545450
254267
205263
2429
104860
804975
795346
301622
360581
589136
665447
305731
675565
416046
561627
588624
781644
163426
575302
606449
664277
59068
397218
624734
619376
196205
106790
452633
462624
423570
912688
53127
615725
379625
335350
205801
97927
357709
559201
531334
368822
390127
735615
571564
287731
250414
452417
53030
396819
118475
172171
548745
314982
334073
401227
774209
102413
558898
512147
964762
433762
224874
964307
189770
674311
206491
959365
900862
973161
932342
905554
74064
688020
485796
986851
375965
234739
486900
491768
48807
405979
885173
269070
672807
426851
780089
632056
25636
316113
411719
141765
5707
334560
847767
942705
745027
966838
517632
135044
371186
444780
11221
209393
375562
897823
117526
889117
465150
833572
455544
445903
447014
259910
626486
162765
132562
461950
933233
511191
631115
666980
175496
417489
555262
501078
633178
683711
956766
204350
72064
178137
661294
383895
305891
525480
891921
985632
194081
68533
381700
454447
663896
621332
373154
900562
301639
995940
920294
417470
718376
909545
316722
786586
419087
850812
899598
457937
883741
635428
642390
377833
98636
20938
308506
50367
906846
678813
943639
85689
657837
632249
301571
981384
345509
687360
723111
367422
656003
983381
847928
963091
393911
614269
564109
230666
555107
642605
386092
785583
526667
917346
539438
820023
968372
116005
569798
642042
646148
844961
964065
975930
354866
788793
153772
946922
678711
925141
918788
143990
844816
993573
147796
413691
442450
380853
342362
330936
468408
138670
929395
272330
855628
133870
39116
795733
598986
265460
787540
624822
227916
781541
419845
332754
365369
19108
900930
815625
144872
953513
96750
495411
529191
517758
372651
603146
824398
82952
780380
525488
983629
561391
852293
614226
136802
557711
609943
245029
302464
506519
273632
483776
306329
933034
892899
686197
40176
545346
549103
198914
351200
656436
123888
541604
432716
687106
821782
487581
559557
819531
822721
286662
186203
489769
813564
255984
597402
642384
648853
223478
756634
930550
317377
166924
832419
543126
307163
970076
54193
308755
544375
590796
147963
293425
465095
974360
905825
73968
946550
859542
685362
814172
403579
990337
804891
315981
475234
243037
38966
806850
391822
556307
227381
996010
270682
862156
486742
516641
540120
673849
742289
305051
104768
46256
25047
357352
27141
931048
955866
631385
834127
986285
229470
533095
821163
188528
966605
397362
791581
62882
631214
51624
99976
361277
324994
826856
415701
120585
807780
288255
494482
986288
897418
795134
911090
491969
673868
455769
738324
709469
440645
548110
715560
374633
925868
814176
356026
346064
354106
730946
374287
671523
744089
227293
992538
695338
946870
306582
908387
224240
567322
992963
119658
410681
992740
204246
167526
167163
802048
739444
104433
160220
539644
923494
474613
6013
32747
514764
289148
997121
174536
487597
617944
535552
808593
819121
916107
706330
828470
568225
465197
591516
709357
150454
83001
606499
866129
509530
566380
641953
124991
201321
466804
15513
924738
66348
186105
805281
991255
159257
98918
677323
235906
579699
167250
681818
577565
996729
508024
496641
972888
354137
329567
615914
952330
153294
745566
183230
47940
319360
634963
418383
763790
819976
272525
104009
712323
500252
380492
336860
426441
707082
227449
357085
819186
814159
212693
52700
81825
390054
113388
350904
18374
258636
136060
22746
746228
561304
351668
801804
710070
824555
225235
214127
526308
313172
556424
421637
414683
136935
26640
401035
499687
5427
74584
144037
838198
527581
72883
284075
281114
386140
842504
980152
819477
461256
828468
894954
802967
748773
457025
372886
947437
210302
723510
768504
110436
696594
780351
348785
501785
486005
65461
30501
170477
526629
955023
151921
516803
850224
918088
756781
498738
259253
269471
157793
502778
563894
582557
748988
43028
609516
432108
460529
776311
274842
708015
177626
803192
670562
71199
185901
486425
496783
616802
387149
723395
748668
952630
188389
28211
897127
88509
287100
149238
445908
648455
22588
532806
690489
465659
163484
625771
908865
346205
370844
58104
669450
710490
704183
421962
203315
301209
68166
654129
714780
96739
246862
872164
184688
491209
639549
138581
462695
947005
763092
711607
154341
535451
301609
258648
362807
861572
621375
880155
46150
230490
278996
192947
773830
539928
556174
8015
124789
712046
425833
503165
550521
943971
285257
817949
689657
138685
930247
518365
574693
297561
439793
237249
291381
166721
576980
978517
912289
360786
616790
457737
812859
194427
857139
305978
743227
701557
129598
258889
933462
472640
517984
263537
563257
527994
52070
470746
27009
442270
770244
728078
900151
268957
317376
777860
212680
226014
765652
765870
261157
234052
482731
28328
81270
165507
280086
221836
250296
434203
451208
804843
613780
927530
582067
42279
610482
901859
244001
730292
111646
154156
769228
510997
561297
562070
258389
230185
793601
843260
783288
7324
182305
620171
695965
829417
833624
838289
94837
452920
145806
14151
281387
996737
967703
481822
421460
665793
625064
675519
242934
127566
156613
159513
595341
164152
416691
641137
39218
100364
821244
27244
821193
993584
665164
791735
669223
518780
596915
208897
944433
303591
491551
8801
432508
715005
697914
414148
41025
597535
332704
510013
458680
724200
74947
12324
466310
202698
409646
895870
227345
180353
446646
858708
236936
721739
348710
793110
747764
629495
697781
251758
881377
363190
950485
155370
324046
102652
839047
247351
717120
617070
18408
129543
472933
143462
404355
918741
188801
614214
326058
513917
764422
626941
882858
589079
987245
373736
213632
48213
748891
180957
783556
995460
206753
35271
95874
376188
891794
92709
366133
296080
668970
11643
814089
396758
826822
256038
951611
406638
309738
431987
592252
148788
398107
991153
134821
207005
590435
607802
186725
228065
165707
532334
218387
368249
611741
128025
811606
213934
428543
659452
611442
486117
401086
910129
209599
794433
629592
750367
759899
954829
554202
302784
567938
852330
37375
838266
238467
486542
837366
85758
907768
509470
265015
858031
575556
676735
814584
253123
634135
796101
12035
981683
736479
115627
629336
288405
317267
514312
21475
237107
38995
693545
779985
257405
425411
52621
383992
388151
519213
946128
406513
66885
476321
413680
544194
368984
971879
553934
642154
622040
436751
490283
974116
893380
781673
339962
319663
876365
795623
130230
370826
210659
110703
397786
474281
990351
18255
637708
447188
500577
256100
831542
324882
542279
919762
651325
285179
975062
800780
954383
938862
754667
617416
886172
433577
603575
712383
838562
352902
7250
435468
326046
428162
388988
396074
184111
776804
157177
231942
226901
449324
285661
957283
877945
396335
836085
477368
996170
456438
722953
763081
636556
938362
404779
412194
606018
309439
210250
722252
467296
440517
819787
196666
657700
441466
835033
847824
885082
74036
601924
314149
835487
936347
290398
644002
831673
16008
913711
247511
985190
998011
67383
187847
934562
119883
317908
583850
74083
299702
207482
8729
8411
884958
455654
723518
891618
774976
964139
157533
247891
526620
904452
748044
569628
63145
593121
669329
710867
506245
12916
486506
435359
336073
569496
694841
771360
203370
955456
850364
358447
767987
121849
962039
248738
812305
988348
603478
56355
452719
322770
710404
907116
85933
77991
571806
55424
294613
152311
636284
909717
884061
144405
834805
554422
290964
134988
192461
295576
268311
178481
325824
85581
467976
300112
798745
380000
707193
815521
207972
921637
75553
917106
551588
365547
428446
196587
235337
349087
727962
715544
304659
86770
469876
553450
366906
349056
964901
82199
767037
104206
312225
500224
5651
439970
913726
62315
356746
148627
2828
815586
928957
754584
551785
462846
388402
901704
745792
745837
613323
483663
218507
536138
396905
996452
583349
517693
844694
269453
515036
858739
952497
788396
575505
213371
562109
924220
866357
826025
714626
282424
1891
91725
705832
842721
69221
737465
624649
934358
27927
376902
564663
408681
123494
352436
549715
43711
499787
337116
247422
8431
978312
149347
541362
944425
39245
554102
190411
50339
448101
714702
132642
88452
728771
971764
939585
723527
688986
778237
252049
81629
319547
840362
68761
874647
378743
153068
878152
955214
631170
32021
880173
529103
75511
950547
702779
42127
869208
396961
243548
631218
811911
933548
536817
834923
449873
905141
172344
45872
676353
928652
544053
25239
352910
565101
92991
948122
41863
989577
902441
5187
707800
833476
228664
744475
425922
108769
681259
919464
757728
659832
817332
94880
536402
112340
2363
415185
469928
778570
934345
681053
523834
176305
277678
69545
239776
144155
834034
697695
718169
201852
924442
732608
209201
185129
256369
239237
675778
309177
149797
796968
726437
691111
38227
439716
735501
587731
736239
310292
625311
910462
797837
183147
946253
977735
841083
393868
607846
862813
476745
390869
560005
546321
921657
404129
490089
237330
510344
806729
739441
357422
966192
698376
755810
605912
292964
705398
885040
659522
127123
468837
317751
350235
469273
354292
698151
949450
370384
994553
883431
963996
24967
876394
676816
552318
944961
570496
926895
720928
59467
89807
279848
137447
599913
754041
178415
223809
726887
299481
842094
782598
203226
344420
439931
341518
576897
516924
825525
146375
896364
483144
849983
290249
537392
453054
260161
170320
428117
473036
580535
165452
627324
190434
265161
33115
975097
363718
297306
843931
304010
778713
615375
294677
383294
702489
634266
710573
867088
817151
965229
798655
663151
744136
968337
809720
973989
807448
476706
851867
71203
925917
717310
143108
467838
980948
952517
577843
810877
744945
328279
235949
906656
220689
687
422708
934815
827709
488331
433374
804077
929020
845986
765154
899269
373772
802955
974738
830844
573832
610500
222048
591625
703144
668744
451124
936512
489313
745847
710017
493825
321128
284541
522035
15268
345301
251333
493889
522955
77577
59812
359054
526469
410683
755505
838205
845879
244967
529235
873111
674201
503515
517042
255691
63381
956264
827329
821206
683196
576834
117458
666148
100459
233077
982940
206860
971000
101440
784079
671793
973071
886698
314471
453682
209271
18149
114686
737196
522626
869112
221308
538578
830522
761673
4645
496646
498161
3572
479261
708736
623492
376504
243876
434975
909074
626105
424426
685540
70334
749372
63029
813779
526173
497944
917955
837619
821545
391298
286795
392794
752087
530226
689337
727319
20173
951714
162706
17446
536154
927967
923575
802262
355434
850121
317116
304978
758594
878659
288469
310038
745359
998830
192954
65515
717773
483132
636784
16136
91716
394343
485671
903495
412345
729562
212789
102153
574513
761283
985591
449965
462054
832790
623494
554469
767918
611553
610382
281573
921818
61365
680175
118427
748721
726480
295238
221030
312773
845887
977235
13056
882283
746199
435827
535691
843025
463966
238165
400861
642482
497455
771186
140704
463662
715322
262165
114333
577894
534608
748168
519339
56111
960803
4575
422739
563940
472101
983139
351870
858794
825000
649183
329181
112603
224663
784317
763091
437833
669074
356854
986742
913332
271209
72875
12924
410798
215878
894268
303674
803913
187877
891657
725129
645496
113025
422376
74561
246378
275742
235301
564238
541082
812613
867289
36815
369782
532576
845388
41421
265753
650774
432712
944874
613815
745409
26920
467164
984284
128904
308290
546914
335207
323481
259447
197428
736443
780940
754024
368997
788244
674151
420107
151899
456908
966517
858843
575514
853892
106505
242495
701984
710523
190162
628543
157002
542878
141590
903181
905727
955032
320729
866181
94771
379025
529235
485892
71766
303788
54723
41694
574998
16859
238802
9958
735234
407482
142326
960378
608697
565048
654373
417258
762738
809805
883757
858013
688870
679183
695565
305972
37114
334514
868236
200084
487843
809244
210413
699822
517151
785596
653815
163051
240724
365383
43956
496699
724008
753533
200667
970550
901487
156130
944766
646519
374776
524271
679906
159126
573728
982819
916443
897063
932495
507937
520681
985297
848717
368129
62597
520939
163227
334376
515267
544455
50686
703539
378089
504832
35196
874356
213317
259919
349328
671582
65014
761871
761909
588205
821937
510321
39957
946046
983110
859450
297178
867105
958966
47913
430556
46465
248382
896884
140830
83939
154967
669595
133920
261870
847412
571551
147031
647858
72774
80364
266614
411181
199673
518124
597007
461138
288285
284312
835911
590020
288582
390100
417812
814624
431974
30975
2796
830772
400884
501014
377202
445562
474228
181959
368820
81368
619804
150830
211069
107485
898927
646801
547473
685080
272376
122348
961436
90725
937776
242769
84101
115859
229392
317246
360791
844228
877878
106861
931978
525928
867793
596785
712956
88186
613890
673282
945496
344487
712743
190156
555136
46898
134379
495898
89509
460976
156089
443142
661483
645687
662346
472012
473056
792655
903465
337270
432090
626399
243267
510295
514906
78213
671251
411652
537525
142943
321902
933433
637846
320892
467234
790868
496647
787297
313968
244405
997908
757679
811805
856862
224907
848284
700172
560381
430693
311093
33751
986629
816180
404066
613624
654454
77803
920794
898711
455382
452311
232169
124616
726420
879605
970323
121748
49745
363167
473734
920269
940306
248677
18036
990120
926183
109146
736866
639974
657130
226496
567289
999430
282357
228627
482635
728770
333847
316163
356069
315712
814927
46738
788904
637161
746296
843468
350177
798847
711956
46400
398682
234327
614893
492495
762383
244986
258834
120048
8101
28527
786950
612349
92005
414235
540044
99421
489109
37427
272157
187094
399535
384563
60429
619958
487952
443022
846767
395844
536030
907827
95046
567481
340153
211487
120431
81300
443181
534300
572774
600573
94407
554459
136096
569570
265908
15633
343818
403092
664987
467523
946389
115796
236719
638111
503479
995006
115921
378928
364285
337609
39612
595969
4695
594976
444649
714897
221154
18650
731071
492019
516404
469900
764826
795755
273677
890362
637273
609247
903934
628182
649166
950597
497211
205533
375696
24383
137973
213804
746770
41044
163909
415430
486676
969795
141394
173567
359051
845586
104646
18660
362602
348229
341754
213802
175804
518312
738256
824879
868838
272576
336942
611433
831705
20650
983641
306119
387939
551409
906089
819859
464944
342576
391942
727724
403981
38197
244815
183740
142294
237624
341311
686469
6647
635191
112156
355146
2510
711613
225489
670007
643009
784025
797291
710029
362765
830152
939160
421009
107812
929793
281497
211641
292278
896532
208887
184511
30320
997176
696865
327788
424827
862711
14881
876157
894041
408848
481001
943697
977435
754497
279557
845755
849121
426926
150862
107596
59061
78864
89261
943616
468677
964910
450802
964868
709308
32082
808856
946452
893767
870466
274830
393933
209709
911919
844709
915167
747152
278321
173035
273919
769900
769720
39225
318393
961198
348127
989886
1825
774636
207999
6949
133542
400425
613667
47432
617225
220500
795999
586099
708499
956861
208893
22190
616086
316679
831230
685690
915000
689639
533859
352969
963466
333574
461889
558480
406454
433726
263841
452630
465890
931387
763932
636046
291089
605
295244
413149
868736
479302
529144
183148
825373
121307
594317
294355
740600
85768
609623
466102
974196
573874
927968
460165
5048
850583
427668
753150
766463
962017
152359
641145
618626
561194
266595
531630
111880
83281
786349
382198
883065
991838
583003
673355
426900
131564
165470
143315
923837
522355
78608
750708
708859
154573
808768
253572
741786
880718
265782
26174
892360
886952
41163
161095
394102
919975
293574
56792
931508
905125
648009
599234
530520
514623
349458
48723
931020
55638
683712
368700
499551
809626
743578
294649
248547
519732
358890
961049
987587
526322
413643
492033
984185
442990
820940
913257
942075
8359
699302
796272
256385
297168
709598
263596
768339
94258
914247
969713
13691
840863
76529
49823
742042
318420
363930
65271
188441
178472
193578
413795
336836
527891
182264
682824
950186
904081
521851
773324
495538
661483
481467
712465
719479
624539
279235
224157
239824
853679
977824
300512
347493
895850
648906
162552
28299
359789
680574
849793
159625
515949
992502
678868
14075
397012
397606
744501
689699
834400
384551
430881
579686
822480
480253
465819
619619
62813
961338
982568
244511
168160
768303
544230
754481
929136
972586
1465
274161
382416
220749
393595
278644
556445
715836
335871
257353
946270
374160
507816
979477
125290
378992
993976
46022
413445
669075
675224
562909
328724
586822
626125
163539
768585
223757
600774
410574
471974
218764
780553
317301
439583
858243
909394
484407
933434
456483
263613
363350
12688
64220
571415
620932
228912
787761
779005
751929
984935
767045
398072
978711
950071
918588
33135
226016
491317
955280
326820
996968
120396
499030
727559
521365
656627
773227
585658
476765
660561
538137
657010
713500
558187
198343
389445
289862
571940
685508
728244
772081
730296
5675
263051
222804
49192
679042
401784
545878
862993
715133
933607
741110
893699
934257
887349
29486
766195
769367
437090
908347
744777
187356
49873
491461
665104
468016
902727
685407
748793
41425
22553
740180
703777
277374
226387
146813
722563
726687
468314
109221
389755
673934
528707
748574
335585
66252
362767
411814
580197
342832
816297
222893
76111
724169
13489
45837
197306
412607
610007
669527
44346
870846
296906
278895
543964
242278
123502
64015
849750
327966
237490
390965
657098
511618
102770
435097
674110
415840
173808
385863
685210
105390
604075
394091
876075
362914
313019
70785
904173
422099
228866
965580
717386
873202
504861
898868
169262
244925
234247
765761
981519
395560
386390
985222
623866
690217
390549
29925
370809
960974
149467
696276
580237
470112
485193
643238
990538
553151
241936
371080
754473
167396
537553
296443
190176
463013
754451
35016
353249
378990
793390
667439
156418
882262
748412
245356
502760
976077
884337
365271
847055
958501
491763
608816
138782
636883
313808
513687
765141
711854
430202
5284
496141
291277
281194
67469
139262
904995
495393
288096
196158
379233
188803
383028
788240
701582
733768
812351
924568
523249
909532
285470
798735
322513
25361
713452
986541
881927
247304
41438
137637
720633
809638
740289
827803
773958
967101
984211
336163
266008
702681
727138
175550
391888
952023
926136
627343
606366
559348
586454
570232
162222
927518
742893
507075
503943
637487
318220
311997
606487
822095
782196
918238
673842
620015
896377
221393
484336
155371
111417
84739
42786
623087
697314
676004
536266
384033
132829
508367
202236
892483
252348
333759
368692
978848
35478
53591
533735
404861
521460
467875
523468
305087
999704
834966
674374
345203
801389
61516
436516
152162
759042
647292
685845
842537
411392
256024
634334
45851
420416
544059
675445
332595
701037
269354
907517
420730
14608
723848
87159
769906
751482
264007
655603
90221
276013
804613
750153
984781
897734
7169
443478
397016
281457
257051
334940
881481
619225
77853
954510
948271
20245
668285
765452
46111
364661
835955
634064
345660
588024
723331
955649
96840
314740
326160
198351
252869
163525
675407
539300
540795
808019
579138
90896
530209
74832
926679
270477
839905
538813
895007
943778
328006
705264
830377
730821
188208
460312
19884
815155
980224
137165
943123
740652
895218
195410
682486
705362
57929
321465
552548
876918
700982
889754
354622
777794
955823
571258
749802
205086
253996
409370
335191
827429
145022
933087
293987
994826
230858
267549
368125
690605
14090
531039
377579
912563
27066
978680
105195
961624
984085
574361
482739
58152
608999
301476
116053
478939
712365
446015
469302
849186
256505
999568
407233
702876
527749
359706
812328
852202
130781
391635
285828
141883
85717
796070
184074
710827
827128
274315
946440
585936
623988
476732
323814
880143
974429
252135
335416
500831
197410
230151
154392
79042
595120
199506
649922
168896
805931
141553
891946
499210
352358
489766
879230
613965
527889
754570
447029
245419
84372
403908
361979
823951
666738
251630
497652
63904
296187
135488
637833
521381
24471
118991
34941
679346
290379
269268
126937
576139
562793
305902
945961
662394
87268
42713
771150
217963
841416
96581
365322
188824
296177
798137
654419
555670
185759
831946
126394
211541
408533
528979
397939
741244
681427
921625
581776
781905
6280
800033
533428
843783
453128
785611
495149
133338
966170
46001
365369
663042
721092
460243
447269
725295
879044
269731
670956
93993
279022
328576
529554
175577
203120
634305
920636
376313
364964
823305
659027
683714
700334
367935
264256
410552
741299
922307
281489
898039
5621
807504
393256
702898
640296
867211
729702
257528
640639
856810
179815
409645
97080
693651
344309
805269
164330
164448
118681
677105
13906
649716
195756
892382
743276
679017
45814
261950
468682
630005
524224
239657
352200
44236
488761
659062
410514
202318
683917
367247
724122
463326
344980
804204
253832
104543
363321
846068
295775
688789
321191
941471
339553
431531
327073
810540
658761
805330
255854
448380
871412
537804
291838
19184
701938
864811
660078
24105
844659
254496
786987
758838
409459
289856
803729
504518
213108
343528
627528
830309
923590
199177
327871
321948
506734
685933
961734
488883
582294
597333
329584
932596
430390
49908
551846
442317
938063
784822
401079
734297
629013
955169
459042
960054
954115
186825
83446
795057
264065
986981
995162
749147
440965
189196
670585
821891
919334
388117
155721
369762
281260
584692
514008
784190
383518
208063
926519
773960
504651
447749
692360
186724
641967
363378
26841
794569
929166
683713
625438
115973
633970
669659
190243
779091
290436
964140
194340
29886
672245
492999
538856
684499
750717
746642
826135
119658
780152
344270
150945
659535
422968
816029
219665
283615
922039
419680
65689
756069
217296
51794
531442
554420
434719
732713
316644
108247
665502
679462
359978
906044
339688
683977
418040
652403
433776
76611
202389
175793
777208
686310
942111
518844
375662
199505
63168
286358
366322
881447
325079
585261
827085
563925
537250
202108
464875
418783
276467
945472
528561
965069
980515
172342
999321
290134
850414
51963
872023
309936
384324
157101
418212
341074
365396
801734
16234
935792
903857
606310
719054
340839
920125
975086
29914
688907
425126
75204
31309
734454
249926
558207
314737
469074
62302
939268
131096
931092
703730
487870
713673
252834
760515
722610
15067
260790
872036
944347
460753
970586
126807
213395
962499
895363
366940
613442
958793
242493
584901
691945
545681
964905
434779
223751
145167
332626
878746
768568
555534
831907
6648
709719
43734
660441
584558
172158
460599
558308
749956
853675
87027
289873
352921
932487
66993
283595
828921
911287
883232
160397
182395
727045
554255
451433
563612
416521
433371
31658
660083
27432
384311
993612
910258
963916
908315
359347
496782
613106
977779
143189
90589
761764
449351
674935
949965
365366
10489
937643
856161
128019
993
561833
821203
275596
483815
680183
98978
433776
328892
554339
190432
404974
100362
171453
527013
139252
871695
473638
236367
481758
478858
477455
142853
607051
166259
591354
523251
976070
596883
67868
762467
840494
157369
58866
696889
422451
569734
172849
907975
890136
759423
575215
520173
40181
725267
731705
558665
17791
748222
853562
421954
280493
972478
434386
420663
894812
226854
526173
891047
897812
248397
317829
601443
799966
417649
546473
690270
77080
448963
311887
720816
113158
506643
199295
901789
171157
271012
159020
263111
259612
962224
911811
994042
692203
464084
994136
848097
59070
88533
646973
152612
66911
449471
216081
551637
863306
534589
850150
514524
220875
99247
432466
311697
861345
771804
573579
431081
506991
543568
372423
850827
707781
346329
436837
419498
79176
954154
789822
379685
965137
239840
200307
499093
422523
896559
891087
115799
331369
355181
596536
930750
659449
637141
935161
630018
894716
594950
469443
398918
581664
190631
884681
684932
202749
23707
955001
71485
401071
373164
93276
20962
543338
124942
727791
118840
10115
109300
207653
570650
511053
67528
693552
31704
444036
323990
811969
150824
302404
662756
774050
116369
725608
405109
993426
126119
388726
509508
122366
783701
320539
945085
787783
959028
935130
859164
776132
32067
179424
962057
398373
274239
654587
904513
716254
539836
333159
642285
772199
270780
498502
757130
429174
809065
774616
351837
272055
710982
399251
643028
241399
623325
110186
637567
640657
381107
574686
408447
833613
578146
481159
167205
753209
590756
693497
87555
895725
432747
189182
443948
614919
309393
710862
490940
787644
890941
351756
826470
141071
353970
728441
113311
952751
410064
16425
520708
471546
206667
771273
881132
114370
860960
962805
774403
97020
911130
525748
719858
975706
440875
64461
108767
214065
383113
649051
22502
477912
149396
404863
120361
86353
474726
759995
865300
211409
479558
25547
595079
430346
57856
894874
54748
256852
33999
510831
13860
861704
239025
983169
313950
545840
929254
398535
17884
675106
157212
794149
318193
53029
558174
117339
658274
47492
556116
79501
164285
967097
586500
520414
493854
871096
610802
678574
554132
527999
449910
89602
87739
77037
308467
620560
708916
695942
632287
43590
871166
441209
871167
399718
932788
516243
135243
859452
983245
446132
776144
375085
744338
304791
742093
181196
39644
518817
874173
790515
383354
380676
267634
614836
377687
862099
930692
389727
727515
34327
690895
514725
973108
573678
290805
542010
585327
114754
53437
922973
790257
494888
179733
860891
907652
379864
72583
412643
848860
944060
252305
331467
605079
584971
775586
893972
527181
334419
176916
199040
411278
695923
600478
438868
646681
502118
535627
596609
301591
131368
822774
943994
793950
881
788202
518024
177803
390757
780128
593695
943702
814517
447989
583012
394357
566794
909669
30739
297079
42963
314536
706835
522878
708776
169989
828790
258171
734900
320132
206860
108360
280518
767218
801676
455335
977990
357087
474311
258064
855624
825361
810631
202799
741757
388196
345215
556160
594152
189532
184248
88626
146963
307936
410828
121719
66330
186285
492542
510944
93229
667520
34412
510203
442444
336832
888067
145424
94070
533939
695601
375114
121011
647259
331925
896413
268280
131312
545329
127113
63623
718292
301683
514153
966971
868960
113907
250281
203551
480213
56249
200439
543287
943984
566611
856717
878094
511314
85693
864098
159189
634577
735370
633670
521553
277602
340169
207396
606306
715665
399115
459829
764216
173159
449313
96333
139111
91219
694933
993007
797100
62048
586849
850733
967394
206052
75730
372248
93112
471784
512988
765676
492631
464010
285120
998468
492224
999080
923225
934267
911780
436706
358668
14091
241354
885943
966471
141035
301183
323688
788331
44805
795589
40405
388825
18604
911004
93726
555349
552017
154648
871675
149319
919169
65297
471233
540786
627124
855589
839819
596115
805235
912269
639413
574895
312723
31984
398110
33181
668130
630012
975356
54869
638707
761629
936633
268740
950888
991016
736030
242400
508723
729687
274170
785779
883453
631953
72485
75998
144393
170326
427888
743416
157682
528069
538701
345718
22207
485779
6257
248855
112167
153436
26389
5565
973806
889969
460626
97599
863368
286892
769134
902479
714190
174439
473026
280148
591864
192135
60221
934796
235801
682404
921305
968930
736540
484943
725822
694133
594239
354351
75990
394671
142194
921382
134294
921432
254990
207058
686641
221073
532948
944858
260788
265128
489217
775080
169396
517068
396162
822424
299101
525759
972122
970277
583905
290632
748065
711604
3365
290767
771521
872467
464716
540564
394392
304957
31333
677841
789701
485316
946870
168560
620533
722620
452087
111555
578949
52506
830046
714681
698392
218955
476925
700042
595959
486488
318265
425657
39117
900647
15593
697209
227904
502475
120107
160633
256660
235228
164284
380098
442562
733613
549013
851526
328525
32639
107476
106882
677596
551493
923815
205851
471634
440563
839751
449418
735611
323723
909132
742239
969212
248403
820771
294450
558665
743022
75707
782237
412213
49819
618
738355
175595
288839
765413
179522
743954
670355
927775
873339
321413
594153
76769
180107
680190
434736
942650
599848
150234
855944
595215
260158
325849
870843
762471
741891
301810
67910
859073
480137
833896
380403
281631
432180
574494
624998
231317
914336
423391
120771
167987
781254
228977
934197
191600
466625
673491
10634
7334
703505
23001
532501
796515
880868
159170
800926
384590
53558
328070
232189
365099
814986
101539
105021
245990
412526
580557
174180
457733
268760
967318
944834
835468
248618
717255
861319
354648
426032
866037
293723
393319
783622
720537
873595
882872
220098
530686
786440
243069
531101
390880
619206
414522
443137
67682
963970
918828
840157
332658
878139
671547
328398
573588
197611
694072
769210
24735
735156
475874
769910
904604
533295
810878
408891
456770
26388
497263
894901
741290
269238
823640
683886
604224
758714
806824
609661
97684
79102
735045
830294
425133
931148
691709
228662
823214
217201
371652
417529
611965
515309
192798
583725
49392
804155
944846
586278
765340
905546
949245
336694
118012
102820
640584
54896
316242
605129
487482
539723
490712
906579
250542
761669
279541
629015
555962
881277
38210
823454
107522
836628
522370
248402
787283
449766
132212
262463
132247
372678
261141
298732
206355
623811
938826
316272
136536
151470
277760
203713
844569
382065
987477
648639
948091
907484
186805
595588
148237
392088
724773
63753
757006
801643
933735
425901
683852
807907
985696
849636
484459
469515
655005
457993
203914
874744
946987
700199
249777
360390
695163
822081
614346
576865
424248
82835
982767
101535
628551
577024
147371
252063
434076
492959
827131
911369
994197
94879
768444
839135
635071
923008
971430
59181
824409
97406
799569
330865
550347
925317
218404
634757
607372
294501
162341
252007
205844
398352
529242
187015
987597
887738
502314
786176
653905
355991
345909
947304
447168
261942
734360
810163
495473
683089
465289
811416
992728
163449
897314
286782
149487
856585
872515
150173
200544
18540
158820
488703
715297
5601
320608
900165
339215
840330
541062
250691
43096
983090
416510
382949
279388
227847
893562
516027
489257
375615
471121
707747
73546
356048
494251
196014
762516
300640
558293
357255
99977
597718
621581
118949
662784
660705
23248
285055
954475
17657
797631
417390
431656
501217
603237
765316
612358
11902
691964
619654
159438
239848
772833
885907
173965
640668
485024
935506
368671
365551
96161
224392
85874
816106
82416
64244
231883
475712
231761
702980
111056
320345
286166
809178
280122
779483
64493
697514
331856
417771
570068
19553
297573
891898
635724
187877
718678
468454
679948
633602
912675
572730
117220
715876
299156
199549
478630
921524
295287
150979
181867
533676
911627
291645
853079
695903
278681
904415
368491
941618
822415
443826
746161
929309
914398
987910
53781
710955
2279
798582
46382
737333
793410
57932
886082
158117
273582
619412
800290
536552
434766
158096
822751
547002
446041
211760
886717
324413
498517
144885
904258
338510
55728
675399
256229
604529
974
431106
231709
115879
527153
240566
99520
751277
600663
176134
900400
807346
537649
399789
270639
72796
583600
177815
780191
78964
393119
687147
568534
571472
23443
158416
396205
9486
362234
447883
790787
684030
654162
815107
749036
807639
849664
962848
763946
252198
760059
643632
519584
372053
182752
721574
946352
975411
373154
929500
778950
933649
710464
29799
80524
338704
282092
103858
677556
326216
344880
587926
976434
8074
871641
478863
613365
649985
341373
227797
29791
529365
335730
404468
699811
924227
132513
904571
967241
860107
702681
956141
192265
520753
368164
382481
81063
350944
127834
62957
56081
260840
417620
148139
141631
960418
123660
805048
806125
992899
469345
391869
409036
744286
796580
964293
556324
400776
343769
304641
830879
92563
404692
311451
354851
794669
960014
421244
871453
799715
977343
320921
983317
725251
645991
163848
495079
640001
358881
595352
838446
912443
668812
626779
319724
12510
208482
318688
346396
303632
625294
364552
727774
166484
482321
211422
780527
702287
78876
998020
170750
823004
351987
646633
448041
648818
214979
857872
693550
147895
121032
517756
945913
150650
156452
608219
661450
170100
601506
502525
140933
170905
301232
978528
908610
163315
711702
859424
281467
300631
658525
660189
796534
230847
419770
933193
697691
533630
537097
500892
297555
690710
225777
756777
930017
762726
501526
816869
771047
962955
747243
408509
77010
353118
846474
757456
973756
510944
76802
266495
313936
147201
906999
62494
537633
268963
394298
675858
609890
715768
275379
119477
300834
133679
807275
35815
108125
858970
84855
688066
623755
683512
322163
531670
625406
655596
625765
451242
446207
408728
167751
639558
607626
792559
288292
534951
874087
662667
696260
530064
448615
685339
310529
128202
494369
495534
49871
966136
634632
338526
810863
252103
526339
813745
163332
307763
667482
362077
594479
811893
286520
27255
951931
503636
967003
629132
567935
275669
667742
828957
863665
648411
836147
957728
294989
9294
686160
568162
573982
838315
260800
578978
179992
742626
759451
473116
621697
821796
416262
541648
878818
667708
746342
311994
480189
426715
576447
502417
150420
9223
222683
574548
893800
675514
955186
209754
104588
890585
315992
542182
385158
690844
179699
245280
920044
968145
434356
903420
355243
314849
540684
132991
633564
822544
38379
59501
305922
194692
42457
292289
881917
744191
634629
712160
307495
986744
407553
379527
543706
64655
660078
577435
107881
693874
726908
163378
253407
129845
786000
621855
178444
415363
205475
160951
585199
895410
68139
607800
579019
74262
830769
93940
768350
619736
259853
901256
82167
780814
999158
34549
649133
341723
342762
357199
553132
410394
79599
893290
313060
839052
883308
543664
702637
191149
297831
153071
869809
528249
426103
185761
131636
882503
381709
106742
522827
140525
360203
676676
991699
254877
927478
376646
318914
70760
29802
592008
736023
693856
883382
749644
273714
627966
32171
741431
605007
691357
605444
742983
629534
762575
954576
311398
818817
721340
28233
387853
499489
658374
897237
268330
497396
159007
332366
558131
904298
764559
459478
35452
884583
43494
902833
173258
114879
16435
931546
66575
25928
493660
912527
334392
549736
755819
873042
431648
925859
765905
253614
248543
73827
703100
387224
617821
679090
400940
347351
610659
358683
184896
71471
684702
742099
878304
459943
48472
580728
964317
641626
804271
131015
697437
785103
909050
701624
759392
359370
902545
674180
953130
658624
349590
62493
666176
17376
943057
421279
326204
138342
748618
16924
353012
343528
812395
946322
594737
667101
697053
759115
469175
284574
619195
478166
236509
513274
415384
771050
402032
667952
809238
368745
354567
919952
39983
83593
677350
77019
426292
815576
749042
161215
853101
737948
482217
308903
104735
969362
359062
147717
735624
642510
414730
528048
523698
166543
415546
452414
188168
714354
73132
226779
188482
996794
356480
987794
265466
122036
207832
898943
222722
923789
820019
666390
765474
225113
165859
687543
410862
312678
994143
573952
640434
183983
464693
258570
990307
543749
277552
617323
854488
343332
225229
67289
10196
551295
270227
961008
97180
776383
977711
212338
126817
395035
886999
253555
111632
660914
210097
541625
373070
947967
14857
541230
22357
817086
636387
257599
636913
261248
665144
773180
927499
755765
581037
313587
583392
277818
492142
804153
841964
328860
48696
963015
281783
227844
871905
702040
321308
817083
693666
674652
235176
93444
984870
706550
65113
832852
361651
523978
894124
629778
57388
681408
629564
215709
933114
940172
611324
445506
816355
721122
626074
604241
176488
102758
34228
910465
19619
685389
812418
18582
291406
123484
466639
194907
604337
683084
319050
348801
49537
648562
380923
836075
423046
931927
213989
922600
175306
123084
506216
467821
494382
837970
275226
748620
632121
314674
263133
208877
353959
720764
94203
754790
567620
250964
48169
790086
777979
667313
88863
712695
701605
419814
306138
670025
697096
638093
8067
571394
458506
670354
456345
503745
124260
451253
551284
944126
332041
376752
967384
382327
593128
565784
693117
461424
224145
492789
993556
433977
878679
389470
22741
926565
973946
132408
937722
549826
344289
167793
185787
815251
353016
140152
535726
17281
897773
841744
218364
919970
661460
458175
769109
484202
504841
568022
690338
370053
342449
69951
844756
554928
636207
579850
284574
477713
168850
160645
365208
165869
259106
150523
981391
749521
300194
475033
61198
30807
310933
943154
768688
627987
198565
569424
340898
574199
176306
373741
134439
860352
95960
476930
595580
441562
911139
381069
492695
239215
595939
248881
721371
13156
524810
490563
862299
900945
627154
330123
925814
533324
244846
808127
203547
320715
846304
174015
851168
354566
261728
683640
186082
69074
205514
795274
181103
687629
716523
846607
883976
984474
102581
787798
872808
581911
855695
307202
69718
758067
808366
727743
873167
99458
145009
633239
807822
427151
913421
313276
766185
869063
369911
66164
980073
11172
526142
257251
515079
804583
42897
970412
216087
304891
588610
574302
773196
445618
580526
533347
157823
168391
652924
957811
989143
358906
329386
744827
380419
309459
312013
314475
9990
311651
99277
425857
276031
543419
738297
102760
227430
791767
637830
378624
410031
89689
574906
340546
986842
848967
295771
453181
671848
753434
127953
553335
56141
256377
858059
583605
28543
679252
827938
260214
500827
935939
25044
323979
739617
288304
909686
703814
631810
804211
838643
427038
259821
309406
234090
336725
460026
274280
745614
921701
253113
470538
958654
90474
572098
202892
907959
291056
334974
848088
271553
961061
104674
820451
145005
49929
216480
91788
638563
296060
822124
909620
795139
372620
238993
918047
300410
241354
946399
560620
504122
411188
360524
844705
620402
229448
302545
970908
146143
9091
403490
50220
510622
399330
488585
958882
862699
357469
751759
122025
975518
356828
159816
532104
644627
236896
963662
402
592487
329705
291149
473229
908379
93645
720274
36822
79879
785769
649077
144565
736356
551217
210857
306646
368211
791887
962390
825048
130594
565691
451594
616340
343921
771396
505672
802861
967856
975460
743420
665582
351758
254543
270584
641851
223696
214506
869062
173452
890324
379741
410920
449763
97243
889139
984379
120888
897964
805046
157486
702025
978986
846556
394990
191650
649676
815733
775956
34582
368669
385308
651911
659818
177859
939776
547318
600759
135623
143876
723990
706568
286229
993283
119777
107315
124567
240205
512566
731650
650834
654433
641196
66352
976484
436061
903314
571280
852910
862133
344066
525977
436777
222924
932511
533626
339361
44498
789246
191325
356297
769917
372969
312813
781423
704164
891735
418630
315615
561325
986355
998502
7747
957795
778717
531260
716445
878603
157994
83140
293005
366576
402233
41780
548626
984701
967562
377356
399563
809826
812281
471318
865793
817880
205963
569135
210773
910041
169623
189345
517357
377866
104370
860032
182427
840324
300775
752705
719401
240561
824830
404999
386227
487624
745649
160320
347529
360843
533282
696583
222634
631
788712
283710
779694
261236
956276
795817
377573
326517
904689
155326
28114
986136
977537
630425
959725
671321
718421
371786
264785
58740
128429
175014
283841
369529
994411
7506
335942
36781
382672
777002
382277
775771
90967
554342
242625
790925
860217
357590
480272
213310
622128
788283
569791
3021
952868
285896
170586
960562
725264
467512
596565
561916
691563
439434
155123
20540
319788
571327
929332
853720
360607
687119
487199
434453
739716
688224
190760
333659
389046
206688
135058
482084
692324
523501
211632
670564
380663
589389
504078
595432
936792
127539
566422
232657
418014
127772
848913
774585
590483
26205
535752
60852
786384
395407
34335
95755
277475
732724
648328
831411
41455
773351
62306
528112
873574
570381
400485
306789
313718
139617
888399
400872
345548
227522
972750
950922
608513
750775
58723
12358
286242
495853
978819
17406
904600
682146
574112
939545
243461
53057
428630
487212
533655
327559
153453
540326
411002
264562
976169
413697
157798
632319
356191
193860
412667
267033
90200
958692
775511
569454
224736
507190
785825
133041
654843
104267
929724
762172
394089
913410
406892
733847
396794
468317
126360
92231
586967
288663
864571
680127
283711
946405
894764
768990
466186
223069
496673
905482
285217
475454
527175
906731
366761
909333
461352
811839
401923
718793
710638
688813
718878
204953
633318
626618
291459
789842
808127
643007
531730
863513
377710
329130
474843
503126
565303
649965
686401
402579
367774
752337
19816
630629
23009
626631
505361
803624
12418
906557
225436
994562
396711
532089
314354
253856
319402
938649
93219
325546
899030
762207
624998
467934
477074
959390
163012
376102
638432
959742
292732
523105
338474
218183
844010
944608
457707
124456
832219
191810
864959
372306
970317
147588
16523
683652
467465
702965
863451
566452
713734
957491
293898
137464
820538
135403
918688
704637
410448
643642
168440
663807
244036
788265
418280
563234
355110
964077
618377
417474
182621
922724
31884
576334
477780
596014
168016
372426
444981
169233
79703
186547
318195
576102
995938
918506
641211
8694
709205
404319
750360
596705
537674
259838
921761
830925
10269
567797
465790
85536
16041
947133
940237
420779
170508
189579
120799
609092
585238
338150
900974
809328
367717
713737
409114
696962
629203
19380
926978
45587
922098
176354
86318
451656
54987
550880
867465
298777
498798
663342
117987
71239
379795
798371
770808
406067
70052
550508
66154
124049
946077
89808
748425
675921
205810
651436
165438
722820
134940
263990
482116
867914
44581
653993
447451
452380
149627
982523
704494
808955
524493
123270
833082
704381
434345
69624
971742
83895
380580
583404
513003
329681
575103
125268
915445
763678
315279
222866
746300
604645
9446
891565
394296
516828
813975
797541
623066
707510
91249
89540
477484
323888
891328
802149
288265
525231
44301
426413
12372
234428
289043
360113
249614
752056
925777
163682
771252
423837
487376
973070
446905
369825
290758
820903
149582
954815
484961
820188
729650
388135
620704
178810
565830
562103
357237
374033
717550
402616
630451
734676
206275
995483
110946
695568
327465
749709
163707
894325
684649
385682
461400
896496
227859
301560
808488
392841
406792
103757
102383
77538
637322
206273
695869
84719
459519
937957
26128
465603
896452
763788
571246
187675
39856
884597
385142
525407
998723
311285
143006
194349
11975
7338
95964
563782
275824
575984
680427
449955
291340
516077
775410
488843
605623
883141
315500
129184
795613
949512
140613
758836
693051
224223
567626
824931
521050
705983
345302
405366
802354
858937
81593
510107
562622
94225
772687
943246
98726
499594
196181
745808
820467
678787
716553
730251
171090
533119
969221
907656
906430
184951
86821
239689
142087
357501
173305
178194
449889
56721
963278
843885
223519
893556
208079
361522
265236
373367
370396
708147
993790
759163
558048
475574
660108
93427
84532
449782
356594
243331
13187
914586
124124
527972
367054
829062
557075
841812
614071
870276
316759
502230
612933
772859
737433
199420
889778
948970
960917
935608
281227
474576
339911
27597
838823
760765
864940
709735
306125
451895
367558
504585
336433
209731
366501
467134
173462
201630
300833
855659
745253
673159
789219
79084
701056
515021
794815
116075
28045
447727
500825
837562
818231
622052
607390
907982
379402
261688
162451
799664
21872
912793
132329
942331
406730
638722
423667
977213
162485
815394
874846
840415
194088
971596
969301
39350
458591
437005
105293
324088
459192
211751
77460
221239
541582
213131
152607
864447
494600
879296
296408
858577
563583
430169
210367
589558
164330
933496
602852
939737
867171
329491
61363
460493
240493
857691
481685
854957
411687
535148
533328
147006
604263
171196
36927
940720
106989
230362
945932
469053
959258
600287
471364
237487
503432
178520
769357
687174
462069
651394
112791
924996
643228
410313
477598
68007
678404
387733
315923
773254
773960
611589
573677
436118
987496
89287
974540
784761
734142
380048
786984
464854
160989
900969
499011
654382
228811
892264
514020
242483
32271
743966
811194
234521
20933
427373
173896
883420
824957
560122
974716
120002
976653
827080
665131
668964
996567
403790
874446
13224
459341
187347
770911
937757
815859
412727
297782
798364
610759
130826
236528
951735
898816
331223
260026
965503
74609
871063
119668
736002
531586
702475
731853
328514
105626
48004
34537
605305
44769
221094
299866
247356
611257
584292
2732
321891
561183
165197
150321
283143
773917
494102
762577
187836
520226
344599
23857
626432
468214
507426
418093
834176
665279
679010
432056
136520
819144
383227
609737
262510
319603
791556
239615
682712
275445
329820
244194
895505
129146
47097
408211
505112
947403
521531
470763
740363
273746
115903
164518
888922
9393
549033
766051
645932
700966
748018
161394
794176
483021
807420
660073
615029
500466
8371
726125
56041
56128
708332
8504
912603
152395
155811
986493
454247
760105
295795
163835
838083
827010
441959
959066
723150
455257
846494
813691
772176
602517
325091
839261
402795
430000
268371
866090
490538
670181
52092
61937
239519
706933
183577
745427
902474
564410
547270
63716
235918
861872
295757
935486
248505
105018
796301
823434
9059
434822
346447
38749
662481
287291
980861
354507
363045
214779
209321
453470
229008
808795
465525
475203
988251
198367
609037
127852
600639
679585
426574
269950
50435
215674
635288
921340
13487
759964
430756
121398
385971
338858
355042
446157
81138
558764
206533
555080
751732
902705
963616
882731
512069
805839
134806
508156
630772
490469
354702
424011
850936
156910
55355
690460
933237
785851
873757
126205
651526
499235
937099
635175
184934
984843
454560
933184
69637
392258
270497
668415
642402
498437
547155
382330
428986
57697
40209
593036
932123
396822
505592
616394
412797
446625
100108
480657
852492
311570
704921
228385
837170
463692
507294
818444
817046
746673
187244
729981
304929
279499
203644
893436
517160
465085
363096
741165
43184
774027
481664
896832
299771
353326
410991
733443
238072
468618
64808
207276
786555
120043
946790
210314
357863
863353
642979
787294
155101
495171
232530
490906
125287
356124
255831
699427
418912
24113
764879
279496
838551
719089
28044
98524
886235
451426
606424
571517
377214
683528
793628
243991
150528
571434
364364
49081
282530
490735
294862
184483
479926
98155
93227
215779
680996
230507
529374
797406
311855
414060
505677
871090
613204
905145
487362
869007
600014
670039
964153
835788
777959
406116
174837
593936
577050
159394
70874
386104
829777
622826
547405
287888
356793
600743
227941
606114
891418
608254
107021
104904
284602
155890
604092
758786
540890
920728
720400
810664
641149
183466
736623
366153
65985
59214
422332
858023
408922
889579
818990
830482
113234
217409
748835
237829
845914
909006
840495
518202
338831
310203
210964
813136
812275
69259
119524
454362
51430
547944
582018
523046
314179
312271
172941
4578
818073
432509
565203
847584
104030
612783
35804
591123
913989
70091
822415
684047
327402
599697
68248
760952
398976
734260
51743
341182
537786
460811
912659
594017
511947
784738
771232
629006
630380
461686
533406
614098
625482
964156
337182
614003
177484
440858
351339
666882
425482
661409
427201
305647
714
701896
209105
754803
135900
684594
314465
14166
895980
82003
840231
824068
962579
887655
291626
924879
858382
740067
800182
393361
698726
814516
973626
358376
362462
124633
420955
380425
502692
429692
175848
790718
946055
171198
547820
429571
196846
12235
830646
646669
738553
991036
86366
465423
475206
973644
85634
541997
562752
328259
218953
261310
493889
924369
725610
233760
633903
934599
385521
736185
924641
816260
290182
875871
162094
380440
145349
771764
656496
279336
954905
52972
177243
176991
656497
454553
410135
601995
252789
659055
996593
571002
588053
984593
787149
505769
267950
321835
806213
116444
109664
189849
710527
471611
44730
502510
779415
556621
434237
261244
322625
72425
459742
264478
432888
872447
799536
822149
697288
235478
324473
567053
492072
86437
41947
793912
936152
307907
942280
29717
573415
784609
824674
148542
522642
217540
844315
437071
787002
917699
31115
730253
110531
914149
712092
297048
482169
523145
620990
824630
542304
599308
145618
36515
248708
570859
11953
698732
67034
423145
383652
42368
259963
172041
748125
226435
281721
39868
552303
889726
530649
222323
485464
561593
707924
630372
517045
472042
732920
472764
974501
495485
409814
39814
441368
51478
944698
802275
879943
441065
80182
340029
676294
473121
109536
293357
279912
624429
770397
573986
473758
778459
971523
265913
115513
718422
414493
746393
373072
765050
219138
515121
116839
748327
748388
731212
846606
778947
942913
473020
112769
217917
662695
200029
214173
381535
87911
733837
424717
430974
379445
6510
659462
524068
975746
553634
658309
986869
67940
219142
945805
591564
248382
616259
458100
529052
578092
70312
701155
217933
470073
773578
283875
59329
724730
42210
656729
483227
200981
444133
616414
544245
213778
474189
967523
180570
50076
223770
308765
986394
479416
516489
608893
1267
795458
182931
692046
296177
443321
428897
94570
729477
848918
725849
528143
301817
263413
322775
105420
838090
6317
332196
103749
404752
724702
187910
937232
690362
617107
862255
124201
324651
865127
966739
39980
136856
897518
423262
611995
258928
567107
12581
911053
511855
669555
674991
482079
584590
659690
518057
713638
688454
956438
771981
96065
523480
171040
145751
632292
352122
703467
363663
844097
169679
273854
589301
585578
199260
300347
706606
275963
872638
341627
992793
601499
33396
341581
42682
347242
830948
6708
638204
980396
278531
344373
570569
898941
561077
819275
783195
28081
716130
380680
557295
818428
638461
319983
761292
635633
191219
929310
514338
106999
128561
934903
15632
721253
287761
491473
809677
997852
47827
246519
79648
327404
465596
984015
250103
308647
284451
861581
756736
687020
643023
806045
511359
161896
635374
790995
393658
954310
239493
828858
916305
95502
649869
902569
280419
197473
16257
549892
615877
255689
236887
33587
422547
237830
608651
270392
150483
112726
810931
121881
656041
968656
597567
954439
27357
503735
249362
495635
241539
319647
433115
950048
284867
247231
17089
588447
808080
438806
49568
805944
720388
875447
960698
846608
20195
931098
317979
143398
802364
453199
539038
392826
437096
164618
849079
734459
387344
974402
631717
891829
287392
667371
27749
8267
491895
306412
675052
387594
845051
859259
783286
629505
375143
555276
628791
47383
661870
435592
247553
954916
92440
619579
415635
12671
596006
32876
246908
562028
206037
410115
202232
215554
275305
530361
104989
950820
565576
68605
253341
734454
884024
340783
270493
300223
772637
904342
992542
453153
399175
737752
353611
535632
436582
696338
760290
947307
997442
538189
627188
434491
614759
94215
574950
176145
635345
408832
311264
406235
399517
533189
977366
612874
160572
868669
898435
189530
273140
495087
532098
151565
318195
582769
146781
135056
815782
333837
950941
245998
229225
489471
422513
762034
688045
194526
190303
938554
793286
910387
111526
121580
884763
805671
245998
841289
175013
548930
488627
641378
246700
414191
954823
51899
832977
599017
940778
567703
494384
198370
488722
10608
15140
728278
599640
402192
455257
628608
928548
248143
741251
332604
530335
688123
370259
355144
229864
96909
930028
599806
942673
400879
875014
669918
648142
116123
353895
863880
300518
306492
724313
40993
116319
26479
334817
255009
440845
85424
318384
110743
33941
346176
218959
420217
707140
351209
700571
518837
285722
183707
34814
270876
685063
94989
182739
789237
32111
943876
508483
695502
112973
847579
937763
138457
921214
477627
40897
994993
589620
729988
471989
301267
195225
753457
289356
443368
813976
723720
263788
460639
630356
23121
210030
305209
28592
392785
895797
386166
554786
555295
508592
409496
383801
601185
863318
72802
133222
612583
38652
605047
144457
571362
110797
821396
312272
177296
677290
640554
781986
779958
258560
89207
76724
220822
100714
999028
703089
599212
361965
302948
911962
491995
45810
281559
564205
63100
603856
722896
413802
824202
202911
141460
646181
482104
605375
239497
71297
752742
602561
320558
204965
777261
702493
986486
236221
23184
665649
850359
937686
226387
353338
656793
253393
242207
399930
202221
679774
7538
892712
33047
6547
564178
399211
41485
750430
52497
488635
135410
89358
290671
554131
210741
949895
990275
604001
447484
273821
433559
152676
989610
251028
696759
267674
654
350262
378635
390241
343310
98030
85293
972105
791786
547803
103767
56377
701397
908102
673580
410726
548065
137247
906137
402654
656670
556952
324105
161429
176478
719747
866823
994319
162424
473300
135769
642037
119271
891445
26349
595375
849290
701010
225109
914636
608462
125839
928681
661800
406833
73855
433162
81954
448924
521016
181318
642293
4119
764915
612253
78274
897871
595974
489128
532300
48393
847094
982486
45262
48955
758399
564509
307246
639198
228707
104629
325719
228250
65338
213668
300789
418533
130740
849171
634757
834736
210824
66755
468000
494501
539040
334606
418597
982077
944116
719739
987662
756853
684887
258108
457432
268843
536375
594510
184291
395009
956957
458045
779165
634810
821010
209147
676055
811571
506087
506733
647095
896578
134629
63070
14375
353438
908219
426762
640622
522519
377499
62827
309436
733537
750108
454366
810273
901144
101810
801172
263836
907547
944829
517101
414189
893171
167564
755419
622083
208884
617894
513293
49452
409458
794675
685608
428475
810399
220167
405525
59098
985399
856946
277312
117953
966570
138120
666118
981383
286553
687733
363311
160551
653276
636298
996036
730486
175603
163437
338308
45050
335842
468675
734029
458585
168143
313889
496201
102890
708352
740961
410350
359263
126928
412018
643973
105729
450433
720760
388954
848244
543492
821847
287250
463518
988776
815226
548428
501144
142491
387534
539089
747063
874318
943430
237968
600997
152665
391146
297524
709885
612306
899300
747490
398117
161296
276897
147852
744996
769907
48092
406985
271590
971226
871954
428611
624923
654874
357477
979907
500884
221813
444268
874704
277972
476015
67184
227457
441623
906198
38405
843849
125822
617254
585780
741443
999484
335320
316979
830136
792014
216677
606859
801531
131761
881786
184231
467990
782509
786907
268820
624525
687734
261745
387467
603337
328645
26541
165130
637045
244804
490801
692256
662213
920632
304934
993900
834118
253657
783761
986218
204433
124300
961240
767981
533576
541824
652334
613149
857296
233285
770931
540210
858240
885807
25659
501092
564309
55499
944073
55271
882803
319754
508865
202836
888897
319460
798367
871227
42427
887576
795312
381008
802621
164333
563150
650151
65421
588823
600602
833507
204824
177210
974984
850942
580349
189603
927867
592770
370878
524690
435494
862581
693409
407035
36076
17421
794937
141298
987636
778711
198440
728449
28048
56541
962608
385924
181551
789942
374205
893417
788554
25897
806736
260012
247971
706089
337041
808488
112096
305593
849001
410585
522
823508
111590
849494
472080
931305
344197
188769
70852
979726
921697
259223
765054
440734
423620
23142
217485
85595
729649
21343
158350
284710
378047
561868
78204
111521
258764
691133
107704
337758
133220
623821
360990
174535
825233
661564
841230
942330
524815
250176
463329
294342
37670
315990
621424
533781
90895
704488
271827
516960
867525
304960
745606
843758
535783
505791
265388
228864
101862
543430
69488
348525
621792
856776
386357
321347
286194
68625
926381
289670
255095
258747
153173
514489
382907
652379
421974
748660
589140
240058
889009
262826
709772
957669
569572
844168
317429
812400
798365
478453
685529
243138
924439
667237
783041
543985
510026
337433
137012
185924
685703
63490
591969
308982
115171
188352
611468
589597
309619
582839
655576
910870
793195
982051
426684
292997
411381
608163
166688
163097
53837
925992
364937
930228
863926
718943
388369
589475
612691
71893
769539
587040
696835
92487
756849
941911
635031
791538
401350
284427
111766
212085
900175
217787
746572
537502
751804
206130
353656
863501
254535
431339
867933
929509
66452
737733
939155
382468
199633
369411
506915
472023
75805
448521
968887
765663
581356
484649
596489
101514
499660
755423
759136
9669
395747
652819
873593
940216
836627
922285
56933
344838
39379
204353
228423
332434
338767
952764
215349
524319
790022
591705
479740
196252
552221
395127
689197
122442
82917
267001
666343
170526
659620
850328
131712
186736
915694
379255
894957
895572
725458
354487
891180
295925
613907
718593
167760
587286
835858
145289
835045
908624
947959
48585
122660
673217
495446
136152
808801
599924
965871
342366
660922
253858
51989
324428
757366
849436
84378
980005
57153
451351
467816
149517
29650
602362
520215
316268
491546
397837
499089
446464
351448
517490
597552
26351
443071
375467
609265
689633
546421
467077
31229
496020
984471
590133
594901
440862
318230
725347
329814
423356
678214
596088
177600
854059
81531
416216
14720
798631
907635
639720
709489
23625
568659
887304
527339
214154
278726
317175
510792
441248
223467
390168
899199
975742
108310
314675
451052
794087
357850
472480
143644
388845
136196
13126
311068
412722
996579
19131
565782
502510
756671
725053
434980
343495
965694
485743
471427
916922
117892
503835
907498
658318
387314
989780
426772
926104
660996
711163
599972
480181
276622
393843
49429
262594
331506
75484
963357
786734
687450
77925
866530
792166
829034
817468
860717
824149
739264
198057
276110
389592
156908
783396
780264
677054
439817
408493
835294
674258
164064
68905
91933
516568
558111
419527
516785
120338
735103
122744
298633
654613
13205
371585
410149
793112
580114
140245
226507
502759
632337
902453
152641
24366
600661
881530
641973
387139
92943
83946
654396
425770
274593
539420
103699
347643
599697
621127
553441
100388
230410
99456
254529
709623
317851
490161
545250
656345
253388
37300
693915
11068
444794
915675
964157
593536
811856
46094
381802
481122
84383
770483
568756
697164
202549
299055
85342
597540
927194
266646
993492
521617
833497
877408
220976
701771
565585
897607
844697
743067
491177
44663
716563
992038
921578
712648
998156
565204
362724
348018
967257
932388
709259
640738
461595
865361
520746
492572
707571
226116
600128
386478
522489
880821
851728
921454
549561
59906
94628
872360
485741
969213
671799
536438
604599
85637
18657
414518
252429
14482
394835
710140
211700
895613
248779
979065
325480
735488
863468
513082
813075
551661
876455
375782
964684
615471
742388
56489
369178
936172
819569
460148
496124
981462
837749
600331
217156
35906
785800
104506
884047
255894
61463
628365
124953
263260
826903
887091
757037
60664
634574
6793
339918
774052
783847
90839
340009
26724
665634
59497
522191
86073
59023
816150
155765
361241
600302
752815
424161
629133
772642
450923
526553
879568
961656
667009
602445
54619
107233
139517
240807
265323
354222
878918
991466
446096
63824
289616
412633
392976
818497
389581
921355
360584
809174
367038
128298
717354
761835
157255
686886
993580
291255
92289
940573
864900
228456
5999
404766
456000
815089
275164
433076
575092
298765
621269
364030
874590
254672
415555
805837
692254
259492
616031
823880
107127
112468
28969
143394
44892
823183
693336
739271
389305
921969
48846
402489
619972
113512
745977
850762
283772
293200
436660
371202
634458
695919
8577
509383
844862
135728
443639
702619
793469
504479
286626
950820
434835
270968
84248
528231
68849
276638
354953
482207
859907
700542
718856
454996
561944
588682
285674
396545
643635
556194
681305
595262
342482
705937
259358
974343
456355
746900
327082
930804
621393
152951
450333
508851
732690
798234
1902
440966
21268
459018
644184
643179
825433
373350
32535
476729
933334
311465
858373
273289
802508
145186
228902
892433
829425
140986
165793
281791
5554
320506
175568
680379
546696
843469
135533
595770
156853
794699
128197
692013
423439
751808
281075
651859
476204
371050
631569
541368
180354
891583
345673
515442
220872
876248
978884
344207
695864
110262
280541
964086
713290
94489
462177
983537
663062
255615
314002
252799
63460
771556
16357
320358
926093
902855
913553
926054
263845
223250
339205
230405
424504
27975
19120
723745
596705
120260
270036
247389
416767
456934
76052
414157
595876
894352
897623
374659
28372
11364
788935
199681
332671
257199
116898
415574
78607
926521
887563
767996
641121
205065
881764
305609
689531
366593
202414
232699
995983
509630
860373
297125
494779
237029
696074
417638
150450
204344
911743
806524
975893
512213
356889
930394
842408
521212
984728
90839
475854
899158
619520
105142
935661
199392
481015
399995
983713
719740
446600
404216
377601
416170
994060
243888
143222
269433
972640
814702
473317
159559
876490
649315
714376
382759
764199
934950
27821
353662
923921
943291
543581
535655
713064
599472
865224
18527
948223
223051
429938
285793
333801
23880
911803
298064
314252
254312
419145
310400
582577
117307
700878
363481
267516
162634
236718
326130
4478
363036
687096
253695
190936
481709
665546
373254
144290
458411
703226
327390
960216
287515
119889
297024
297042
543169
668322
898652
749850
354664
386573
481656
675931
46858
854615
441922
694663
472162
982555
619816
325087
89125
213345
451899
713608
145182
696174
584233
25698
457452
343817
529153
138447
430869
706110
633611
986725
424856
41833
675622
524715
532113
622360
773744
680117
719395
248638
377159
590177
312601
578263
892047
535599
702029
722236
75648
634823
497487
195571
548685
93056
716243
548331
476192
161895
775062
91899
813678
656416
174208
472239
504795
700673
577901
774280
822856
797622
605543
601265
474109
119218
879982
495749
892739
111212
603281
725397
594592
632724
267905
44262
147034
299810
282697
503997
864271
421309
460331
654923
890364
82641
721296
225897
148386
8296
116479
895397
631821
733005
899715
907015
196411
343865
501848
404417
579338
409035
743416
549431
931986
923410
102486
79359
454862
32393
336606
485685
313465
659627
352315
797739
407104
134739
230334
190928
673550
445957
941137
88531
527885
50317
116776
866302
837174
534248
430305
779540
263920
979695
248048
888470
243847
491451
430468
640807
802510
912784
816354
611663
488361
720766
975498
221770
120277
636460
133584
667318
499694
771419
719247
413317
306131
578235
732016
987150
727489
663391
290210
322051
473634
919764
897493
73324
513220
657567
514441
916709
328148
13943
39381
690954
182269
505005
436934
765945
562820
29551
916762
337185
4297
214148
332532
581354
539963
999097
712049
743465
435526
399503
529335
338578
735177
122612
444053
288546
383971
23553
123074
411699
38089
217490
253202
33842
619286
705788
939913
656819
171148
520151
311032
310880
431595
745552
476272
549875
582614
527688
351266
538640
184313
963139
233557
181721
742963
772760
116663
813326
636876
131035
179627
186580
203318
208992
683671
588756
56602
646075
867485
429582
657282
687176
225313
55284
74917
866423
363548
100862
742452
760708
868152
713918
66617
247863
236449
293386
189644
153569
100508
663089
9848
498904
37071
746296
14521
869750
163353
533714
24292
481673
903936
431442
10139
96612
457478
651845
960856
849311
872872
371673
939335
69353
683616
368527
834970
518719
427717
428798
698065
394372
529070
15473
526390
669975
33217
984837
881295
960279
417448
977326
671409
51932
138682
733965
587097
668986
862112
607437
878027
917392
833491
6286
761868
444210
246315
643916
570952
183334
965527
968053
623503
736690
461716
772264
204553
774165
203561
958848
721841
347549
665439
518016
693150
784226
991849
800822
390344
503080
174115
882393
367723
965839
722328
878630
944964
251683
564216
146982
561331
997792
110935
134804
997476
62823
569353
758301
761467
107592
661282
528911
56938
90060
413454
187246
658274
355719
416417
931529
809924
590704
769203
290260
100554
958225
935543
30224
428361
182196
332112
223577
122630
670712
55351
224520
499939
623448
475035
721832
980991
616647
183183
64332
249716
23206
656226
11347
803935
331559
552978
171733
521491
59403
522966
826001
993095
956321
203943
315217
161497
842546
518710
646889
679760
724658
344312
980147
882645
981755
6184
709351
285883
604809
516762
636988
6767
474735
222414
125952
192959
232919
835928
190578
628219
263525
609748
180670
181868
325206
21078
472626
562940
201457
174697
691219
351515
663832
674075
100319
800498
617617
657794
93734
139721
15330
925031
272495
967120
595447
832866
938999
728539
792206
842094
412294
790531
984312
149544
289958
802648
728269
759749
978759
508177
639784
321847
659488
558484
220909
520576
380561
50569
103666
128461
741885
664117
353884
11167
565162
734654
335990
534599
299359
267912
946798
729065
414382
343458
568531
179523
970985
345487
259925
812307
842133
18295
926499
762421
628664
807577
326645
290312
16998
977061
885816
119138
175071
33312
475800
888529
542928
942988
557819
610925
549324
122248
151442
87024
824349
832863
560843
609088
166518
774616
568552
214027
487458
375971
203264
643587
961755
826519
592688
569833
535766
836323
416526
856638
883308
801537
256396
88043
736996
695537
116983
91535
302576
950251
381390
567127
778183
546135
966976
922880
774902
542437
726581
269775
969762
445773
479594
10792
261767
360908
652776
338976
745221
743683
495056
67805
173742
238426
425728
257985
763128
137873
961578
615773
84934
860570
75855
980505
591547
995503
705114
178124
825796
12657
829233
301250
605929
143912
707126
15732
422131
881784
844087
565124
594745
790926
266079
702020
244382
992577
385234
540048
918357
121056
513530
759174
874688
694386
595888
116318
438657
238955
19394
974544
518585
692320
367752
925140
843648
233329
547834
252409
697506
744875
168277
736571
859988
327089
361447
624923
373475
115714
705741
503939
49961
455094
389418
285687
964886
482481
309198
13220
386382
700052
997366
419727
99768
15181
934990
635132
319074
142351
605696
330305
704810
154471
720473
904144
984165
465151
379000
652654
925112
844875
447761
509978
106114
79122
158245
218754
63768
102078
255762
52351
984988
160252
153050
474973
224704
211429
45469
264360
260006
55389
255209
22447
450506
575395
218405
125430
174798
227376
870741
550562
539697
312312
348617
381431
526535
387870
171166
669559
600186
160367
110082
383218
985073
840038
459337
586611
692288
323678
725018
900221
185054
384469
524515
288101
698739
129910
567644
130973
135522
957897
683075
654798
924968
37100
187818
544
778192
896216
441239
795053
631254
618211
989405
942725
463272
539081
529767
217098
556472
980608
542559
969636
843938
520498
998412
697277
320751
296271
83058
817679
245055
614947
339904
195333
268514
614880
552118
580891
511970
407769
554224
468363
882172
817484
910948
790114
94562
446566
73922
352713
969005
442459
340867
445939
105936
656928
642387
386798
943813
186235
589385
808629
365831
655987
623754
599218
407135
398593
708922
481604
529997
932293
169933
808306
821690
436858
987464
910769
122006
227438
949550
799769
388137
74475
887625
718004
85019
913141
952236
197864
846304
199269
415868
906562
79170
611360
720268
132555
80831
478104
965103
871047
512209
595513
502172
130831
133662
736663
261831
903246
555717
380299
878215
603681
749812
635077
785502
756808
824440
710362
290379
257897
882222
787356
404424
712157
704113
523629
131881
50107
849200
57936
248510
168319
710593
341672
386388
898354
823623
601327
278878
844621
165647
620272
337662
132146
795717
467937
126015
510689
33226
160893
369234
365949
862910
321464
323891
411987
260160
321907
20066
791507
564860
460610
363431
118654
283380
564667
953718
244974
704529
475023
583106
287329
513786
426046
427187
419846
283281
353944
133193
336398
171935
631754
380321
832162
173948
15645
364668
62622
446461
789688
376210
463976
322772
208151
21457
607387
629500
389516
239865
186844
389946
943178
97910
275242
415123
698393
83072
304082
292047
185896
119528
698342
686752
399771
465671
288022
161174
406564
446399
544099
115899
388666
586065
952228
446837
626719
501403
523416
185322
364332
111963
98636
214646
702935
242828
55206
886365
625400
100336
395807
318440
186957
183192
335824
320075
125860
891024
752402
385429
805366
262445
414543
599424
467558
867781
601299
761921
356581
726394
29030
790398
549958
603177
313986
122062
305883
913375
898874
893481
723669
643710
804985
371567
751799
733993
681954
398410
407519
150608
57600
404897
140163
93892
805249
717192
548281
786549
39836
541805
482359
797907
402338
200639
520252
901826
570637
795175
928885
247411
346326
443033
384643
310003
179598
749391
837136
820109
886835
58909
218114
738710
408711
669131
846798
264239
457883
709027
722836
252036
495742
221717
7650
768362
589063
242732
489285
523262
164317
295060
481642
451146
640882
509381
653199
928130
927178
777567
588806
791029
796717
881046
658755
77648
62922
607701
741687
10507
508814
923102
935274
193489
922647
931337
774738
530019
498989
185424
326537
115280
393992
665085
788118
387381
970198
407133
423289
679142
712352
682402
661787
604386
361056
17090
641841
266897
776224
703639
803095
540263
941520
117284
330276
672984
883894
948956
404234
223403
183207
926677
286661
634918
483193
863982
782256
443941
7685
250220
511123
566962
6821
860388
983014
62515
245751
158290
8922
664614
116588
34728
65612
471951
58882
252078
480326
873177
458832
545585
946549
759356
55262
708528
231980
26796
334308
404204
887768
219643
715614
510771
189197
271133
445654
543113
244696
92777
262416
441427
316276
164109
36147
654513
902077
573846
388770
308203
384661
909953
341163
415608
476144
703850
973954
238385
270888
619169
722341
42153
71677
257727
50453
742554
196644
263890
124596
8552
466643
942897
662961
312012
149007
764094
617201
540708
185564
499999
971208
3799
34872
264088
281605
977518
355730
694314
642776
626985
910616
651150
12676
416005
902591
637323
526469
764023
944271
838460
853295
629043
945767
279198
555362
611524
257543
699978
89045
459476
20353
262446
936576
399608
71792
111170
529630
37959
858265
386879
214588
407346
229667
871605
193832
936630
398466
73761
181069
390309
497050
631585
418662
929500
980594
518159
868140
137233
281454
992037
798566
743242
658580
311780
110827
923727
451651
545225
542192
716523
506037
375293
675836
814771
278246
285883
339491
599732
54412
166165
71607
104846
27135
989248
878409
984960
498349
256898
320218
871299
617942
333081
471799
44690
651597
585798
320634
3982
10566
896094
899639
409197
752018
783760
146507
793246
670776
146509
682098
472000
238279
974755
855749
700699
372774
429511
430262
750518
587233
786291
884617
124762
829069
539742
493524
673994
90135
238305
143962
837726
832225
737413
477349
161854
475127
362813
994689
341079
161929
493737
129242
602463
472182
339660
820246
906980
556870
409286
76514
982284
9438
307731
779079
118037
120319
673045
587768
784842
422272
302573
586804
571063
197873
709529
929446
322272
644784
314846
608105
321047
871440
623977
581816
422138
68556
994455
481778
47429
50884
752396
703722
531252
685966
657010
830548
718836
265644
192227
844998
896007
604053
865676
660332
385414
570395
567389
862811
322443
210016
470191
198796
932316
944248
142078
926350
265100
104356
260154
187952
587266
54857
345348
680473
395689
75830
111789
922247
960223
442944
996806
190717
270369
917259
943294
595595
684565
645338
150726
396646
948602
618901
927960
557080
74423
104570
621547
882107
172443
741457
875561
879770
686289
435673
259335
972024
69663
10454
744158
444670
679958
334313
590393
310945
798794
128431
829937
557071
941035
453016
544466
442683
300563
345821
991461
137841
679758
378208
134559
623642
415235
731682
394750
918526
917804
801549
268694
695605
374640
338829
848952
208835
57870
975715
240152
382651
109367
391297
379428
281877
739864
418095
217846
698508
242950
139267
729749
435863
766308
351120
799982
216846
902585
76247
679675
449446
216500
50983
857507
265155
552877
835128
533185
260744
112945
763009
95698
552944
550896
471445
647711
592994
68502
288953
119123
763728
462344
638897
798394
48745
982317
81476
754109
359591
850519
39950
457363
609548
751156
762569
296450
920396
852847
822386
676811
398643
349028
723145
718587
519442
366249
61714
151748
153977
512476
107102
849594
519473
667946
313576
11616
588523
332402
854285
688708
198576
175838
924032
753352
668495
625208
520156
955180
676174
955626
533167
827528
701838
658106
390915
187844
703721
789955
786091
679521
609576
925598
666242
641357
840669
805731
564719
12981
909874
193072
621400
219217
27394
192729
947207
385460
970960
805191
711006
578770
294184
8090
415958
461995
440193
253093
732051
204860
810545
431191
377948
106528
952133
881999
427019
797816
38465
304291
604729
625974
803342
680818
595213
147544
549780
609753
63060
287186
823116
284008
936292
967023
12004
436903
28016
279930
879382
198130
384468
819029
323229
573380
532442
234034
570001
919393
243490
370917
402617
475982
594047
261889
678245
840652
6503
375679
108191
594550
942894
925761
206021
164550
969589
614375
218948
488829
539144
815958
433626
989213
150150
244773
915168
442688
939257
452122
293106
647090
189015
807895
808846
770397
731644
26032
387169
962802
757400
880712
590710
35964
225212
687938
701934
585910
793583
408921
333967
220526
735087
303120
778489
42700
617745
190067
291051
965211
902207
772196
688858
23487
911414
63075
128275
168217
810152
747854
372848
651498
144959
556311
320521
727406
613654
646715
468316
153134
744860
279698
220884
942612
758806
882334
767043
401779
259939
145479
773737
100471
582947
793933
213657
560783
663462
526626
586961
893902
571814
904330
947687
204410
866149
505544
671683
840850
261613
279958
790969
921019
23962
497794
603795
617769
501383
235008
485177
618221
226889
194514
244660
365261
633214
246350
994599
951609
930605
560062
932715
741868
5315
985240
291593
568542
59744
134501
262685
138037
794364
496120
408166
640172
352371
75143
609242
399782
71672
362686
650923
179206
45526
165201
186857
224506
312660
20797
959988
534424
804202
361639
7848
308531
378959
790531
26231
513669
300339
540603
707551
881725
277062
153419
332814
515599
598252
344242
794227
487145
17616
139852
975520
347584
549418
53679
38030
261344
931647
427868
898035
398183
919630
725391
197673
690694
767671
713608
795447
125733
942811
571862
724525
217175
472193
350905
390860
350315
390518
541395
967748
540784
944501
445442
244798
236827
701462
262578
559581
960155
836405
574412
185305
579800
458064
213357
816647
698148
302846
801877
272269
966020
286796
415637
951503
647337
91608
996475
595762
570531
418793
580265
349675
747562
291204
528827
932676
191087
722966
569246
365168
305514
679439
773807
548577
253658
225288
511977
14415
402874
449049
335846
604375
267729
205075
301363
213002
724010
426063
953506
378119
614943
45392
346731
885106
652591
361134
185310
719654
917378
784625
796912
682729
684018
61073
148174
784750
468273
327005
22433
619232
587971
513596
263803
382663
277780
447352
959067
370481
546238
348394
612836
605112
477446
572563
979876
228650
166727
946114
362249
290334
867389
76415
886389
843440
608384
138671
257103
576389
597142
600232
937877
510535
38148
843752
242489
980405
848470
302730
517264
236144
394305
669856
198461
914053
563149
379059
592077
171970
926059
808379
369464
742764
244300
384974
904380
412341
156100
412105
906966
810587
335738
390634
632569
320610
510620
128393
685923
118067
951112
257403
50476
406420
745953
346389
105004
513889
179159
108219
174083
430514
946230
437747
951910
930973
179562
178143
747778
188857
127996
948801
962126
460160
199788
185496
780309
854358
473237
973015
370021
461467
517676
556093
224518
456304
351439
428676
782955
217809
713699
652034
250687
299160
663973
782954
173952
800660
471168
11837
551179
216572
963425
930327
965999
926069
147426
733129
626878
657873
930094
439423
347798
30121
645384
234298
588589
596895
709891
207560
63191
338369
834361
426950
452747
948163
681312
598504
385938
40123
26643
822329
615285
57903
763383
249176
711701
406345
970347
983410
637571
323891
71860
374472
528890
918702
716404
820091
247668
894788
941800
660997
970134
958636
414867
382988
2440
99544
622509
897496
825272
825661
749975
12327
445122
491519
565468
601455
593038
993958
247081
997230
990115
110578
170791
158590
369690
79822
804590
100116
526176
253586
8068
665991
878963
716060
557062
362838
686861
85024
453828
459714
131220
741237
449331
279420
926245
476836
601988
736318
457750
774318
223167
719329
266487
109128
166833
471814
760995
856731
733468
574375
631351
925406
44065
584186
78717
220017
339708
886707
480819
382517
938987
353850
264178
317651
71428
594479
313009
509413
55443
57041
945356
974875
275025
269672
523609
396250
722277
401386
44861
159727
878415
51199
677222
793187
492723
112969
915228
546931
151755
620352
274795
631757
271563
34149
565969
777503
31150
732014
383607
190269
851277
538325
890812
66175
295313
303364
787395
690125
444563
915607
159444
585377
666206
576530
990007
267188
441058
654653
850017
679227
83603
433623
751180
581317
817518
777398
127573
989117
831640
393898
210401
74797
261363
213872
652168
898896
514005
278702
679114
455604
842675
273081
544954
731462
838397
305071
47618
839200
22700
729466
854995
163446
319236
251867
837420
406210
71649
575949
616474
247038
284333
675471
729903
474048
261186
585000
157433
309348
458512
450708
66303
5460
946518
292114
215214
267704
770978
558244
865657
904696
56382
308073
76858
345252
227640
828919
313895
401722
482278
692770
220424
554486
477812
191052
822669
658222
300793
461043
878802
484294
637534
85482
616833
656385
700789
140887
592807
851831
864889
766305
728391
926201
909951
488763
704254
734924
134086
964695
415137
149428
354041
457814
468753
180072
437082
933535
69214
967624
671545
456717
368924
774645
555489
388064
5452
498540
765992
319268
24797
671322
924634
616984
293290
116967
392764
211335
485519
360801
217406
151601
186030
878714
415599
524239
474510
558051
492446
437180
290722
685010
557256
479616
579724
345363
545863
317301
856215
962180
512042
39266
199946
752595
123473
79282
640193
562678
419732
928526
180303
395949
704888
935674
814274
429164
499859
242837
994712
447678
420643
309680
802418
582570
370980
409592
131956
145718
65767
893770
999253
645859
101218
539779
831750
826832
945313
875102
395995
104008
300252
546668
188494
422922
997725
417108
753219
891742
308049
566880
707196
344221
470310
322788
135503
151861
131201
884999
178042
341010
317700
386094
221105
231499
79941
697624
750903
553826
830264
216325
881838
633523
817329
5111
765184
657609
573832
373475
838440
285918
702088
786386
596362
170190
267791
697657
289919
200195
830503
2897
833258
694739
191768
803433
822121
349416
957318
840400
47406
511916
94761
36587
962808
201923
972875
592782
447561
538833
632824
674610
194864
756385
423911
549451
107237
554961
327838
171410
153803
185916
616870
731866
446506
837470
870775
854635
659082
608065
684224
318655
198308
262828
708262
158842
463380
710117
812778
287545
813541
385879
736520
364609
468834
491276
897823
570593
880106
156642
803332
570635
70960
544935
604065
167001
419273
460139
749551
67179
145294
348135
711771
841146
545307
947324
871090
273770
273353
807918
777703
563913
768071
586086
946452
336150
939393
974864
861310
563413
179335
226055
435436
359002
542574
125791
440406
299233
410090
300086
287164
681199
155081
975474
91353
531642
100727
658715
159189
712755
825812
752774
102217
93967
459251
522236
298515
878076
866670
890401
311407
703740
671209
706110
171317
177205
463702
858839
133287
971951
47083
522188
29576
277578
855012
175564
930002
918811
291348
970043
634057
479967
852219
609341
429101
466811
792819
104574
522245
960834
326357
162729
906821
224894
427598
128122
503161
834571
378430
337328
721038
659204
125176
129436
131861
630893
854249
224756
74574
66020
896835
283335
687976
573071
23514
371430
576172
524537
789326
120595
101084
154077
385932
689974
307838
985806
642629
723952
922258
754354
790178
483666
844207
603862
100786
828966
347621
214467
910519
559503
135921
671860
632190
289468
2366
176736
944269
993074
87621
17911
770950
482818
199515
724061
870529
924938
88805
257382
335570
469638
48168
264777
318165
892167
501386
415898
469338
446419
704827
81773
410772
743039
721049
772492
78061
767658
358951
355945
528718
610729
747273
353879
996804
146986
668700
69997
740061
412393
626770
863333
911853
376996
84357
373594
398401
116053
892192
572942
313699
669982
110178
690240
92797
352828
130393
79557
73918
605664
204301
879020
43025
263937
506001
270597
82838
820565
594466
421735
20819
710355
891066
608587
555918
788366
22033
148439
908998
182464
422300
851569
463755
707791
926459
519250
698124
487930
541787
803476
125887
207775
990463
778438
525356
486009
626843
426825
180833
793490
659969
240188
329456
411274
103772
683771
839088
328239
96255
192641
535469
624839
464236
992642
980728
786321
896901
565696
848653
257372
396232
791001
127870
910020
495425
102231
165150
719522
167403
505408
908248
187192
678659
430787
501856
513593
438117
612567
840378
684859
611389
191433
77213
412246
227426
671621
270646
990804
708831
845298
208217
150728
42407
412313
164504
85046
237933
64391
765127
853958
789901
340644
448835
539307
461244
176309
767615
751024
216811
155774
13278
980354
333137
97579
71665
529581
923242
967526
845542
793917
428408
451959
187914
441924
520524
362947
537035
189874
431508
361142
689195
535838
806499
973689
58148
870483
495387
466775
704334
243838
290540
88547
150574
478786
902267
379420
39111
57822
631504
579169
2580
766666
850560
471886
320274
181073
359475
497551
589266
350569
503987
411645
32429
895580
287913
388801
268896
896438
644293
177881
318004
358208
844192
194628
205604
749803
769089
221687
703674
179963
348317
669293
331207
671788
858538
427768
98653
225502
616744
102609
940677
541030
546088
681915
237347
207509
649806
967160
863382
389961
888272
732344
361309
477720
561321
32478
824172
478030
111101
160233
412480
930891
123330
359595
488937
277248
818026
902425
812090
617007
728581
770727
992769
24389
661970
881039
61054
79020
46064
203420
622202
93358
176668
145823
640255
597523
107345
762049
473912
524492
354645
190258
733625
426435
388048
114719
858762
854278
827038
866590
89513
395573
463333
549124
707389
433995
434180
8071
36306
863082
479508
359217
805812
603010
300077
902720
875701
487282
485279
507884
592275
793325
575884
584160
253760
626653
662061
589382
216956
391425
620040
896226
616169
521561
325291
125428
114784
553153
767509
30294
627271
317414
614705
462587
215577
266654
308051
461176
268645
990941
151038
476361
816939
379282
406011
115081
300436
617207
849650
596869
522622
709934
853597
833111
352154
907199
128654
389625
2928
382893
862918
926323
592933
720067
270023
957515
435850
156943
837235
333792
21381
980720
848542
844865
459459
591221
117968
399619
986966
103347
427947
907075
892942
866823
941370
30010
209333
558667
920081
538859
661061
142982
663847
635334
517146
67030
175540
726185
464134
834257
704481
108191
819195
179179
647693
875434
393361
963237
480015
460568
538329
547384
894849
425207
884925
607692
650012
129551
353285
302614
947082
625471
919972
414784
717879
410173
829952
621192
224336
364609
287053
49436
306411
549719
536091
918221
877578
614856
685602
242056
776735
866452
455162
534681
77309
708535
596775
251818
455374
718307
527841
788355
561773
650402
516140
269084
945417
293765
494192
627576
668786
40423
243863
547617
777064
336163
732909
139340
464660
28020
910412
238893
720444
957729
204780
380503
758909
983326
50956
358757
368678
602238
133497
25175
181003
934904
589909
278001
93995
345049
232736
113447
197942
592630
428845
401699
1762
571591
149516
682820
230032
759967
75989
65822
612875
714138
154063
868964
321775
239580
494001
492916
339627
982699
495327
42989
262631
227609
126470
69857
979867
906293
849865
100822
336409
537345
435207
153626
215818
354935
95488
959792
606027
797065
693656
743466
595579
223061
563670
641119
943096
170906
259975
925812
809426
582371
806889
559951
871304
221210
165205
353911
220680
810364
123613
271394
224749
566844
780238
778410
749546
768132
129125
259556
307768
327581
275009
119254
691096
403925
928224
724045
42235
524694
910338
586160
896279
730572
635036
241055
649012
143759
247546
752643
668440
772539
729726
490988
266211
73948
996907
935202
191194
164203
727424
950196
693874
970229
328190
474879
45175
484734
21225
218662
437151
707380
987676
100418
498402
922155
703722
215922
532366
478373
465099
262374
186263
458522
440884
602790
803717
861112
726371
429537
872069
680926
279140
909637
259388
565800
344352
528174
598635
828515
475285
764068
128569
375517
872859
552006
779285
608121
460366
290438
398648
136576
844368
60403
451476
117056
318733
834245
17728
245638
31953
501246
300133
173245
832167
708714
505902
329900
821847
685529
100720
175620
25691
553965
410901
790013
330356
173133
154584
262726
592760
502863
57467
813804
335401
26068
779169
216623
687642
526459
543446
150350
374637
511552
145914
194712
970864
16398
261940
34531
449841
35871
622963
730585
631325
772303
689029
578855
947509
83838
349379
412155
135981
829161
624714
285715
627781
488279
664050
786339
694118
591639
110034
367576
465300
235523
954024
963738
358463
940030
435751
627794
625712
162887
866567
884550
249057
200516
320734
793959
87153
580891
685623
3489
602698
733429
641077
880716
68986
926087
286589
427055
87408
48342
578231
242662
644560
534236
514676
91144
961184
202223
959938
32400
909796
763378
170642
533862
223077
426505
859422
324712
325092
498795
395099
22302
507042
433723
516551
309827
872061
527062
870589
98050
942863
488431
376431
120167
461113
384739
407254
532285
279211
544778
845059
735997
782668
406494
71653
971963
65099
590078
797019
289223
845727
564402
876245
290314
177916
133163
262558
960994
734125
934262
630961
620262
9712
449504
793534
181832
404318
106988
815497
108058
117166
34153
865150
801366
877727
430526
656064
802979
461197
461620
952962
737510
730271
907023
779047
878567
32065
502939
703242
936906
915136
352699
763632
683638
120507
297596
879411
757398
44366
208203
493817
498151
691073
768367
195605
566190
657031
982331
648710
528239
219495
434093
655595
738398
36039
316875
984715
521973
406237
993701
346628
854417
362840
359386
511882
643702
513733
479509
247965
887990
984368
980268
99177
910294
133330
198571
647442
52844
449314
832014
600517
469548
753382
45916
752815
738893
133492
212983
262168
487140
649833
20020
339103
283121
48204
746195
785033
630834
850949
60514
373088
354539
252189
952819
253288
139547
538460
274401
787172
511045
671833
42346
451255
821414
256256
64884
39468
933861
683581
153917
16514
589082
273678
570164
15179
575268
687124
968192
532768
552660
342066
677580
192054
727884
964527
490601
566242
292393
336657
162786
982009
301945
187500
513790
785047
307766
973934
963448
87397
45561
595156
952614
918436
556672
789224
354148
652609
565750
351167
185186
728373
821841
425643
101929
683395
55740
536629
512321
606065
720477
461402
157214
223946
819773
168910
881426
337739
701011
691085
828533
280778
415082
157832
422052
489491
323616
789735
289572
333367
115442
80802
962483
649427
438429
675809
421794
338220
673070
207984
84246
446742
610977
472412
175971
560811
37941
257465
332830
488542
321657
163736
158501
614480
88781
549994
470862
261116
735557
676961
777958
567179
98216
263578
452862
998513
674541
823183
831796
12835
510887
254144
68344
103664
217787
401548
291243
322905
110142
816544
902431
935874
526795
984298
733048
512598
256884
253651
155257
633239
822784
511008
889171
988423
850236
46188
86027
472307
538570
157022
898879
61548
963512
591529
777789
981060
440615
211485
146264
213948
959402
755185
820654
799852
362718
823259
694036
61435
330999
303077
296148
5589
715447
681103
521314
579395
579476
223688
344977
985264
946449
150258
771297
73121
625937
81092
475915
227709
876521
988920
238415
609770
508338
560263
338951
879566
377897
645749
370499
453044
432337
711932
314283
623332
226608
153796
834244
655362
307489
973160
473817
16013
289987
191307
260202
577076
377461
39452
960207
57155
732972
478117
606070
863333
510097
324823
337934
200894
707624
44524
597246
419241
114306
373771
821758
852838
560592
705464
727107
366211
328535
115740
656160
243720
407382
899724
728715
321343
142636
373428
368496
143772
895005
974188
868926
71629
812791
382869
321458
206565
995413
4642
820990
914802
914543
765020
348365
193657
272152
149086
507009
224020
452265
400310
680413
381672
880877
290566
924323
871614
594488
234454
513990
897488
841333
345467
211371
533764
962052
273336
408316
600548
374789
493414
284719
583992
637992
107177
431753
594278
182535
772822
477431
517510
198546
766292
214200
276753
118494
234425
504099
723353
411873
544007
942160
222085
860199
944133
368709
782130
422996
365107
650797
277437
863766
950182
916493
601650
283239
979254
59877
914156
565459
115960
276535
491023
526764
431179
981780
580472
258021
776355
450244
424350
325699
355200
531179
393534
212229
670751
401682
404345
726669
620314
770161
908150
307095
291371
284803
845190
731599
808482
682007
881392
250030
820390
223113
951864
590644
455386
54413
446704
939851
288506
14892
144992
158240
50634
186129
250453
123297
873620
502325
474808
701728
955122
700066
522640
440721
860317
368747
121748
132993
899899
751175
676444
436378
863386
221639
945294
182854
539200
947640
622079
695093
387777
754440
232431
575851
484645
896181
731719
936826
566414
486932
257093
858973
85540
419339
863142
133194
999614
136855
682060
80670
869947
84158
82272
914760
896268
997256
720800
217656
650016
564579
523612
285010
610326
779336
764653
692772
649488
811878
614098
105453
423876
5277
602806
907533
375051
603878
394759
4319
911838
724148
971933
805774
166957
169063
93416
538118
423973
47359
479379
714550
530279
749174
281330
178173
887470
80336
296763
379853
595164
20432
46588
388617
551517
688580
371167
863260
771146
925697
28827
524922
975857
376230
897325
999864
13144
80010
334331
855175
769761
942300
246504
474550
256078
464923
39709
334219
832774
483143
652493
338181
709618
602089
845993
443369
851520
753632
125831
996689
38240
432311
441415
985254
392272
434852
541847
623384
284512
535374
445815
370291
632242
383009
259874
161115
14770
209576
898679
106362
612196
874904
857385
927632
145836
328215
866149
698380
313404
890734
588996
53299
637940
302480
218663
665995
637929
691500
277158
148428
682345
590663
630339
793338
509725
193464
108599
444569
617436
626166
393848
219117
466855
201869
633507
339543
560140
340423
598266
260456
809225
933358
524213
522321
128062
211973
777126
907751
203293
296131
342897
498873
107057
559455
749530
998555
838984
507092
162553
91619
271882
750664
443765
637452
166016
887839
339080
377189
322438
952650
875912
904637
233931
840167
833778
916049
173371
174391
898536
230602
386083
277446
963783
771519
63919
92547
272504
247928
479854
984595
312605
204227
434433
802622
583394
695170
220959
121360
533563
412343
782276
752219
876395
40283
311033
383109
966759
370878
195978
994447
521760
667433
63317
673264
533090
114675
118534
924725
578802
66459
2831
987176
143390
10924
128295
429060
57569
898825
237690
431918
213050
981316
364941
288250
560867
27822
564916
25398
657107
94124
39972
1396
426906
151077
387503
961132
115496
180939
980910
409193
315563
382869
978302
592411
190424
650708
193445
351137
217833
693119
210485
545271
58238
358971
975097
93619
138743
35101
955516
217809
997704
871558
143205
498958
98558
70634
921078
210367
542434
341904
378746
555220
568425
443989
125402
209375
468621
795921
151128
867025
915934
501855
611033
448986
534022
825218
861219
573167
920317
287221
257326
879288
154078
2887
682483
268078
318061
431702
717841
374396
477170
682395
463165
882924
676358
302474
500824
914980
321430
99177
794957
974874
938838
891689
726843
952000
21627
215911
627034
124183
773126
208247
905607
885886
545886
936863
481649
680289
721085
639856
624840
594156
138464
69681
550237
544437
982823
441055
64769
119569
381466
408818
353443
62743
622692
994098
360065
550839
732721
290818
946685
573534
462157
186241
811945
373026
362190
995609
590157
243235
187999
738567
363032
278728
56457
664152
304646
313143
545764
557578
113760
253055
547519
81791
58609
777752
667775
686253
312603
181347
112427
675693
819246
640078
624296
71856
170332
59208
365067
7088
179578
56117
200762
193815
498408
537718
319861
280403
816387
440469
629286
801737
249296
734209
793601
448718
415692
921641
896481
622300
234907
799525
335073
897572
764961
887878
861005
955379
990578
669379
850313
448337
540505
879196
956026
20777
222075
698140
552514
447740
545194
377356
169089
549486
499032
783398
419958
1601
303859
755635
840043
145403
535427
635358
168928
33934
768789
187910
424657
514244
449558
862182
547158
403452
290948
794293
112045
225591
830463
251929
757048
778217
508091
257432
588788
683777
497440
78816
157341
251079
17283
759093
901045
349908
918581
143409
172288
811223
878902
24452
367767
207361
865519
274099
156708
994943
591045
772976
675420
624117
285023
459086
822168
116175
913465
72460
34788
591433
739954
104324
821096
236035
66149
640052
712764
612527
237609
534748
862881
559354
298092
288082
603768
25208
367353
732385
517622
245039
994944
190902
186825
601903
412472
166513
643205
105199
511926
411808
267926
512094
75879
444320
672571
910177
548823
267872
899436
924518
44950
965681
159856
161939
365481
231641
615063
622620
429497
135071
108482
601229
446153
828758
344023
768920
634849
372296
601847
254245
443312
223380
290385
579900
693897
946357
397729
602101
518749
208441
109112
682041
552856
354703
156440
213889
230402
561259
579823
900667
983418
189835
702268
442552
427724
560467
397129
511360
662666
622327
46984
795043
538607
932107
882101
778666
163437
919987
984634
670005
661752
784636
189837
288102
405052
820731
955367
870017
373159
623057
367123
750937
142419
230650
177739
927354
331995
353287
852402
916847
806329
144764
746653
905528
485309
721667
785174
830988
875814
614911
32135
357263
227451
830083
274539
76123
286210
414109
647633
635893
330876
532663
774237
144746
250381
533094
830100
777716
84163
212661
201307
354870
285730
664590
851459
185036
708157
472518
851860
796269
52492
296570
585298
641401
892945
981546
262342
408003
247123
271620
761879
598191
178549
675232
725757
511080
251164
325371
101972
660296
992719
66231
891868
530700
970825
111360
250911
480320
343522
210926
75872
283484
706424
642023
785696
303426
598090
363038
600927
840250
860492
988539
147837
102719
483045
494354
736423
991940
740787
872409
72792
520408
878201
520475
774875
85356
293113
794509
422829
266973
241170
612173
977412
236270
263292
271144
523115
226974
271806
947060
450767
154093
44089
230226
557281
658259
186163
189331
218905
529014
816685
561138
275249
596945
488518
446936
784950
534559
95312
973490
644283
159947
328965
517769
514565
150659
159646
905627
602883
255903
470027
345475
954419
690681
317998
564631
492945
197261
580779
48153
907494
324944
657633
216647
736656
956106
250563
806986
668826
407997
277587
551033
182476
813577
887379
301350
828619
685963
77072
831102
671903
965115
301106
292500
545790
617919
760233
253137
259949
839615
45472
127713
608483
403783
746759
26767
467835
936762
587454
386727
66979
424630
357362
422974
125717
759992
445509
14273
38480
508078
55399
870602
723963
911971
983824
537451
17653
315147
92749
674836
235492
48270
809834
972155
791518
216199
117549
23706
675280
467423
355568
494855
349259
497334
161984
102776
309310
926107
831664
752589
351832
214888
890774
447369
905076
479698
70361
936667
624959
688
401126
636049
695741
336701
511257
334205
818099
162484
476313
687132
867078
258579
535323
346410
469869
789349
388789
211622
548630
617057
817306
530015
881005
166200
564460
593110
924319
335433
825240
82630
872748
11025
491320
838706
308932
498167
938303
884010
173096
979264
287442
2
513023
325718
603903
446401
650773
468558
14832
959679
381275
498103
401350
123794
272821
659891
243957
552901
43136
285640
52344
209273
144006
34521
994790
52104
430767
258637
304284
739069
45679
445276
150660
868311
302957
300590
155993
984455
836624
636572
254667
744366
657497
29839
33885
739336
903637
519560
525659
321947
288216
325736
200207
666404
560080
670197
470949
415681
245365
168313
474715
51438
141017
426025
579483
412145
473426
409605
917266
498730
181944
616255
492934
821078
760509
512816
268982
954599
589665
624551
651619
293785
45846
342111
516172
469418
659768
728659
5150
709921
942592
645778
362443
203000
298343
574650
872549
244807
233417
622847
599318
275993
641031
715966
810288
743625
570860
212847
823289
227725
149014
668972
932947
40335
549378
529947
965055
600207
742090
240665
999136
794355
96011
575364
705000
621469
852319
431209
950866
559232
239763
774599
628946
76322
61625
267699
687673
807608
561594
675394
323617
953241
717299
319280
659559
849738
864835
531064
476730
547413
300743
562667
237548
690680
981992
696949
3076
64600
452103
846291
354621
355959
768850
463111
799872
181443
743061
583844
434694
733883
986447
947466
763950
219695
910868
496016
618825
900619
334766
640946
854390
229181
28584
904643
732753
677399
623755
804447
72686
868849
113366
707248
925382
128770
842351
712194
114152
453438
675155
15822
940508
677134
523952
764729
749103
744274
997810
729194
237219
296010
799333
21305
506832
305562
274520
895157
520232
680968
754788
571520
54808
763606
163741
209298
614407
399014
378734
96414
284133
245586
508511
930000
243648
785079
470436
592771
359611
545425
533786
94688
483109
807447
401413
592263
648143
836571
108079
739521
91941
852830
709294
947015
266282
442155
474492
752620
745090
277753
913115
32438
693509
702706
74701
847521
824754
722964
402269
767318
356048
573562
265002
690765
213138
81330
279094
758020
154060
600807
471219
45315
522968
239299
938995
867005
124612
470617
262993
473439
551539
448518
802702
636472
52146
430928
48225
268725
845645
195683
969631
154893
254882
389976
357413
847407
497902
493731
35796
783735
14044
912836
187567
956474
631801
942139
26662
278386
702836
46358
274420
763028
795352
958955
962169
587762
69336
311182
489381
336750
407002
834208
121536
897331
221508
975817
946837
762628
311
37640
313124
385072
681587
148576
265119
416439
318146
309841
992837
709333
209956
456662
665862
691688
851938
146872
661856
501186
473737
185737
338491
242849
180532
377935
377424
470526
109754
188517
348227
245029
864537
480747
873418
313753
402519
573376
409632
802240
940691
970142
944046
862125
792531
762189
497646
300120
861283
338925
797450
515644
474665
340001
29551
343098
911302
157074
139889
435027
311971
475949
934619
6935
814395
356376
815524
803183
675846
149632
804160
538727
434473
963205
358563
555772
999629
821096
921447
39326
499337
317658
703090
277030
981928
419466
409305
468550
317153
13122
528846
745887
485441
401939
798901
331208
730196
67385
564504
292552
278875
729504
428656
576440
237212
435061
937684
319861
2900
393412
104988
186376
923405
137682
216246
89701
176044
322347
426192
598503
5935
22447
929807
569877
343320
132476
966188
972933
995062
417814
900900
402712
240215
819660
159272
829941
579912
295672
598822
256246
643323
624455
399432
825341
116973
186443
442940
632325
291445
585342
38536
319787
252257
748016
982810
167943
326124
579542
50185
408491
94470
567244
732849
332257
273536
45240
896273
907075
267956
927616
121805
624977
220647
501476
273099
281570
965275
924123
491223
971295
108206
105861
999761
685537
423543
939788
889216
400786
792843
542138
855128
987759
107240
579173
14231
184683
779896
639084
109493
971760
107472
969647
266751
849702
135118
187856
574059
432045
791734
20949
670843
791288
218618
452583
240985
794840
147392
138291
596348
571632
914875
296981
296831
642643
693675
98410
22847
163119
78281
200675
98461
711245
549460
105397
271286
582148
631721
534381
736853
541195
386106
219470
137084
362952
263099
338218
927299
184984
12239
255871
909148
144933
39812
768027
709786
311512
102824
854838
575971
348327
66073
917108
848153
389814
932826
798912
979306
300415
965004
746091
982140
948479
217475
510641
568688
912921
556509
558643
693572
91988
371054
914696
57983
116029
979765
978360
866471
778205
221944
668947
672359
546016
242895
435862
964531
604518
111310
328146
566158
179821
103195
867736
743408
400686
655605
758758
868423
352648
926382
611413
741670
306468
369303
109113
555339
209091
828503
716790
230585
53078
842354
798858
657779
785790
297814
108437
983642
425809
870794
758811
744540
986077
693133
259530
607958
527802
393331
732433
235926
23274
331095
467249
174495
273112
338992
888317
841873
414398
422583
849969
272377
415429
306035
703555
192540
610477
990714
661315
899244
95425
975310
686577
912852
503395
979815
306851
901503
344045
897913
683389
839553
503760
135681
141104
4597
269031
505190
395316
768366
618723
449939
528446
802245
289909
888802
660142
474122
606884
478848
947782
729997
217951
22249
181637
667293
769103
566095
90133
15892
242430
34823
127764
693397
546726
704855
788344
388356
865830
606054
443486
178129
196758
452447
746584
365486
402733
990960
908642
309952
165207
242925
819751
492562
112635
464757
590550
528540
418522
184083
498142
425267
357908
509465
960806
751650
280515
109407
714762
222947
182293
662204
969180
410083
14847
483760
289172
310908
739735
367223
6512
571086
201866
501219
188346
977453
25828
658796
927466
356321
662951
420405
532201
510746
132722
910479
476378
279175
596481
520082
222706
278580
9409
167358
489211
453185
991388
993377
480003
908374
35993
373393
803877
116297
985051
587222
338308
894963
500701
844164
488398
455572
899068
490116
800176
739290
712212
124616
640000
346325
666474
389079
460527
652679
458888
86964
202885
307841
559812
602331
556324
809308
557524
275278
46394
636688
985579
556140
298147
65817
982004
174141
180722
383843
438229
323602
587335
475496
367391
508201
109082
361636
127062
680349
109658
860470
725108
901329
32065
645682
495211
49225
152786
701772
16716
727902
180242
811185
486602
968611
895710
849074
353181
40904
353318
511374
427882
371078
606336
686602
180437
889172
997126
108507
576920
849843
976647
782625
621990
502790
781420
642833
21351
79351
782668
967670
448217
389342
862591
333422
730325
934026
209817
642178
747524
316762
900673
433742
859969
829407
969575
581704
792235
172922
355442
265093
604044
281702
157542
690635
150640
189745
997619
608146
981070
961408
937898
967149
148087
205289
979280
436969
393828
624392
176574
647852
543188
178169
941023
693526
847984
297419
203320
391426
232502
28208
841261
998622
489473
432610
783844
923021
708689
120392
3407
51337
639981
696640
865042
611105
765846
2974
285584
729890
72550
187110
976857
573261
856826
492673
223585
565521
852735
504572
387050
959482
289368
670022
670492
933600
663637
321689
58770
50532
419201
978071
831447
996281
964541
989240
30680
686721
674194
612228
386870
990855
54516
73494
594743
340277
27152
429286
738477
703399
227702
762673
832619
369548
757476
478295
793426
576456
641980
880965
209933
893954
760409
901588
484467
834135
14157
6702
627649
486261
653268
804434
593579
465892
247067
336130
81480
426687
414740
678178
881466
683792
730303
635507
583855
105389
542552
863668
12167
407353
36000
77313
76734
666712
295713
253146
27223
529717
21844
957861
149511
776065
405677
880585
111689
381260
806478
180894
51777
240780
411340
173794
436926
440107
780378
436527
491262
129568
181751
392121
600636
739411
47421
766636
688705
507907
994362
544529
948799
986696
238441
994929
472274
147443
614312
19657
191482
182525
422080
335349
53098
598975
14407
401053
767820
375562
976452
487178
316105
398935
687279
873484
479819
568147
410322
217471
93216
594369
777236
992382
911688
721857
89517
920984
183722
263410
965161
400547
808727
326833
129157
570693
968294
725345
550044
939473
910655
394626
761785
704591
672341
525699
652243
703636
277869
620577
581259
412811
431851
645412
166727
226365
595814
639999
984914
880609
829761
403357
4909
318577
284436
674722
428044
171809
163318
91712
288715
512040
162784
437478
997695
92080
635733
331113
931859
33705
6286
410151
789185
224839
578295
603120
790674
953588
951357
588194
234777
198537
939281
324408
349234
418005
65495
360364
82176
11796
200210
539871
349241
185181
18152
577621
50570
956571
505220
842821
38550
264023
937758
915861
80846
686233
920827
32998
32740
474017
796084
465348
906900
877167
553304
156351
567643
735690
580783
5979
711473
137553
672115
644009
412139
834298
152309
984003
852483
995670
585500
323563
508917
121203
406479
38677
576670
329906
312262
740188
289497
374655
379011
186571
367648
439550
119812
358370
907764
872076
867256
998672
839215
372828
872063
50373
114064
116865
878233
130152
840588
212442
384947
233098
360031
811400
117816
252582
731014
151333
464104
611098
644544
49769
414831
562824
150825
895083
258820
894484
651430
104103
60501
786541
608366
657575
102503
706320
552129
756341
524501
502571
535153
705640
508542
145011
698478
450397
79975
39158
210947
749289
1221
724554
325881
997750
785995
668519
995349
706132
260302
617519
226404
267776
336030
793768
855210
565359
455069
456806
498619
240195
471294
691922
394160
398362
27218
618162
938393
628066
16186
289784
690070
751606
588760
980998
550001
726143
127763
297874
553312
382650
221442
53813
885971
527406
328607
765141
459388
430032
387341
184828
17147
563560
501527
129413
209276
402998
607911
934246
997246
185480
440963
948366
101516
750210
772427
507579
186638
684823
911617
690591
844110
745037
930717
862549
26739
280033
395302
566524
213421
495118
13131
407990
30132
796627
166851
355881
365143
645349
402843
33864
723429
959973
230838
575376
56394
88915
278537
697005
7145
875297
182819
422450
644345
795434
966770
469999
360624
454942
742389
166517
609013
684272
451844
707172
525419
785977
242437
455301
321054
627570
473596
804785
990936
91874
44719
815994
882913
827248
554834
322963
117881
539306
215226
509654
545852
716561
164786
262986
883093
122405
612322
178058
296989
224913
950361
567003
690054
306359
245058
251185
656553
646929
555061
126906
381102
99709
276163
315874
223292
313340
493798
541525
755218
286165
267891
492843
568431
68941
627392
831720
571762
49068
792300
870971
494475
990923
631785
192609
829955
967471
161639
268843
839920
385276
184009
173075
239611
281275
179213
986094
789672
563104
385704
750372
792431
24158
952632
268960
797571
995148
819924
637816
979956
926619
174181
191748
149981
430073
954333
336078
480453
673772
662369
372966
568178
664791
188041
232833
445862
608679
911231
510476
418847
720719
944620
351210
258856
202084
886542
717390
800626
595660
236658
595575
564290
935161
411457
718982
914891
285913
204148
580609
591323
987187
795233
703914
106984
387022
539683
176157
745859
141725
811571
481418
880940
371598
766025
213595
149503
418936
728139
849473
377646
29766
179016
602769
213007
707701
907910
419808
673531
341626
466880
744313
239222
296285
103273
313704
245319
173000
423758
606209
609779
852652
754585
774143
335964
718626
659508
973788
947268
43565
14353
491792
343978
761015
973767
211439
945819
119937
311034
658127
212548
73349
638377
482243
750140
792605
910182
269406
819755
389013
86241
819245
698039
609040
943446
915532
834735
734634
299167
129931
732870
611450
145072
614663
393564
350307
887512
153768
425432
876911
975308
913554
333418
91689
6089
754444
215062
453133
966046
881283
161799
201060
585794
629341
489111
203670
853882
648873
981925
698686
765425
924660
601023
357933
597250
732705
442645
737332
33223
279778
118634
719140
924562
867733
51843
41719
679610
883680
939852
756372
504733
459216
10057
937992
363547
882407
931324
857506
843705
868974
582768
956253
398887
691660
622164
141318
155910
354538
469890
213831
644744
159029
520508
732377
965643
486246
411012
344212
325251
154279
79928
615040
584544
499219
441957
625961
898012
280214
86782
8214
665442
515946
550641
694886
414512
517696
568763
561726
638153
389893
599827
423851
113461
499330
997490
772762
742269
705499
341322
853424
945874
807715
180871
521704
956558
117933
145623
668017
251598
259491
617334
136935
12374
413175
522078
752781
489852
213281
541945
953720
722294
255169
239335
659506
743483
699407
511519
751259
128115
518787
449094
777932
58567
65024
254936
454331
697246
724
915309
587359
502706
507161
276216
482479
878906
877108
765827
248241
218042
737442
403350
238352
739289
808016
76864
67420
502747
654740
927209
981342
321593
335301
589776
27342
956756
617407
720047
230794
144557
611908
635476
447082
638516
765345
286051
779857
320130
477984
440867
194937
397086
308485
324400
754512
188704
106583
116817
135772
576201
813962
354953
230573
593520
379970
30170
201468
366421
812748
464208
394917
39964
26808
692316
83075
317978
531763
166649
439833
581330
377063
457917
434665
603426
693563
707384
374305
296597
634545
377928
520731
20072
484974
177527
12244
635798
133474
519832
457087
753154
622335
533881
341058
874765
606523
208990
726953
787898
761760
874279
453090
326377
506847
302840
117442
591645
658618
648378
745456
241116
655637
669267
57089
835279
411145
938955
824498
216783
372826
909193
487067
597008
877316
638957
865485
185625
483589
935348
974955
165664
823342
74600
178613
359920
201421
813113
539488
190189
875430
730533
978882
494657
620459
281103
573195
400948
626136
854445
136371
786854
756960
63260
341216
983504
763070
455264
503473
701636
728068
55493
745201
744782
609212
482022
801291
904982
459691
99988
304803
769632
98536
178592
239024
877901
475522
831423
406840
867536
751993
305411
302397
483240
553466
639994
425949
286078
857175
661141
433567
388591
424007
375349
427629
194278
916928
582794
144058
786040
383432
819214
920488
584217
163094
784909
326877
162773
94098
354097
747801
385197
502053
458951
912809
651768
913413
130759
539480
818009
523921
630324
597335
208341
123376
231558
558134
403580
280390
799085
96959
371300
642996
541888
305501
590928
264142
91767
877266
463694
458241
437834
247801
457249
677477
653788
286840
739140
349414
778856
441257
318427
357997
767444
354690
418550
429105
818776
557766
303734
885777
485319
378901
799755
280846
395003
682141
257963
705323
723101
84736
137487
788945
898652
883538
996791
398432
177649
683970
601293
818365
279575
884695
338047
341629
820709
148551
490164
567100
813760
454906
627424
338113
719298
332939
779652
386663
408854
456241
806
112354
656317
528840
231919
529332
479291
665652
547010
422453
468477
638088
935447
368030
478249
466636
98073
481110
1903
43509
934802
376680
964827
269056
309620
147712
250351
780320
838295
318269
740920
682129
267172
89331
186837
423674
690226
376313
603424
683679
133683
285500
265377
924061
565075
55360
956767
210811
800203
312713
144234
610576
545740
899453
814157
560882
361158
724423
80775
987943
57712
696596
51455
533798
914326
273657
944481
82125
317074
947960
612196
139418
346575
215439
251290
705003
254612
459436
68921
377854
590486
698382
379725
975558
471779
147556
510044
122807
143065
907520
527697
387226
939009
641038
284415
133919
425957
843318
879335
2662
389906
183188
492802
649908
737926
973336
197383
823713
911552
294056
854613
90344
590432
71111
117161
950731
39376
605237
375363
833211
325055
525690
105710
425439
332065
136865
42691
374681
447625
35320
157253
67163
984519
983239
155652
29108
516938
92207
788712
835875
793512
51235
231844
793290
980054
586256
469379
423650
91644
968308
415430
485454
902105
686367
777850
730232
265084
196683
182702
385010
866548
509150
63552
838235
386913
328055
864048
757131
581867
204373
233455
220972
928573
526380
33434
650523
95248
832578
877652
50924
969115
955605
322114
23840
397229
287438
285491
527765
630299
315002
517714
475932
837887
435790
15525
97951
84465
119669
322172
889174
625893
415276
290982
689098
94203
993842
354335
754250
481542
971457
313089
835467
325164
798838
622235
397859
706288
182611
666764
350337
723362
806574
519655
61681
859930
835826
35352
61013
837076
924289
429964
139963
841026
575264
46501
642946
486046
749340
695199
335681
803678
204840
117201
830580
151979
386389
681677
289076
89863
15950
146857
788973
164778
426560
11433
589031
29010
22512
967366
186384
320553
805071
505079
845867
410797
587009
383680
177483
201634
32207
477361
20648
48221
354122
384908
327380
622849
874628
33029
396110
152776
705234
587432
623210
250689
825028
369640
895204
592813
935108
180876
201826
830091
588158
216125
973766
95502
347969
21385
553768
88206
279314
975447
763560
604245
913203
331310
178183
424316
618567
768059
491733
831106
739802
706808
630716
821584
55630
654187
575508
27453
773342
983941
795049
728546
693820
888188
960303
708424
450560
235070
240958
208713
455284
894582
882856
268113
153272
381449
99556
104034
158597
787575
128492
671736
24111
577678
981670
340590
257597
215589
500450
613994
482980
278435
903212
101893
517920
960122
950742
429207
503567
662423
724093
32857
60494
362776
782834
792972
45562
856024
95969
443811
109268
147080
87161
994289
575654
683908
918705
533894
287541
118329
687106
885315
984426
116509
552723
306331
175452
901063
902702
251822
686227
51414
954515
620215
705057
828144
869752
232633
716244
881675
83188
283647
768446
915641
18097
142241
835034
21612
449422
336982
364885
967425
959047
990739
532298
650293
985391
950670
3600
663756
476625
224168
361203
79205
624817
290136
115009
985674
607944
879753
745245
15467
520649
877802
256261
762319
220375
301128
970117
338266
343213
535589
255103
514324
191999
639456
15150
641649
724927
54106
844461
850586
750577
298879
60579
210126
483823
192351
249279
201607
635601
822300
529230
834635
11242
729355
343153
333051
118538
300839
596843
144583
841001
220961
384996
638038
349629
800568
881251
183196
577169
978839
401681
353392
581218
742804
623831
870123
3841
972988
243622
860711
29116
964356
782384
741346
743692
529472
33561
706397
928807
915101
691570
613278
365870
215236
888438
886229
315273
644357
104589
302249
796199
532402
16232
102609
805124
186634
545079
238725
277898
944844
182046
776549
71725
270756
252452
711786
780998
752746
244019
59908
588719
883015
692493
353351
18219
479819
256251
578555
679324
426412
646927
482553
329847
140263
386103
982408
855184
809680
481586
840632
566928
755284
150062
944007
40859
947706
142910
907095
95723
222875
287833
591830
374918
15783
486226
208879
573763
120708
733879
672202
949000
825696
796225
651192
346725
336190
976287
80300
308293
379407
465742
416964
592664
83046
242033
785392
99600
370251
868771
330787
417207
340270
653696
66005
260144
932496
456430
225603
653112
886372
105937
908944
980965
322280
636335
175537
312979
969461
90811
681346
45394
891127
5396
803655
174626
941882
867341
670992
747780
806601
791568
665935
933299
757166
773673
324850
94695
632184
910342
459603
103893
673109
500006
407455
19899
960997
735120
913858
618652
712426
512536
829447
244444
217578
243025
255448
24639
793141
516653
45652
252403
685368
763752
576942
289781
286113
465639
853578
168979
452567
257258
755185
636225
255865
551844
969748
903974
986707
690578
370201
509813
887614
274916
348808
529047
696879
369797
348987
604016
793823
295686
883466
781961
731866
168810
397356
438627
588880
84213
760764
874520
376783
984356
234373
957935
195195
555110
121889
275713
804173
732833
438365
803454
330080
150496
967453
260322
937380
374175
141041
562525
125738
352555
120724
62924
818083
881881
189804
856832
885951
975935
115034
585234
703073
805424
611592
644189
788801
477582
305530
908289
496937
910037
173075
463379
862829
418889
70481
220176
52637
892117
27726
275859
813637
148752
473965
493562
214129
730252
793123
16281
36813
317479
369908
183256
158196
260150
228113
856238
189421
873664
217661
279724
925368
271300
299529
351437
17116
710885
697862
83433
654058
343144
240171
702401
395483
591917
302620
585540
847755
755910
628446
961897
979033
260835
87725
419324
154540
526345
740639
454751
862131
956826
193466
426077
378058
906266
463689
798658
640791
126665
993617
415446
507784
395665
410833
791808
875057
844765
160316
46019
652607
232877
270005
363831
723508
780208
527471
841288
948214
341163
940007
835058
426282
659968
744435
515029
768311
513131
37279
682631
984188
657330
73846
983644
82616
931181
727891
374423
153199
317244
544980
16693
547352
703779
815942
610315
883133
572559
371404
591493
495220
253469
861218
201138
147184
161376
42067
339125
455354
756086
482840
485297
976113
791247
958105
406428
395662
449008
143925
279614
197010
557273
381383
593075
607719
209837
490867
576817
563597
795504
618698
791648
289275
244112
732010
423487
330410
711078
880239
203828
183430
506163
725692
212485
103632
778368
383594
892275
501976
632472
17090
213331
887579
581779
991242
719979
226172
515197
637471
713664
379016
767804
578358
154375
748617
306180
582918
124413
788466
595148
915698
397592
223202
18850
135207
588459
525775
197963
844500
288478
471192
442653
865583
821958
316834
12174
415566
392697
257568
310572
591803
197967
378051
755358
321125
534198
991430
283475
6765
296815
312493
61528
434686
745313
484282
319894
651514
508386
984751
633554
53393
568053
88848
54058
500982
637789
787807
256715
682964
808101
822668
562883
676337
886813
638207
179261
266391
839364
709985
809707
606254
489423
478048
93524
628335
717562
673556
97540
514588
109283
131741
234482
677681
406446
254339
148102
359505
986813
111094
555031
402796
433958
859396
793581
448885
620629
550181
722277
37670
14158
788894
137839
113659
822362
348234
931244
791
677738
297301
289691
810643
68737
21237
911417
459792
613910
554754
760996
211010
548013
646868
590505
631898
443527
674354
137157
261719
905127
349201
785044
97199
987230
438529
884284
698268
917565
427897
754078
857784
164384
421104
33317
300327
444248
219567
763794
528170
430187
357474
521898
921551
412665
511025
12869
277881
642616
635439
358733
52393
320484
937343
641572
77133
888983
889671
716204
131871
618836
153825
138755
5121
256352
642385
704701
355156
580809
219180
623376
24415
401978
966275
903166
290490
390318
612138
949190
119237
775462
809469
489028
379267
177085
429738
529369
720871
831298
539572
132467
858208
898442
443376
640796
190859
219610
724489
100578
108923
529560
729546
466494
992404
738758
194451
588793
742526
86491
294267
891754
174971
517367
305872
137844
737717
687699
598003
802458
295048
4324
556434
930624
416928
510581
136255
665693
914757
39896
848406
89236
644838
642844
358469
462792
656221
359223
863545
642895
378232
825073
21044
655978
112049
184730
867435
963687
798361
494124
241277
839458
811204
855360
593954
516368
535707
599316
693022
302515
337330
121875
805544
316859
248239
415668
894769
999692
601391
383858
186068
882575
73351
95037
468130
363033
151862
612392
470598
489493
546621
542949
173546
335788
679266
807089
946171
779323
576887
470943
83978
337466
882861
329412
222110
390256
357151
480655
185637
117002
316025
497232
498253
117773
823486
398458
438364
991378
971021
142964
977907
611349
365837
908066
438695
38364
383636
5297
986304
628110
154197
134805
598901
666710
588943
242167
355290
447195
164669
442338
893792
249750
683971
130634
849604
443463
178759
857961
417326
552386
996241
17151
806787
577753
22787
642517
199616
744165
410654
718331
446392
812820
59744
881623
550058
136518
278390
814738
363369
178565
902174
398548
8468
546676
641074
58147
242244
562638
384508
845384
890243
465155
363274
305644
816408
880021
259499
595321
514129
790603
438748
232866
403012
370400
438398
238046
382499
955955
739967
706134
855248
380697
620550
854135
252306
744383
968109
20958
901586
380282
92363
562966
490682
784068
145357
749837
699364
706424
71970
225066
823308
939763
149681
659393
500294
326140
253088
822580
742743
124536
897115
640390
956939
897830
715210
552287
756703
691558
406048
941152
770996
381261
405362
17939
678293
939080
424146
663885
213435
572791
893962
716136
968932
335301
550558
774763
897485
307071
111468
789315
616243
396068
443850
174830
429341
251498
548687
536840
972832
586854
502343
955557
470687
792243
219049
678634
505287
587840
458373
859527
987261
14668
155787
385742
389966
794895
75607
289180
88934
266657
506591
21695
3364
52673
879023
389173
573802
371946
364041
984331
634746
267022
979097
432156
541959
5407
969404
624489
58551
652739
794305
760111
39022
173642
89704
375657
422958
620124
379758
994631
729956
633767
554104
299854
360636
468647
287266
237196
78791
293203
186821
195042
217164
969038
154411
2076
72418
802692
813526
639337
102899
545838
733504
890623
310960
521107
10895
56644
510472
701373
436163
445064
919681
659800
9532
870356
447073
241724
769114
433216
722615
796708
281961
947330
369123
954896
413998
643187
382407
508753
488038
17623
457603
710430
794027
603253
434095
256542
239533
167672
420958
157907
648043
139968
807471
621117
881272
201507
40116
689566
712254
89993
905793
985453
10353
71491
941116
35970
285144
100171
181162
39748
215688
148863
202080
758265
649836
1217
912161
982116
292533
772503
58736
310272
533489
149747
132329
170843
944185
125336
309603
977001
143753
508548
623928
959453
759739
783359
889013
139198
793532
301270
231345
681019
303165
429306
786097
21282
991463
104031
909111
810518
607473
436941
287728
497297
938825
726650
984149
858160
972535
206206
982526
235447
648161
380834
582541
52780
210753
30877
235252
864603
499876
894461
355988
473018
921266
777649
555581
945631
313935
561918
876630
393694
562729
926960
955973
251174
449930
618602
258030
964417
385161
192336
657148
230980
166238
324275
444724
863074
981383
399593
931298
792921
58536
38492
654743
876105
158974
497378
18684
473643
595861
903208
665811
27069
819474
486935
470652
959048
275158
443247
890904
322961
593880
31566
882483
932809
988789
112464
658930
710655
774109
168775
129520
589847
355854
625040
779718
429133
358128
239606
661927
222852
855881
79054
954557
928087
783278
728873
344281
331647
937607
875101
793664
667774
217471
877366
27095
735975
633992
316544
907262
668238
207859
149099
8314
158102
854156
475011
863001
765767
132052
165094
713655
944783
313142
769449
366296
933937
575337
507452
498328
436067
107423
702657
302291
911778
170496
646005
760171
782099
718064
208096
549131
585985
825306
425751
288006
521837
246345
903194
405380
191921
612568
986212
569182
278978
479054
337789
28801
512470
651938
655082
73764
485437
597450
823696
941600
217492
579875
753866
447308
612130
280654
493993
215198
311581
900365
626435
241025
706363
280283
664706
869955
709046
85962
196652
928429
563713
82015
30936
167070
974669
522087
226647
365273
13974
330100
804105
210866
861299
594603
583363
358040
657061
18687
935475
61782
188057
330569
827030
961194
815019
309943
765579
951811
942659
933529
485085
151491
895373
402825
546102
379333
18764
448645
485808
991452
40552
515437
89160
259197
760476
16090
48573
748684
261287
772245
551165
759334
97143
548028
312262
626743
119752
370157
43689
108798
217981
318861
453413
598140
499048
412188
642378
515706
370531
723260
456956
106337
125275
801908
40115
89740
77034
571808
317257
961250
482355
50575
51194
450866
5263
22939
186169
42375
699938
642673
409841
640261
32047
159188
589748
682309
866924
321495
808643
451108
624840
727081
439558
606728
22914
715051
227862
370681
455177
714943
16409
612346
252512
404488
891362
837097
125482
339846
138208
527115
302951
615288
210473
344995
71144
484979
546988
991292
958928
747241
884936
822058
892362
4152
296971
94297
341459
496481
827755
859855
421923
37179
545190
971734
366174
345996
55727
624988
351968
675437
500107
701486
890144
509729
697660
640872
799212
878244
598958
557226
86970
465748
58511
56373
36047
235110
285765
950820
475067
606128
380143
998810
561065
798478
704719
665603
52281
622
447648
878153
539841
105769
735124
692672
866542
61275
693733
744266
927328
192917
696307
945083
982305
885170
867962
385008
862371
198177
197650
185962
816193
436603
545225
429074
111559
372887
569922
736727
153779
444635
765132
936277
156681
66085
237297
185433
289179
399162
21080
705725
349432
829426
370368
886502
779979
337584
609150
435944
889528
630711
551448
738621
807218
805390
701429
585380
294820
764495
747928
921218
814685
96004
679829
484660
769890
523389
955687
928910
531913
322161
959934
945499
728270
399209
562211
57225
410811
374283
45596
295482
699130
149450
104942
91081
945366
300586
899797
730884
872820
782236
85907
409365
478211
243158
745261
705627
692946
167978
161718
345314
298259
31972
635402
307147
156546
334062
238146
953806
322704
779558
505687
32703
538652
40250
202808
920021
611494
783969
876315
711152
385717
489858
172729
656267
992041
383517
14232
414768
998731
91895
854275
387491
588922
577841
504586
610102
320180
347964
21899
338808
138105
960966
686882
13988
401105
132895
200735
241634
607325
624766
972276
548732
127115
507895
630902
704817
174460
965380
998337
265902
849952
231347
554495
569282
611249
467190
819310
483642
667555
725128
895751
333642
370177
295969
887044
929367
892103
816981
739132
304665
893097
101575
707427
486383
152868
187014
851189
808450
723970
852270
761074
800058
767408
11583
221826
253330
163546
780302
776179
283339
431368
276352
833671
546862
475857
635104
498604
113524
991688
477743
998035
397281
813598
402553
776128
245238
267155
875039
477746
452837
791382
971497
529656
850457
747774
148973
761249
727975
289623
570970
684046
427353
873544
100264
733096
376805
424254
163593
831045
49867
65297
856321
61906
284062
945639
419855
757990
809810
517541
529945
15462
983394
138993
351816
635423
622796
718166
360412
173118
414821
283453
695746
524208
873149
722754
61747
974953
888073
101293
637105
479305
586329
396770
77232
969879
331938
306948
213810
639093
489040
637718
950176
27670
778304
490610
409400
971687
496253
344264
489313
823613
467885
173923
116987
521351
395631
135184
525866
371253
476634
849874
941541
443886
153008
920182
891518
621484
188664
400259
102900
147534
621423
338686
523526
43313
607407
41305
26369
406242
496357
307319
309403
445884
147755
845246
908247
34067
577690
8386
113092
471081
20869
120575
911342
74494
374482
694748
583390
603936
816167
224178
623001
654451
245892
60626
328557
445053
10887
831182
760850
687626
886538
611905
130706
625458
56939
359208
897740
865759
620863
432898
302351
146510
579920
165638
137167
306248
130346
244273
314278
419783
510296
134328
602902
238450
608762
55091
928865
337403
360784
813907
493874
535992
874049
295870
119499
324948
603077
900828
905323
890226
668462
167372
944134
231501
964144
366147
269389
51337
962883
676989
174103
231494
239164
302803
872483
806490
400079
758033
132995
436597
548070
596521
839940
515659
666411
608580
458283
530260
940329
272464
636162
8250
245911
546874
869258
496730
162002
740101
834856
151695
587496
531302
811132
177788
225491
746013
376639
573766
305021
89833
414065
696122
146309
685275
17277
452987
965015
97911
205549
960294
926432
890790
848603
763350
753865
159023
882606
242850
25013
461513
51587
492801
547547
650325
958594
725398
185580
107609
783517
503680
115599
940742
839242
495646
633015
859556
666349
123413
106224
97604
231623
43890
658499
267148
383370
39441
865490
102165
214705
20994
680554
616391
794315
969181
143667
241557
649408
628506
516721
624500
322299
623610
590263
735413
633595
338887
899420
68042
219554
800895
953722
817847
783405
632666
674176
478921
571337
26735
533898
465194
49667
786493
281888
814821
831448
901362
933519
909005
531202
799071
426129
131461
458686
390100
525582
863502
752870
502392
681308
958690
685755
955034
412549
2652
259665
853158
290802
447373
515190
384088
165173
635049
872065
355717
394523
943678
425929
643681
180287
628191
938966
949870
844745
345510
978473
304114
768248
146094
286839
513605
884059
2660
32293
221004
384702
653846
596863
384815
743106
101854
129670
543798
693597
77270
726180
816482
499836
428528
321302
505987
451387
627879
358142
630025
179071
112292
18842
415830
30597
268963
228487
434338
370461
315728
517454
174366
686502
173589
429812
936316
770740
303054
628875
798273
309419
910567
773479
976253
983874
984319
2457
920749
433881
544749
304889
768213
129760
974575
904825
770678
566810
429793
953392
699255
151025
979066
993396
550610
869159
498231
347822
106133
374923
664667
47683
137540
81760
632954
726679
342117
661577
887458
894802
923532
772320
271946
361345
633041
153619
536888
824218
725117
596501
72943
273243
936319
528348
662079
15333
902583
444517
489073
521845
454347
162366
561136
631240
51505
566025
52076
637681
213138
636171
225444
115701
312334
992573
188240
629634
705270
525315
131037
292540
683189
788504
339413
169433
185643
712404
204833
599803
350116
438699
995921
710731
264133
843284
885344
148709
919317
812679
528345
421120
327148
162848
279537
135780
831630
880853
53302
952711
347430
45345
552333
418279
314453
619506
274686
407013
212492
101079
184120
308351
677338
441699
972447
819337
389348
310267
710396
676055
638576
836462
78802
274353
19939
433472
821929
314092
931202
904489
714256
494418
855207
19904
964293
463234
261348
876707
669899
605174
351888
976177
647993
976120
341474
69557
103957
249727
910504
891572
816789
333745
250389
94538
185899
978462
794264
462733
572282
954159
3842
454517
200201
892597
550732
136621
401341
491232
14726
735974
369067
167999
376154
819136
222876
971518
931492
159427
705013
289989
535993
728189
691542
745935
918639
99603
545981
383490
662446
136676
638503
882683
858701
51405
921644
250765
497395
704318
815666
381928
108247
560009
357327
17996
726983
738435
541241
208528
369066
953105
750211
55590
352985
272066
966673
779492
405357
793523
778180
60591
68263
921957
305075
135842
589877
26113
997028
765880
657037
281023
754892
743740
429464
931419
842306
702983
998202
89060
147807
365414
467
284251
651927
965401
361039
406083
352122
5475
143978
324945
160773
191465
920778
141221
939207
612459
291227
588201
16858
267802
743542
324694
749326
158851
411884
865867
528062
187510
737071
116813
708892
83507
797381
950016
32421
882874
501905
219871
214735
561503
201127
614143
369499
22366
416636
259418
929014
136369
820522
998930
193790
861862
105576
222190
151273
513748
127739
377837
385776
549961
805563
996602
659261
764398
322712
428606
163242
780651
740290
124347
187982
327963
389851
987113
551405
530990
5287
871971
716192
623620
285527
792322
963706
799511
846242
721521
172742
381687
2095
265195
577906
583986
573558
726820
832360
776051
796180
912203
322668
928664
731926
924012
562575
237373
835532
242091
444827
630562
514466
278764
975925
334611
244728
868050
625533
147467
179701
820083
827062
263684
26455
890611
725782
194657
869143
98649
323816
215698
831505
649742
871559
449047
980083
197923
701151
650281
733447
768881
885113
747920
121787
882247
583361
913456
210344
864133
645281
326835
886669
509526
434748
516734
586242
883730
987353
351164
932323
43035
193218
390567
654546
33334
174661
464828
846043
257679
738375
981310
338639
766750
716265
328985
96046
154887
801284
37540
119325
735535
865779
554877
304818
250485
572831
732282
193104
783456
822343
442015
375088
685370
187690
673719
40575
549415
261740
223260
57361
71470
195115
678788
769728
822384
789403
68037
422484
527650
827985
759094
534821
352398
58710
726703
108864
913203
210485
604519
29459
899077
256514
445420
803398
739352
536818
232680
213972
49724
121873
326971
710295
317121
293756
314323
944426
473616
604003
5870
567496
502009
331056
799983
276886
136142
953448
640669
685718
328778
257286
730086
269241
202187
572500
923061
741963
804292
98820
65065
319077
743048
651812
909909
758890
909839
857816
851581
942747
144139
257846
216280
986377
793633
129085
281268
573169
353451
756854
276491
769400
505586
356013
84017
779977
123132
804467
898659
763984
9298
706921
506838
732759
575556
981665
544867
61146
864567
517524
619450
434924
92641
915923
450611
864074
797317
917866
849788
318844
234986
330112
574633
992703
836922
704380
81445
828473
468771
351100
994044
510966
105205
155226
891307
45058
586957
849183
685562
928989
498159
622269
533748
380384
729087
792987
550
103623
858689
575255
134144
524664
825607
743048
31776
962542
516880
4015
647701
858407
872948
90590
659698
94400
702018
144411
858570
847933
979460
81153
313368
515614
873654
1461
140348
73839
14269
73865
939218
93339
536562
31608
470053
711030
596120
50967
804381
77739
332572
174537
547254
558264
332446
24980
156576
923473
970687
889496
964058
88195
710051
582758
164827
407683
767927
48586
97086
417790
656683
13072
100121
443870
747712
68916
687975
595216
818874
309038
648828
216501
82007
56262
993989
164017
117056
194694
66850
224427
412655
41470
470858
592712
784636
894881
84082
517553
213005
472113
20970
270338
622247
152830
492746
568762
473223
992640
509856
809141
614601
84749
938092
348245
531449
495152
270243
632470
538879
382418
750395
153079
746908
878561
158417
756750
416998
554849
67759
382081
620134
994021
89685
381873
196512
103856
946857
908672
321754
789746
563468
639744
870934
284932
690770
99540
456420
82347
997472
912765
521297
191169
851289
232717
500609
268773
152519
630646
231395
410388
715024
525720
547509
661541
26146
745538
731355
246651
714468
382031
201040
520071
329353
213531
140808
617570
778345
748677
967201
467571
471992
545317
348245
324408
589474
207140
545362
775376
748128
853251
992381
94348
336182
338104
675529
823149
357210
302170
477473
147636
909863
906471
137831
266914
316168
736714
850013
125293
999123
700580
284364
590654
685792
638930
70635
852055
963461
447649
409644
796967
698267
631588
14002
5797
69440
815577
770401
241657
27043
53448
612346
878837
434967
528824
845720
840093
421145
107892
272783
446774
277828
431854
551836
962955
99261
817829
405366
947850
108591
535622
342320
22245
766825
645180
293025
138001
711955
861881
462234
281087
538233
135758
842850
808701
807364
513440
425505
134931
889027
746763
474034
565932
359121
65075
679062
749403
657365
489234
805433
205110
301920
604612
770470
398641
144406
983911
596065
133718
377336
45953
925009
450020
844486
589388
638919
503556
995977
969045
186554
98576
921608
663592
499030
123773
542953
925504
36841
611488
294038
501392
189861
195383
293887
970778
901003
83699
857588
941022
568421
816010
967146
735312
343748
640670
853910
883715
529447
577129
653927
191029
388832
405442
574987
532030
510312
103341
101114
851109
964391
232464
213593
177382
169450
918345
62503
411948
476031
235817
173423
429288
10158
859558
795197
771226
267167
498246
315978
361644
170354
443785
800261
33293
983502
379868
419116
628223
836353
765792
934504
763043
451703
324309
752536
245075
567173
597744
866840
451412
556574
771617
202697
695526
820423
403097
908925
508968
468675
887035
416293
230758
481209
849773
613555
168861
69694
179101
248962
391135
789170
321978
146041
983781
193790
964910
490373
836469
417665
901654
597286
221117
614558
582299
702857
581045
43679
158882
223411
518429
512514
891054
648710
433056
890914
783722
431683
466040
422050
278398
449452
721160
345335
925631
238781
811223
212493
494132
619463
729573
912653
881175
72527
282938
771580
650034
9811
453982
147414
559090
300929
68952
50630
851839
234746
669375
654119
402525
451707
672701
725403
615093
71217
769923
840062
242551
562607
404335
58843
674005
105418
680410
774448
311948
992669
532568
279388
858334
288953
371338
117023
604730
59439
664759
840385
944299
276246
106450
244651
732742
731006
129345
188951
982885
580721
565798
831718
569548
339930
708784
872505
330424
815908
873782
263737
328915
373842
283541
561357
568405
281311
956211
889975
748618
823841
85093
591685
329749
456223
79681
983737
724800
651770
704100
382848
854148
189979
753669
592860
3996
345695
206679
81830
555388
973065
805353
2296
854591
3628
772920
502413
434420
752276
9500
724172
498812
251705
770655
982138
115893
264764
472850
640402
727909
293292
634204
392396
918367
400793
273616
322130
929211
596445
420783
436181
302152
595802
969856
886994
784097
611219
828050
875690
671793
922884
178820
663167
984283
277271
2011
401297
794413
164086
479116
50927
729647
785108
583635
552164
444750
412108
165828
298397
983970
407326
40867
463372
994287
276702
18781
467938
211819
810443
410342
711604
874226
373305
491701
132357
463395
813306
33758
675709
930694
540867
423901
116882
146081
982715
430415
657285
954688
269683
51239
819323
15157
93844
554273
669844
836979
763120
715509
483352
605768
263105
699540
294907
953890
467145
840136
428320
161944
467931
43192
655933
524181
942746
210238
867813
955349
338309
773445
736937
672321
150442
988002
562641
451945
318514
836531
924328
539732
130084
882283
996071
80029
632108
179698
791651
481259
908545
485518
725912
919915
343627
371049
444240
327166
52577
115364
979748
858251
648196
107682
420880
608928
147412
674418
366580
274676
81811
157365
422822
189046
726943
426315
173490
731915
521298
124531
455351
323389
490428
66830
789568
30041
226535
611280
142596
304957
434835
252174
13109
320090
78797
515549
844499
600560
720165
280416
321237
600663
324015
873772
635241
512818
818785
589793
492881
120981
412241
111115
115003
231960
558153
858863
316726
309759
943023
207405
390439
213698
25243
397179
361005
418922
201880
518627
510505
44830
134494
472606
851593
64767
160215
151840
449089
312804
261057
756529
725500
835758
960670
643862
753888
341399
384423
969188
623935
16234
639775
223504
20139
74379
515898
260105
976407
712599
638489
424173
543057
412075
368394
297739
908238
9632
938156
955508
350023
209566
386668
427316
168687
633423
668670
700209
394608
886579
25845
166209
534445
586725
133507
722833
433742
330819
959366
586861
456763
656151
927796
831963
751935
425551
902010
795258
811202
420212
545195
477078
898100
412694
999560
765758
809242
895872
517172
608165
138002
230248
603261
237040
151118
751199
934681
655571
448911
425477
543895
766753
967410
486756
828366
835851
392283
616244
103519
54881
228581
408582
749530
658582
217660
441696
530546
967921
733021
880517
223546
139515
220451
914798
974435
129697
630897
296459
224439
374711
28228
95696
790186
746521
350188
317337
245693
233947
688565
932624
739952
952509
567555
246563
161742
22084
351613
10101
658697
756437
830747
908177
261845
918399
635663
12336
842629
931232
710019
885409
847397
824820
542804
373375
57807
757706
623203
45260
103004
219111
293094
523394
435684
453815
466065
547828
403526
397815
637313
417591
229382
588305
555440
679741
840964
563798
629912
593864
882008
839969
897078
991605
256169
723756
802009
521532
90794
499744
918380
122306
832912
636980
944783
304485
184764
784209
765432
765647
404630
308924
49352
715751
497884
908492
228241
34901
523099
131780
741873
500306
551173
701448
840857
751877
368492
331223
251398
655845
589740
654625
842121
956215
536416
840475
380051
966679
352007
669008
870149
640966
709673
963924
427493
780723
857321
788878
251524
795749
532392
65046
667305
812968
936716
761333
248803
134817
244762
290612
747240
754873
584891
289689
520176
977049
408008
667289
534880
350097
173613
701287
401916
437408
511138
55458
606278
576807
58889
529027
858954
620884
483243
482381
110539
277094
970277
452696
292878
290877
417890
565444
473501
842586
503704
12824
636074
308812
713046
213495
228567
869172
827699
58747
318295
749493
375097
82860
171327
657536
373447
54502
849045
968195
612852
527567
134296
276075
417895
850336
243687
107583
551134
644903
891207
642862
838456
211791
185208
65203
214013
549283
480182
382960
236004
263894
87901
255585
369604
455640
817573
294661
70941
183090
225863
458127
191442
278489
810803
228819
406577
582606
27338
686555
410541
695094
117637
589986
956202
658691
961554
236391
904252
570329
519766
739528
868091
884327
360339
570857
209825
912831
713961
879429
3590
894267
343898
772489
58870
84990
616158
375787
981685
716376
636611
41598
370847
540728
357333
592018
5538
707766
370426
777545
816789
129805
989062
923552
153162
302658
616189
677957
38159
209582
65669
393575
364065
908967
865929
103357
109811
338829
392375
834918
442042
392653
576085
133758
624270
320955
716037
921928
741195
930160
632424
364016
791295
128133
765701
497439
520192
808614
356045
190643
545519
929825
97588
399231
50598
354508
308145
750326
305006
317723
65423
751905
186863
77361
135241
986704
323207
735412
392993
971460
254976
697983
318899
8956
751048
462602
927225
858204
389260
7912
231876
387176
486906
911415
85450
491345
636022
989208
295089
111569
958850
609953
189541
544076
806794
782026
512061
438596
20298
564801
482798
703726
747176
729717
666170
534261
283513
541653
733504
650806
575007
570926
724473
644186
978518
5823
159304
252915
47068
523020
504160
862799
713207
338440
217936
617514
124801
262445
66040
136620
773693
630146
80436
706233
266150
675973
257230
449985
514354
893456
932746
823244
337438
891571
497477
837542
873598
202329
440787
615242
700689
331010
536117
53084
200089
435320
722741
629125
816167
220368
808247
925264
328271
279915
361858
269630
772243
886609
779147
486173
30059
130518
147045
495037
957714
953871
78861
495449
607712
374796
595491
291356
714066
488270
412729
581679
754628
276982
786032
375009
597727
235852
225708
732424
466372
343736
303006
274176
676886
740750
900189
247750
26301
44041
545473
102506
123628
106785
546183
526098
68987
926439
172920
284874
947028
431364
792044
599530
144641
103331
351445
509725
346325
110003
908877
824207
618447
179875
159861
866197
735103
555259
517952
641319
11068
572600
256355
510538
92800
620564
536806
84785
489382
118260
588311
265802
477820
170841
642915
362928
10595
307633
306167
152483
338848
726624
999958
43616
808843
507248
873950
369973
517478
389985
89899
310711
224012
458803
904562
600845
118016
475472
227642
293326
105709
395659
661557
305740
291216
652096
507613
188473
511759
768472
609442
806760
373995
209292
454105
745163
829909
595351
457945
77965
726580
417336
447605
413579
282279
268013
569051
384423
882412
370907
292269
528763
610620
100079
169444
773637
121866
374861
15779
180868
485592
406295
106582
6495
127801
890260
819726
582671
650405
254173
938250
503843
403413
602081
133869
476701
843148
29725
347919
727157
88115
723047
485212
30169
796054
778280
399331
38494
150587
874734
697240
311260
919272
577084
665388
513556
719189
663603
426443
638337
57774
425580
685203
981506
813596
339364
657123
643725
630395
110207
525041
843866
517740
778657
345060
584485
379086
903470
579416
642545
675971
996258
992482
847707
977786
288880
445633
342097
482802
4677
402155
489311
806296
885519
661371
637259
245184
252433
690706
544868
526811
100828
662937
262799
556814
838399
585857
417112
770116
142595
764297
236838
28367
990552
491183
831073
968412
20636
563825
817256
279043
380820
170347
679654
575103
449158
427176
624836
112097
655657
832021
580195
704368
27635
943205
294645
25734
785316
4931
865263
53557
252263
239756
748151
260045
612962
237166
330577
311444
364304
795592
108272
841541
172691
959851
871210
349549
683858
5445
929124
670234
326110
25355
934634
863598
869154
151097
388564
980523
220845
270293
364925
970434
573942
826655
856055
372405
852021
607839
389817
722221
781868
437693
571534
481143
596463
767643
13265
624399
294389
129163
193301
348445
346877
456654
968011
724350
113243
716704
123590
605496
378103
144769
3493
552396
400358
308629
228451
303200
736172
763020
116663
296030
27274
46274
438847
305978
83308
514982
858108
106377
284521
402604
13967
475676
342606
954819
374869
988535
175347
723591
403973
772173
218198
944311
17099
864001
230492
712735
425328
223465
136969
559283
212604
58814
60162
299346
774901
824952
522085
679625
765216
745241
759166
985453
247617
206771
377022
409996
123839
603406
345466
448379
788055
435045
237953
133429
368645
165875
467714
920486
101149
962797
943676
829242
161571
535835
136237
783051
940750
79866
84341
917316
257841
660552
102129
549027
278528
334645
599112
858511
576819
121190
939716
629007
275260
973972
935096
513201
805683
651048
523853
505108
781886
833118
85161
102948
68791
589863
480986
958437
998285
242809
819834
454089
105579
108160
893569
840400
252601
708422
153657
93798
894888
200222
438381
900393
449837
659788
100288
696717
326782
886290
552378
449861
421026
790560
665071
632125
145436
889631
841199
321083
338044
451431
792862
324633
202893
492350
954468
267565
37720
824576
387885
25010
714525
291271
195598
548276
818937
481487
160219
662334
484606
941893
240145
311401
425524
945768
279221
326551
894210
332849
34753
209669
149187
445209
64560
183313
882688
417859
455152
115713
838718
805725
506720
309877
577559
545928
906588
509850
737566
734316
540829
330819
529725
898701
915002
98803
114825
913849
595653
450827
761960
670991
40222
828970
141018
576945
15170
775992
629518
765707
732325
92941
666683
789949
163591
405181
841605
241833
177104
95301
121296
207240
558517
842951
647594
106068
886068
87767
784494
39520
106005
273538
816068
762395
43633
896151
675456
146164
766876
122432
556816
229772
410952
905461
590627
271974
383614
846437
690680
491913
260884
639804
769122
636763
380257
259680
977169
404662
569831
763823
3715
911154
237062
715736
345981
631013
243410
81845
837979
144123
773124
972043
988575
116481
390419
775033
330472
4630
927337
590327
963907
395760
476314
871396
663549
240088
848249
493890
400600
667058
62894
257043
838735
89563
15834
850436
228909
645659
86783
961993
139862
908454
631880
806779
619051
617564
905574
168270
511840
947763
795998
645842
937423
890287
727268
750474
735735
869117
758087
854543
601966
333378
856712
854297
110427
498528
413924
602758
215293
12698
267561
974050
480637
937425
293298
78682
361926
600172
686386
272853
316797
551565
678521
924109
296739
223590
136383
96880
750252
824003
853473
992487
839063
254609
406091
700083
936132
404295
911726
69508
12422
445721
646338
672189
997045
412989
48233
735723
830357
673095
596416
997198
687144
648121
488869
899346
449511
857538
482645
744229
760341
177220
891502
407403
336915
396100
829098
977092
917598
191355
83421
688157
831407
886499
669024
686918
515748
418387
941367
930164
23862
107856
83960
696089
891419
790744
429716
126261
801488
212554
509312
209275
910064
889492
601673
643281
636695
942667
423994
773545
512005
67627
373540
402284
181450
481209
614842
303874
33662
899579
985948
963654
975295
661411
820765
925656
238955
592651
632195
400118
966179
844554
52403
522161
175031
650382
263834
109358
753618
279554
555942
747459
937360
813210
915769
887068
377700
507499
505958
140652
663520
280079
644689
717213
890964
512770
471492
850458
22376
68092
195609
69396
475671
907330
679150
101240
461975
89224
766624
442075
472810
41498
994242
352962
685787
116092
647802
951299
385284
541971
875879
282586
751057
658796
626090
562620
899384
406630
732471
500801
716086
481238
200043
287006
531850
333274
52791
99016
413358
415484
744581
897358
716079
975499
529877
145326
849470
550631
735761
352972
885173
1142
643067
308459
771784
521982
145588
311986
718016
573181
310222
389035
895007
299010
14920
534134
852622
154257
953039
553521
945962
80246
246068
957907
300990
459763
6020
174579
539392
87380
730004
851273
884726
78483
805401
669550
23790
682772
720869
918340
160586
589075
856757
245491
719367
726506
271905
350702
816294
767383
631587
878025
743333
491887
508501
179017
895295
937222
355907
749872
868289
211092
393769
190863
999796
798407
819089
466988
547132
2349
438695
906911
992284
659737
46559
382235
525268
931684
127212
863307
985769
576197
176600
798185
75831
252759
234463
999852
470722
928750
13954
61342
892932
211257
434474
842615
782320
98580
511274
674622
398864
297133
44909
108372
961636
780492
472970
247709
469887
219449
414270
494770
934429
204269
973236
369571
659881
305492
84038
804411
388716
412830
632184
990630
273292
804139
86235
335288
982744
465793
351031
814282
473285
140937
374133
223720
66950
248386
222447
160938
738787
761993
126307
115664
933500
720276
40210
850206
431217
579039
255880
861439
101431
119642
943948
290796
692589
713918
579839
65617
34119
23298
476404
54910
295763
456512
403954
40917
369822
717649
331392
185699
500980
302985
420664
908680
955297
974326
814149
850676
405265
539093
551484
505832
605631
80396
364664
632122
556862
716988
807788
45508
265104
843663
404337
555248
710725
985467
285314
137569
5732
364273
321602
542750
594586
571223
643438
73227
448333
578890
526240
820572
987270
611945
881885
152065
299760
404748
772439
229002
471159
975122
119683
384918
567293
182367
184696
676825
971604
367957
874490
547336
84254
431532
148948
845223
707911
840541
30796
95259
894037
695171
202789
696376
815849
231567
587574
261166
716790
352259
740113
161239
605885
40319
15591
575681
681992
563047
89414
826874
846559
596394
879011
678330
401944
417345
687160
281008
252993
334472
353072
517718
603338
500947
811763
723422
994064
783791
9475
700919
977750
768522
437603
50193
821298
865878
977301
867587
777259
594376
168607
952159
133362
112796
863947
61964
301352
858549
374189
756111
203598
87635
817166
838115
758367
63717
504138
920250
259368
916251
384457
541572
342427
659117
146933
888315
268294
198459
356138
477546
287294
463294
186942
219952
553505
876501
952932
810304
877853
709198
365234
927750
923287
337561
748971
873404
458618
684146
591537
417383
322062
3866
101475
725971
147528
228475
825379
325509
927482
620644
927301
662797
211098
922359
685587
769651
972886
891587
596948
812754
639915
832119
28854
714504
520063
455211
144256
475053
648875
694905
131704
114913
293105
885291
293348
342803
361228
228610
679360
383015
438919
650520
149198
875172
106121
612338
23826
811435
142685
800122
734414
131370
246863
540054
288433
636042
70365
100069
830773
30745
962065
685607
299151
511472
647182
755260
117255
689596
408714
672811
170610
343217
764562
735935
431900
423541
425189
70143
707838
281183
417594
959530
102802
745946
99785
410903
903332
204204
128766
227892
438634
697767
84813
178787
88589
162665
187924
757769
779096
32406
785442
69339
663458
816331
485450
34384
414102
769512
969903
780486
147231
802728
761056
87798
175853
122600
968112
63413
305286
628945
765718
663368
78260
644227
570450
521379
708875
618893
216646
654690
76371
922054
899635
880651
552716
80470
595732
300740
30256
892801
213470
808302
773884
332408
331128
761763
570428
45070
504369
27994
780630
309697
668432
81313
331728
158218
785549
235567
174927
338065
41185
31543
885885
539767
407030
732527
396399
916950
236653
538247
665905
972328
786687
359471
545913
538567
825281
393450
239774
123882
562091
107492
553166
693541
890585
623453
217622
568511
587459
51356
674045
199823
345209
396075
799459
860289
249133
844801
949666
564746
259640
75031
247744
267762
706933
4587
525719
861136
491400
61576
572790
969643
108284
168029
908142
899163
414323
808785
973659
154863
495722
407597
776877
348509
6495
563100
167328
840044
430628
910290
110776
947508
115446
144209
153277
597768
434967
925310
742098
557409
262013
545744
386699
853813
320819
81762
864171
225718
670334
387680
559719
336677
307653
298339
269061
847603
881695
896621
706874
317676
8923
573972
263596
794056
760153
920479
961438
787126
458830
291080
246466
578021
588087
637849
131355
851801
176596
676494
920409
895842
440595
162311
131963
917599
500915
370788
996728
636513
237029
614406
286504
911411
959729
639800
612338
510322
150043
850618
57803
341454
16945
122485
347553
528548
230202
710563
577879
214097
366976
846622
889768
6649
977011
947978
573170
898539
872870
16064
939319
381483
655524
504891
715642
443502
941564
366063
47193
663563
443156
293700
154343
439276
431600
546997
255853
963814
639521
769673
208867
120041
277450
51431
530795
256902
948362
407954
414242
177997
536234
908629
509888
564898
1898
723853
576586
468115
532214
312385
426589
359995
228958
945979
141363
449933
370110
507088
533422
848187
526057
917882
383318
656023
232605
846539
455456
562367
437736
958777
746913
857845
916846
972217
910796
521803
905866
336576
532991
399121
115922
978003
626593
444185
542554
809248
874909
180259
634915
623664
234398
905936
62995
457989
244383
69600
321631
627394
958520
563935
260559
201147
751850
777861
965308
486649
262462
740127
856348
859585
270848
591355
49763
387947
726853
7797
186541
311005
828779
811360
405229
746423
607502
370746
725942
896018
80836
311302
148703
903415
763323
561813
444649
407080
896628
846560
952178
252201
706981
63851
23127
805422
421282
457183
95503
922721
282723
842981
896528
721800
332390
407895
341846
801692
123490
272046
59022
431664
834470
623915
694119
821233
880639
872788
143596
323073
844375
589683
412151
196481
345683
695579
348640
108604
692651
275335
198956
660072
227470
846791
737984
603990
55495
235372
898129
58698
284464
977381
425407
463099
175302
442729
407082
955467
582176
609593
961099
407414
151972
515184
773340
506990
861209
673464
848671
881231
985756
93708
768972
430114
108684
937835
303438
146255
369040
17374
492525
606117
724423
918331
562547
134887
142746
319863
714027
124150
179811
260401
861413
941845
342864
500757
649198
759214
768191
736386
121618
165328
734906
290642
55813
67959
204042
804696
884932
147845
80509
117903
911437
949161
957260
184699
631529
417822
618838
170385
956802
49865
526173
929425
493074
397720
991016
922196
899860
350208
332909
567715
112702
759852
491357
782856
503327
596705
271270
359447
474718
645192
353246
987427
990030
555524
952870
40034
318244
900610
669807
366558
522409
879647
581177
693003
722919
645667
308368
140607
838818
632911
610187
673648
969460
743510
424316
683976
712116
316499
256800
758457
554755
258398
467531
397652
237333
410028
132059
639725
133530
828580
147313
918260
558446
240254
62708
310261
616388
361990
854440
836080
778217
3235
731439
12099
512055
561289
104929
52384
420183
708997
706210
276020
2319
310915
877197
64647
213422
41130
397826
39984
744031
227648
188127
128669
403339
871825
972684
948412
306049
353709
448430
219379
225417
275018
532449
454996
403546
498260
665606
129823
710370
593548
807120
291343
778071
615634
572090
800047
965278
337962
866647
95634
364089
471174
441166
828999
439885
184612
788741
870819
692772
803943
239602
203670
854279
821129
210757
666583
166147
212351
191506
934487
822534
749125
43244
755798
498840
217455
933705
277947
55271
201291
328873
84283
918075
32558
895660
344894
14342
957046
151741
310175
177203
23574
520249
951522
650206
164371
904548
35106
61116
876476
257792
238451
67101
45049
388030
668039
862065
41315
610942
199078
762898
743869
259103
276850
394959
220677
455608
550430
11851
585303
820627
201077
421995
292914
206357
458292
854356
153345
809410
502652
319254
286765
391685
650817
394924
492912
814866
60489
156242
558458
800488
451191
24989
469073
127944
341459
226198
805359
626697
920348
762216
335950
358715
596932
963946
548849
828878
506919
373398
881038
815580
453060
940
326289
458420
772909
767289
717183
644289
801227
481825
353856
9065
732960
936319
921054
537238
825080
314711
10177
687841
167044
988444
320174
849924
270724
773329
763534
272134
741666
964210
189855
941632
62110
660166
765022
172550
303673
261174
899314
852951
4624
270710
127376
538664
300342
732890
494041
660026
608109
749927
202978
297306
534870
643318
453296
716976
578094
146725
351645
488620
401703
798253
128759
549725
215322
749981
554760
814207
754240
313517
738589
34948
944356
754321
726260
59955
164375
564580
394687
376126
867974
509103
908934
155887
840814
287822
151513
727812
376577
381261
228134
341582
576047
906160
569020
659041
571946
181246
435030
314477
672286
990604
341049
439588
843349
532502
75599
301081
501348
727425
76343
931776
197310
152290
353729
292815
938781
666109
8363
802513
885399
96573
567714
19158
739408
719016
141501
723685
70674
106677
513205
972908
32517
686222
990556
124809
830451
813813
411181
501085
594189
442920
776228
2489
652809
782759
268416
519926
614325
230647
76557
366512
543411
278187
331422
497507
649389
675975
781605
396318
153027
153882
497513
409660
953413
792952
229496
939026
764344
887788
915513
989219
241057
997527
178670
176613
766368
225187
150304
874899
356704
440607
111073
268881
771188
159370
751525
324954
636813
398165
700509
119616
377042
239532
502693
891059
10166
672888
897800
474881
608024
114892
37384
20188
911746
888933
690512
529562
160433
325158
665083
804087
83131
129206
77270
542168
18873
244413
166009
783057
834536
425965
388834
223880
285560
758751
280779
432040
483804
270082
423234
142038
383755
201230
120294
646836
205710
765953
596966
278807
606438
335736
673603
468665
863091
435502
539862
86032
860020
899322
626668
945695
612070
632350
70320
513630
19701
970364
331242
301831
52835
899185
534134
268068
515283
285989
142090
2868
764399
811822
461627
215031
377986
303671
202734
46354
938976
986368
301559
925745
408486
260360
451685
298450
328668
207631
913259
652301
467464
567540
636840
104912
802862
953676
992695
787155
883772
234195
12673
959219
529758
931549
519471
622166
526286
533664
850433
431268
468959
778598
143599
582571
50037
211721
243122
940702
682426
521442
142167
410738
753217
786815
194050
857182
274393
393113
449778
856636
431845
635066
138778
773194
351166
780625
411857
35429
301200
205339
453215
915510
885123
483309
271717
907957
163903
587335
862799
120905
999276
772555
378029
823611
203420
967188
183707
198579
520487
667265
702332
630437
313054
761783
692310
713468
678988
864157
682784
922626
703175
249349
385052
423499
463473
991356
661528
500397
31781
252093
76717
315848
878845
925313
331893
79241
450685
960247
544335
102866
13034
406176
774015
672239
231252
353956
38874
644666
77087
448901
679457
2237
174292
570012
398730
83621
311784
845916
974023
838597
279889
923017
733267
210676
392063
279957
884326
530916
904384
252454
564311
274993
397848
532701
110040
478852
981958
993281
312241
452130
226337
319547
46863
134436
136024
238990
287913
93589
101591
190385
423253
548591
65533
186841
849024
321542
173096
566729
20792
335832
115213
814493
16842
330728
376759
778737
105244
648557
710265
277239
478833
307033
314511
723916
241521
865342
99291
342813
675440
452717
517451
750045
826730
449033
367325
332555
287492
851682
142309
791371
137782
434521
638320
969929
65854
928249
534621
577247
599207
509969
877430
950706
771637
466247
646253
648043
888936
551978
895275
416046
599591
110786
91423
536807
436155
902671
172743
852305
611764
190972
406777
912490
152971
354753
367033
684597
917105
183443
719026
353699
95087
282219
305990
74120
948920
207057
186252
163449
743781
566983
195087
294187
235697
497676
412697
198586
721253
126761
257890
305123
525266
335296
601387
950426
573621
126774
754973
456253
907061
736573
381778
190547
927896
431270
663078
612693
716797
477764
700402
978433
396826
589752
841439
866079
340692
38412
145192
722668
327221
136900
801989
976610
820597
49090
405171
429999
719548
494151
817308
442421
733187
946984
367715
417206
128083
634647
333664
304145
202026
284842
944421
848848
33220
322898
868916
192688
683829
550256
708840
922349
332764
787826
752774
588969
880428
73936
585289
599072
580870
357960
208885
290969
624362
190192
710508
60882
623978
888335
255917
126782
397712
265284
853587
807579
204559
193677
988333
379382
974728
385012
215749
608675
824971
424286
680449
619254
340015
655871
519246
722628
832548
906150
43701
286909
698675
828808
493319
911820
815532
164426
652044
495090
392344
795730
66348
140161
972525
836313
371912
608881
172335
457144
1614
587243
388835
15744
65596
539353
468980
872882
894248
510330
633167
159306
761163
836542
492028
228928
778968
538927
41997
10465
51095
352751
142749
846361
278322
331698
395533
674764
187290
408444
333477
59498
778983
559886
987851
156691
952309
500548
255046
296600
72601
27081
253456
376903
108298
105205
954036
553935
253374
462543
744611
804749
608092
560251
157356
298285
747258
365420
347138
921794
860211
723457
821923
564162
192918
693976
98555
951372
582731
866180
23987
961898
247444
751097
33333
600448
324639
663039
75123
673645
167429
297672
201530
735569
504250
96013
894129
408604
738875
755009
159970
503530
591509
21668
606921
497311
546823
348748
17180
283862
914957
126711
430257
494298
250628
889907
860577
724331
282117
862028
30637
248374
461103
378314
620656
728591
949535
887638
630513
240945
831714
815358
554899
307388
755777
345495
748685
323906
903059
902943
497604
30433
479187
334147
351324
412133
199688
427912
489049
218368
608634
686598
23808
796534
797417
601216
908756
669123
801960
412919
241863
330410
379908
945219
845262
897676
5740
543575
5860
245037
371807
115551
294370
878743
670457
481481
176440
47611
803731
365414
406781
945297
579455
833588
703260
235406
54424
803060
949736
535301
704123
624345
511273
158956
465869
694329
384499
645298
940102
358691
493528
433196
819273
463217
526953
751034
239495
660836
433562
259980
254538
622859
274850
201938
520032
584786
79151
788604
446732
601249
724162
321036
291703
554640
216856
876548
247508
379037
518625
829997
337154
979466
945950
617565
599177
627183
723370
340242
813048
671595
154977
119577
171069
343882
253541
120074
94415
388759
324597
708290
18375
141875
200287
321119
94558
291602
144638
774278
367477
803723
829871
44912
402484
599441
928189
191985
5077
918031
352157
477657
932192
963241
825532
929337
958689
344928
187752
465846
723311
307323
315050
597994
555664
378664
995436
130390
227928
299610
192346
927732
984213
720532
151969
362130
277975
551687
233186
239957
251773
219462
783243
52287
138191
871887
231509
282251
137041
67543
98430
769525
255407
736677
139247
739700
271199
405233
996733
420118
81404
164028
26582
895327
37948
243019
899786
80580
350408
881273
806140
19024
573682
916343
778634
58206
861908
475406
60912
979371
178448
383456
498306
953708
22309
294046
87364
71221
250988
488314
513395
854866
761648
180759
733091
476704
609018
989831
333241
569608
515164
733417
734216
919906
796284
638395
357895
721464
103111
926025
451075
171415
534175
252928
979735
886681
788003
581854
16548
322182
529225
645227
493228
258982
334024
565167
836662
450607
999086
959344
25357
465919
134453
40208
693186
679762
110669
466656
962494
952561
313055
917220
315135
415869
136057
713497
55376
683994
644990
425691
347926
52184
419042
518049
228546
780389
890304
647401
620959
298730
493546
563298
747455
841018
840126
208954
393519
166850
646230
934488
149006
521288
210856
491129
219528
578537
95411
531765
3267
292042
682396
781975
187836
279885
606390
104299
887289
684018
540587
251672
509646
18876
694901
892214
943695
607161
240909
983587
848036
550797
266524
675726
506362
916178
270966
332564
909694
599371
182099
607903
795458
694404
632986
835408
824545
680274
555287
872171
55543
584007
212983
605386
285030
466782
464238
647650
209540
629353
438144
704989
742879
586361
321700
557595
278622
412580
684200
22225
536594
847485
328487
231594
883097
894524
129775
260920
314572
898210
124090
740808
869587
97753
847025
308913
793723
881199
602968
550732
617550
688579
959370
900131
368139
166893
432127
559921
359572
562536
661357
502885
38599
337307
312143
430034
375534
507537
114161
333800
118874
353438
294637
143431
944408
265850
829352
284513
746234
42915
152796
836398
105580
376293
317765
484917
333059
889851
262316
732018
197831
249733
1634
239767
241960
692809
543018
266128
898254
29409
224652
140471
624019
553996
71393
664888
196563
442709
88689
250761
997157
859693
927031
673430
270002
958916
191141
645668
717433
575887
795661
428514
362004
49370
976476
512751
467439
771102
596842
339034
222926
357089
553807
685443
370152
368918
317466
474876
854808
203438
400599
126330
725819
769609
139034
19146
56717
950736
225164
635504
939635
770541
275284
714553
511513
301447
397262
175594
709886
416845
510642
103417
520456
281190
131373
981333
340553
219191
196256
988444
792368
324959
205528
371959
782839
846902
899069
962781
142871
808341
36939
680867
963613
581385
686547
2734
500347
980032
57305
158720
222555
215741
875917
617022
373119
793734
849897
973062
866112
299278
779931
608974
68804
338711
927896
128049
894889
814174
488515
371968
761289
37175
18874
339572
161062
190685
821192
872423
328098
250982
492983
979656
616469
249154
410036
192492
217405
297117
908136
282052
469709
874320
748581
903577
300646
161560
588266
461404
154137
477702
530550
373542
695279
758416
459752
723258
326509
554687
612459
600861
628558
703568
899178
838626
690967
36016
127622
648576
579869
197648
71248
999176
26007
609549
446361
128606
267224
265705
426482
414039
889734
129382
324579
762494
568692
371380
762024
655093
382987
54851
881610
646835
130072
894134
997354
449775
630692
503420
361607
667131
132263
934230
295393
186454
80137
56554
351734
823132
112894
643692
146543
392123
489343
283337
635901
374894
91685
767383
653504
832066
471513
318845
810311
459231
228475
33808
385695
662163
559964
616410
38667
532031
439719
425872
830739
742443
797777
581968
30531
655186
821406
79173
896856
394638
917178
692020
450328
211108
202042
655244
174702
827708
785421
932002
14734
823169
905186
826406
76503
603802
296626
853942
363139
231775
65191
555490
74993
800732
428019
737606
604158
122335
561011
790017
795618
198086
207485
111129
679646
115952
3693
721967
398213
67379
565007
710252
176041
791492
407949
780097
715799
190816
196681
491144
3520
48726
123489
993522
167510
953967
498401
968002
116458
625700
727762
699893
701422
729704
247965
140477
869672
502094
207449
999577
282463
772659
673027
896973
362616
698234
113648
970995
230177
980054
747636
862901
617171
270135
758569
796985
646116
545494
57837
756776
145016
302770
214577
439199
12051
289138
279056
601339
344161
965449
364849
695171
638254
297817
523890
296475
962965
528231
185807
623447
886158
802609
678433
245636
716847
944252
344786
831902
699339
776261
81915
213039
785053
245669
619477
257614
148086
327883
638750
96115
391706
761824
160645
293051
381742
134830
69457
769396
606407
481354
497430
621626
753574
845440
385973
946467
553957
695652
763625
721682
351787
447404
846268
232860
512778
730697
911573
130808
76169
694334
304812
507529
691018
280768
818890
910288
414371
954324
459762
378711
953421
148822
122281
985290
123415
761651
985942
907167
761606
107435
24743
21983
80046
581874
317114
297898
853974
206702
226584
456351
43097
424986
778546
141344
6509
319257
788745
41003
307795
125516
260151
456406
423979
799858
799763
916026
861625
147158
315265
75137
82395
846917
873037
740840
404915
119290
794625
471396
874696
111798
437080
854590
357988
797027
250220
102797
772506
957613
932061
504315
338449
291664
630634
780066
297767
134495
975867
905376
145589
781673
626062
976985
448853
510197
239921
124909
128052
755697
514920
792462
659620
65089
785403
555734
621844
799981
747142
799720
133207
520799
263975
174316
69577
585708
342447
743378
603789
791530
621906
183663
352837
303583
820846
160157
602852
349456
286744
556438
796951
848331
379795
266337
937548
214586
782249
291586
229803
104121
53176
213114
703887
845178
536607
640435
255552
538411
264515
676069
546025
442218
35248
957314
271792
842468
114061
521915
70725
290034
623165
169230
225065
124161
274646
648771
512042
621562
237727
968240
49210
634302
645231
565368
949213
709949
783254
348618
77525
581897
54166
888347
131182
593459
518507
647388
651024
312595
352621
401424
622818
649215
124285
905901
859673
447884
735589
31162
35917
116385
892585
315201
558681
178670
567593
151610
805346
208996
877048
791617
82292
297761
728778
400610
5916
471265
399612
255222
129120
33564
698308
562128
631581
647611
808549
153903
318718
261601
344914
313227
562308
409082
42346
119712
547774
280057
757798
143229
936348
277755
537762
861966
331249
555527
288619
635447
883534
634449
127808
925682
735086
843068
542533
378440
414551
34035
100726
627695
190211
286607
982700
571397
526579
648083
489278
340094
766111
933666
313714
698883
574022
817269
25466
626592
967965
916161
428084
241838
202503
813321
972462
58668
217637
541204
517750
630566
371875
622369
670670
298303
60006
572220
925634
757476
349318
673332
918215
118728
866589
48877
151284
619441
485408
608377
79943
378196
661698
863129
213504
752604
404445
656851
99403
842262
978802
529033
186783
296596
469942
679880
976779
333229
596025
165859
586343
818382
388177
887810
362197
261178
234623
617219
540477
554336
612352
645178
196875
926789
436987
106073
501353
84859
448841
717023
126603
36948
495611
146829
790428
209865
910974
357036
191205
213863
894761
837133
944492
695198
539641
345288
895609
266293
557435
623885
944557
494976
666369
64825
643496
182187
48947
197787
401689
310180
591427
448405
774659
400357
256399
763922
133691
85336
798224
774966
809676
597180
186122
704796
874109
383003
466292
691149
80265
367458
397283
322037
619219
404136
290685
989106
296935
7310
675927
80790
175977
632615
607800
212614
870230
66614
841988
219245
588419
655220
450931
664603
376716
86117
639564
641778
724047
539498
246519
168600
590713
947061
88264
192781
886436
145866
233205
605881
206223
289577
586598
473871
623876
914314
822828
909877
953527
934856
349650
42211
422054
199358
629786
107595
536724
673151
912798
168598
277109
918536
466195
354263
761501
607296
989801
753421
666399
648964
384281
373903
19802
503745
561075
831083
110707
156567
132385
442939
732809
595341
342401
350350
427079
979741
703922
119062
173029
566271
62501
897756
189552
844226
171199
720825
696582
381621
709360
293869
618719
687661
446455
563286
267570
337788
107502
554342
163962
548904
45532
868677
814599
837218
711564
526986
883751
51233
642872
881979
30758
622240
294592
932710
571872
72958
771260
807095
318158
313991
973877
145930
611731
129113
924539
718703
818585
747484
486841
850045
906481
694431
592587
402094
323867
134373
899059
63076
998632
965414
492965
231219
38163
986948
522713
112067
978129
102457
184132
912782
705000
789071
584917
171913
152868
188026
732192
561395
996791
743522
347559
631443
671246
414928
353865
777558
122493
237952
537888
858411
429030
357987
425455
316537
39397
312393
638665
437573
383553
76696
414784
861697
693638
739365
310263
79905
295902
936446
921312
551251
302331
528197
691487
849088
350745
810581
937159
772234
363722
321838
23987
947050
793344
240632
251874
970814
565101
17342
772748
804824
7851
727672
540591
769873
125663
797176
753706
929108
184200
743085
579327
424072
731824
844423
277094
505629
435723
116310
555783
907890
635355
225647
159442
496652
837156
995079
916503
92279
885202
296574
519212
960212
301753
21091
135017
690390
910912
406006
227813
607332
976464
76992
763891
632791
269908
353097
667576
537862
728610
389008
114525
451297
689680
385943
448179
189043
503894
920555
791060
162789
46547
901062
828253
899798
926654
783379
508832
479494
157068
52134
418718
707208
944674
756523
270670
94729
781773
425121
951057
866036
596192
42439
826057
343254
83493
983325
394887
632264
51269
739515
178057
870276
987816
972444
903275
948530
543114
586839
159590
339543
41379
634591
339240
237621
204251
200894
604552
590133
318090
854212
609980
766559
365360
543686
922650
675422
301847
975312
131041
8394
607989
344707
118210
973206
620755
178861
529452
817430
705269
778044
808697
445927
150675
32704
871742
687968
977112
588847
744808
28244
157733
731700
761413
454250
609245
887342
181069
883072
996361
267593
324075
166175
41628
576792
803851
850051
939847
18391
210075
594330
300938
651389
730569
408866
227232
779153
596519
866724
133570
652806
558717
287574
233483
220119
284942
34871
612673
99273
267567
655235
698575
152722
153447
662605
959282
345240
98857
820469
523122
529767
540260
402336
996706
669967
677969
106420
570704
712862
322593
303842
728209
990654
106090
110672
485024
692011
67068
550708
393761
811342
851886
931000
286915
658241
659987
22260
685394
113101
412068
204807
381197
894377
361724
434482
635580
795151
897079
350351
329575
305594
28964
909305
205379
118000
822917
541702
284676
94746
952557
441537
121780
559368
536227
194525
462279
139330
51077
429413
525147
39161
695053
834697
222917
632090
498641
470126
317353
455652
189075
385725
82819
834599
477849
107532
581503
123866
131935
210148
843953
429883
227768
200800
524475
215385
921057
955495
977302
708591
135545
111871
175206
404114
373388
554626
583113
830514
291768
915588
684982
847974
40622
179323
446524
970153
532126
874048
939777
274435
180148
333558
903387
843561
494460
285262
408388
217564
966490
384089
303227
564698
151556
832590
744270
136001
168878
525447
589404
710935
196895
595231
796787
339528
413255
398370
28791
820718
709710
374461
709137
139502
618922
242962
868022
138245
919121
285131
572801
14225
889914
964008
518670
807018
603722
198643
521412
911097
731521
267979
103122
938231
382500
597442
632266
938257
783363
528907
26069
526800
297421
685354
881267
647637
927141
498397
755688
740709
570244
312925
424662
149719
19872
582017
924617
328810
714809
669567
108310
724360
241277
532087
233056
98831
917037
467688
145749
886507
15947
737665
760436
585996
29557
207688
290645
914403
341979
145042
856442
751256
400774
92330
788614
339905
301679
566577
770366
672390
832570
203548
1687
585756
956912
276968
828118
782703
273149
76363
232247
304504
433675
828872
852126
735464
32252
719113
610947
975244
734863
844290
30236
841726
802430
942130
950167
816417
514240
173210
763530
155139
972575
72310
565104
930168
117575
543125
801937
457878
781564
589873
244712
716578
875145
938740
278576
825563
402583
886953
483663
577261
7742
476397
872385
694781
189160
297469
648804
28762
866765
415855
746363
889935
970639
630216
945304
122260
799121
176506
731884
483902
696615
807882
468621
129315
885574
979074
26149
267502
956755
101269
802151
537313
535196
807616
381897
793984
988428
493318
545309
881033
394443
860781
647211
496873
851960
613080
406279
537123
320138
551132
801791
21555
525429
809675
45411
716397
730210
818772
445954
669352
889154
338416
734716
426698
859237
252984
541656
898644
447319
504871
758674
825454
233703
512152
50777
685554
844102
470341
561011
719347
723806
290558
865648
744304
459214
605346
238781
306931
853720
629368
844356
711399
264324
217551
650863
395558
805828
430903
961681
65493
739986
200602
172255
574973
459082
592154
30401
265641
903055
198618
699291
899591
526950
311952
120320
852992
769160
387477
740472
395659
966102
535268
571284
574850
301691
416414
407639
749566
120943
835465
388725
312547
130917
934432
806582
706904
900539
947826
596973
430824
999268
621751
569635
579933
446518
938815
280234
166744
178063
277812
134835
943891
305633
8637
317872
932295
677332
945165
739312
556941
206884
329875
507384
870407
506605
290059
752860
889777
910682
252248
46043
786247
18967
960731
122652
957111
79723
235363
609006
787523
540079
245898
251704
676062
269823
908126
879741
382223
122149
788069
348228
413476
625489
46148
111401
289454
657349
973165
448587
829244
911048
547620
603094
524667
293185
166418
393460
139605
404993
809865
727202
484938
872769
504288
797748
618812
600532
792113
820165
910796
100455
315877
377001
967314
546069
908502
840924
518902
449005
391422
843877
99694
267379
688690
933656
800812
316799
132914
647468
760434
10155
398554
309406
616959
275291
516021
377954
796641
540645
620413
565632
580528
602134
817716
450447
996527
212642
762779
862774
575923
252241
574138
225250
322715
584593
529533
406807
455532
254450
12789
257320
375104
646508
536826
617542
734910
458011
660497
662150
100817
501585
592271
905034
570959
350875
616079
439385
534613
620486
689465
382982
427080
330346
28409
61907
76221
168622
626084
694024
316218
730829
482789
489572
844493
209295
901664
113487
597150
944201
568959
318020
785667
701054
375546
529606
952329
642547
125485
253175
667960
255152
806056
521724
909118
26290
98264
731642
711194
741127
706
39014
812597
85354
625324
276229
215494
117247
470523
878770
708597
665154
465763
96804
743658
807624
880743
392471
709420
911201
777757
393125
824925
564386
798658
959345
108105
919721
849763
629919
616294
203133
129897
398988
803705
366768
67952
162854
353562
691513
71903
311528
296553
505524
59933
136401
619374
10158
877506
142425
379472
703755
377504
444259
584743
120988
23382
303741
839072
918966
63908
427267
331073
828382
40278
59900
474026
652616
534944
262799
756933
40630
47280
398420
767029
229914
645166
498287
629570
89912
653418
991563
708578
516297
550347
906463
425235
638262
495007
679373
245459
646137
80845
936588
660579
935880
931250
753293
735412
101645
842672
110122
276422
693347
250967
735425
17438
722544
505041
908619
193186
886652
534105
372502
888813
554950
24383
509520
945340
715416
675383
668972
917598
782981
273544
274769
169508
300692
491558
733042
655201
604486
720191
240178
207960
437999
927534
616140
620266
377440
225886
35500
407279
601945
138464
321227
294282
407679
145400
717499
829576
810843
562651
784097
211722
347349
415316
946110
991906
868834
236422
496397
534414
616091
580383
160512
971773
894599
44172
466361
229242
272422
324043
985452
167314
837627
838302
49967
675325
631535
626832
903983
339645
695405
243495
231218
56326
44355
622294
20419
789611
517162
314409
629117
83526
319278
132628
209069
842168
225969
461702
307229
512381
30752
547442
162549
859911
12025
339007
831889
303083
710183
982570
384173
287037
646695
275297
892204
247552
895250
790475
758566
985778
76543
349370
612233
5977
843865
780807
413000
679527
478932
774615
46109
28590
72441
652330
234385
280462
990428
548200
704145
644033
145824
331284
767398
248182
127001
500202
423677
648745
351815
53053
345980
489124
974371
241188
787148
508735
119193
511381
410017
825595
360192
990177
566695
267444
761680
691763
647567
926543
525925
497699
926123
698824
628667
472516
449498
840916
239067
206034
402250
270036
926495
127968
607075
2722
328432
296800
320127
613232
657132
96976
986643
237148
235444
193741
459729
222899
264656
873647
996304
416103
780601
623043
812796
127266
840670
632059
947836
951436
986960
469972
206756
136956
719403
703815
207490
542823
492408
4352
24406
625582
421239
611123
128869
205738
110017
873022
212490
506396
929889
944242
642356
640582
876518
709792
90187
336261
102629
321204
19718
503689
336645
104970
563598
168349
868984
252492
846048
556407
159300
123853
827560
679178
882714
400249
465437
870345
483455
606127
766956
381624
237269
163030
878586
309114
923302
753199
960310
528021
940973
103303
479520
612486
349263
868583
565406
419575
763809
634724
466233
766695
955229
557730
19520
894721
531912
705133
611815
897496
843845
93797
126453
550119
64184
202335
265887
589543
515262
334877
153092
124941
121253
161433
340120
739107
698355
370975
928049
713419
140297
948663
519072
721890
383124
403023
15661
301200
351852
771319
301075
719466
97728
321451
543022
253445
240425
875405
862535
275498
990186
815492
345256
866213
776711
808422
922962
727633
153821
734348
414720
17105
923259
41249
782476
82611
676029
165247
496742
382736
424049
793198
7185
848509
658752
752354
450104
174074
272469
770457
210254
938334
888417
290839
454863
210061
37449
8948
481517
554048
774529
554610
96299
977948
976218
36811
122385
640078
660577
871071
877512
530029
908975
518621
77829
69426
52844
351997
569741
185520
129379
335365
640900
76539
309697
532463
257313
965342
309105
897903
469630
440984
863105
909857
67917
377426
653436
28651
798949
745815
772763
51906
663166
916285
741714
103755
969781
948504
852314
526924
47113
183255
923432
426603
319090
520184
861373
917102
373658
767009
363337
369236
909365
696012
705787
562784
453784
72031
201975
280215
345104
392732
687606
612583
962793
488956
394411
798040
141192
122715
756052
454162
145895
439293
616486
299268
620319
409855
450186
399997
751965
700417
402034
70606
393615
272956
324237
163158
182735
393482
56177
743960
430490
998784
328249
35586
704245
225828
393529
229035
63415
326252
27787
935062
187613
302829
731535
469209
699304
254016
522527
495341
955968
313468
388082
311441
364331
459584
525894
538831
957608
475203
372810
339821
627100
466149
33618
598260
498817
652269
675925
242640
996681
99773
121201
879118
843717
100756
495879
353349
456651
209234
27802
130158
692516
238159
841692
359101
959472
526451
101887
89748
534473
462118
984392
142657
111010
585751
796994
329552
646992
42701
554639
78168
632824
684572
557506
651796
557316
146383
930888
242167
129523
209651
50860
415719
514971
490012
305337
238908
491710
232024
318726
130374
96163
752593
174696
777346
436292
27372
252005
294124
954948
372145
159495
72711
195797
421808
466575
487034
359968
835474
694891
502089
175357
963758
522646
657355
175365
459158
320307
19226
960857
133503
157833
469068
705723
466727
493919
286797
458791
548121
187422
345776
460636
889214
340181
561459
17642
895177
570312
790846
419650
819251
983014
488477
563008
714764
667485
664071
790557
456715
207691
851248
664426
220318
464740
107721
30240
968383
984154
836963
133910
1645
625030
802153
985916
66836
160969
103343
426037
985093
133808
959944
467357
775385
110527
947810
463974
328585
357467
754445
851189
491100
833386
717311
976963
556113
597063
532200
876866
687515
173247
664158
615766
882032
774299
279704
488610
936624
530235
520724
172843
246446
906503
877002
69155
993943
812736
171897
357684
944882
443903
346322
787246
651546
368690
92509
427751
610468
75801
973182
191239
452231
30671
782767
248412
465695
31358
564628
481090
846803
332155
467535
803520
696075
490220
758794
680143
653820
734359
237630
133920
45354
741969
227618
471000
675369
565916
72587
516825
20245
279541
215814
898290
430920
739882
290598
396446
599442
481890
971880
319633
47446
68256
409786
995583
402438
380734
310110
885186
141049
161104
351823
269835
336914
833413
187345
821471
943891
757471
210383
987979
476348
74218
308717
80410
993312
813311
589445
968400
152851
752211
531804
385144
180442
340669
904665
188753
400526
770303
129896
634614
951646
157480
850466
243117
857850
90583
700471
301512
40052
595081
612754
968734
930532
120584
717119
503334
871229
770767
342909
84942
674950
945984
524463
726585
337349
995364
605363
921802
262516
235546
148021
416502
656878
833846
256277
55471
688976
898002
536544
3958
51463
743749
512894
565060
424822
756577
572906
925427
892707
46087
193564
246640
783943
639564
280360
865507
449149
467966
345943
65810
900629
665420
732360
148774
872867
540527
166961
199306
997565
801060
139464
756809
296308
902775
633407
891049
784108
330975
493474
229579
824030
298459
340814
415235
928090
626129
447349
955190
519830
397150
79050
62257
417930
362616
65342
482197
123498
668101
740575
174713
782085
641976
42215
821939
767413
679226
417708
545362
791073
879015
242920
562993
713475
5938
229113
548044
549157
448306
14553
268345
908233
965223
965485
138004
286925
838976
36197
433633
110069
614568
5737
893147
121034
692964
499794
643904
907393
13347
728572
736451
620505
579410
840844
577008
628993
474672
643806
186762
168389
109932
771434
679654
945145
826550
912139
985791
67919
521163
654247
174451
608784
122323
865108
32592
531137
816310
814967
376029
449343
620790
507856
297636
217856
416307
181930
200704
253062
972703
348920
980327
8430
615933
964613
781213
979286
982834
57646
443113
777564
614151
546587
757900
703733
954356
406723
494459
426218
298424
797936
154031
896629
24003
717819
372283
135746
177251
407248
196282
666173
734035
854694
930341
465823
651072
280599
484605
721901
464603
731033
171265
16668
355812
971469
649546
729241
323104
155929
362237
735966
221872
170492
896768
746038
355
998582
223697
803542
939416
69337
416697
52401
848861
986888
752440
559058
385469
473598
373384
147730
605193
332795
214933
101616
717340
724001
939219
481666
932932
926522
706196
284187
419935
934639
581200
6749
771389
242567
167663
76837
88000
401736
806853
647048
219036
851303
60381
251800
932993
67871
816504
398489
282664
240302
982604
937246
434777
938802
430898
870930
419906
553572
278061
63335
957409
437691
219142
133762
119925
526791
874450
349256
250791
781040
528086
216626
537003
479757
674139
460279
291570
526619
625005
450542
796064
640897
586430
829785
239964
277636
140273
280958
527894
876492
692580
121344
377420
931735
802930
703838
444520
475857
90527
565409
169219
652623
20726
438728
492438
144819
786780
93569
903551
608354
756643
32059
100145
848694
680084
337522
448719
913115
136908
160234
297495
899229
995918
752367
624314
877943
761882
446839
798826
671339
522176
820113
842491
60990
897793
254869
63430
777764
898259
440442
374437
907839
701103
917970
861347
160025
926009
735281
958545
236096
164320
852065
613567
450501
865599
473511
689406
180256
829630
101783
95480
886979
771960
110178
388635
30853
955630
852636
530550
529195
312585
104313
796413
369424
446591
678701
503816
445724
619783
395617
767786
59952
983379
306053
673156
328213
718040
285390
159028
490057
502293
578374
698515
189153
922531
93892
850608
201217
849002
745012
178756
781175
931052
165926
905484
677209
885933
733145
349510
865977
367649
880804
106096
844488
98736
445265
400707
579374
498183
962861
673005
277144
206706
600435
701421
88139
164413
679933
981910
310045
183906
810
75026
712437
374025
948942
512236
275143
235069
997470
958660
746733
551774
223140
226016
805671
200697
509049
651069
508005
633550
300324
504045
686879
134199
964449
767133
844246
179807
489071
291083
434883
880966
104801
151767
742048
289813
1931
809072
699544
881522
647195
684097
938062
523750
935371
514198
239827
343819
580524
412275
494802
575077
635581
798314
162447
450014
935895
215975
517818
373940
40693
849932
330566
508881
57812
3983
433802
748276
766819
832250
55577
939404
302600
142638
257341
463947
174937
258206
254182
369357
146967
373759
607916
460599
426155
951880
91520
662035
947764
382604
86158
637671
391565
527681
707975
157012
790372
48040
198412
963573
463459
812974
841108
859310
17774
521054
137684
831711
374976
597115
138911
155491
457089
935213
720193
415374
25084
149616
508666
265705
203172
719348
960231
795038
543280
877130
511932
851888
278866
860686
677884
988893
948270
337763
243725
7663
851394
934442
743863
303878
464432
855606
654973
375920
878675
573506
980613
735416
913641
725741
162649
896190
628433
124920
92213
420314
606965
312970
783368
715594
350270
465497
617904
353967
164166
652138
235938
690456
428469
58239
693642
585059
558568
188758
613186
484586
931785
640885
418466
774210
87820
157858
569303
258888
413172
47682
614311
732830
362345
527374
267300
785280
996927
359253
349660
356679
749572
376304
637666
378248
389301
324127
378855
549492
850562
412565
367134
662130
572537
520974
243540
195863
607245
973443
884704
433626
84184
1685
868192
274694
88964
846808
624892
50856
677289
91989
383228
904182
807733
319495
400526
162893
552393
735896
336933
921833
563557
178691
186119
327160
903716
683997
110033
505354
402326
962983
550444
31556
708115
436660
708691
499206
91031
1407
211282
812848
772357
293604
768579
102389
789715
710989
143843
336767
831841
552850
811586
340243
888894
202348
363880
555013
874017
978086
194467
958026
936102
851251
62518
661125
789945
121628
345773
554788
807764
689441
452929
309324
536133
239122
420208
622902
430432
672341
683808
403255
114933
573715
111865
518556
15204
527775
125411
560971
985005
310735
565110
711362
180540
161920
96670
328918
731608
700809
596852
866618
524042
152490
929059
366246
942568
265744
70425
268089
769496
714006
65577
984926
304755
918524
422126
582339
741181
13539
8038
478785
451683
487439
253515
660428
793052
9502
613581
8708
231864
920158
963490
918764
211204
550328
96547
915886
733286
827924
492110
224193
155504
233595
846769
481863
917385
273917
729687
845929
817033
640015
148905
270606
687329
662078
756915
679748
169458
220617
71488
208301
832489
85193
854201
441839
351994
420511
245546
56282
789804
728094
210029
829845
403131
118216
753926
733318
943727
575753
901470
861971
14440
594306
135705
708116
997487
959768
118755
176280
644452
259641
985512
52056
500018
190896
92327
587807
858847
765739
158595
252057
213914
785602
803153
905953
88579
586782
934604
259335
109981
419019
675130
752687
46083
684848
827285
649916
787462
692764
552462
538120
52383
996762
851223
390100
211289
177259
846124
447015
493753
879340
823637
367597
473156
697794
810210
691483
658522
118282
743427
506954
45131
164291
875685
48633
596848
675294
594322
422998
68425
505099
399434
745886
797458
349040
580758
193037
111287
994667
859887
765339
303978
780717
372075
65651
718098
394341
924486
862615
428255
749377
505920
665880
509219
505414
823213
63301
33878
118536
561111
574827
511230
320193
402357
436080
333413
17757
25331
606952
898691
272552
311225
903175
12833
470593
822977
175038
703083
744530
821904
363443
414870
662095
207639
777555
602577
495606
741012
235698
143776
783808
924690
527285
70774
18356
836138
515515
284090
828213
113312
306330
41426
47464
470711
553146
224204
422854
187088
726815
52913
474879
952925
356102
193149
938338
635791
304807
614437
147589
337391
882640
868061
953972
222882
118331
205690
996864
326798
206527
355434
502804
170978
397403
558261
533161
137491
943346
56562
928971
488898
400604
158096
752937
649888
656265
257464
38138
884523
636855
709783
398587
824461
147419
766656
635209
667505
647115
514137
850917
729165
713919
825648
325056
967066
861743
151479
7032
805415
262774
692747
598883
839060
563057
228374
834845
835715
822835
201365
520249
801382
85779
931918
491499
883353
639150
93591
390526
991513
933343
498244
701369
167152
163779
83041
743133
138300
702570
939585
289326
45491
890145
794707
109168
482113
757001
75282
437985
945049
977261
18927
508113
127082
272523
495454
830833
131818
922261
709986
563623
365009
720146
380873
919377
348146
423882
528793
845854
939495
199842
222903
727534
805387
219449
77895
522687
262172
265382
478163
948903
150379
17958
541822
620156
954812
413787
196593
305220
299210
46110
269856
783043
637759
518575
110825
738791
903450
613902
107296
278525
648256
870330
821400
236309
278491
25339
813447
94967
750171
393945
490740
495757
16026
502631
257317
934181
496590
883741
95822
926520
631633
277774
801420
820113
6730
343370
30216
283180
260563
811343
661774
236103
319361
395747
35163
592575
630787
47141
329220
462575
283974
569521
560957
636060
897870
759926
905424
147449
467410
644242
91570
497802
566860
395793
236174
535795
554626
566753
382771
761700
913255
676211
412269
958479
764610
404739
921737
657733
903871
161624
665562
190888
236395
420123
452143
36627
148295
675433
828923
765428
50587
502546
843809
106658
349125
386865
252399
984594
518376
878126
702371
963805
713122
860453
134284
501554
746576
845025
740520
628910
78173
99622
915177
142541
33577
813636
246882
729119
826927
815777
957015
35562
22294
200437
401122
433242
805776
270186
425958
217204
577392
678103
399454
56018
198484
369596
14762
91207
36612
430271
770735
540225
159004
35058
774255
904699
425062
345738
431443
670422
922551
201570
122152
576886
476096
386209
331236
710551
85232
548290
86048
508426
428032
879905
665875
967097
835069
643780
764408
702895
93513
467086
51209
651053
813532
715702
466019
392522
945443
519922
521545
502664
291565
640641
418167
805990
70244
826326
437695
183992
928691
813140
681726
872443
432082
810191
144740
348168
20258
85596
466851
833749
470111
778993
918776
5233
917517
148959
908773
35460
413879
911246
397779
364429
418767
103078
849555
866923
948284
429747
840354
413933
786347
151433
638579
117463
125526
922158
803543
223078
220829
828142
75900
935775
340552
282124
853710
646216
177512
269599
663648
769956
521933
197311
711080
137939
33251
635209
865588
599940
171239
123152
405792
243872
705260
670801
673013
806574
773408
784981
582975
441979
284419
842163
264899
928852
721306
831408
870180
451790
430332
386920
763069
643107
376197
994206
421435
220626
68794
720652
332472
920388
77641
315504
799026
797980
470691
905200
658208
610677
99891
249090
147292
905517
567870
479850
791270
148447
434957
208089
574808
405040
296999
113803
309430
154464
588153
938482
393496
286119
347912
194228
610057
515501
603186
351752
720020
486016
694864
470650
11439
562804
562598
256403
221896
543551
393968
389914
956666
248314
700665
276847
339764
469859
704334
268160
209139
214934
398717
234743
255146
640439
924305
246346
381881
497043
4413
898464
864956
489687
695772
788933
369921
787164
181196
342136
955182
982879
232562
125584
994774
156029
897016
320525
674875
298248
482465
22795
343829
519036
98292
494063
207058
782415
930129
97243
547001
990253
259910
600442
265716
894540
403616
369310
575631
932219
180281
51512
135296
845116
526474
489069
659675
588063
163804
902251
624037
771382
594514
780621
60813
88786
604985
565022
343445
279630
697972
367541
974980
921105
964468
595826
690060
286796
729984
545149
74781
264459
38646
474277
57367
707311
300264
682921
917552
808058
53819
465586
893694
92655
806448
353927
529609
957614
764007
51874
55642
511966
182299
151096
401434
696329
846706
748298
43754
872235
306333
936488
622256
236546
308256
895621
42073
106676
171556
105002
133008
32576
328082
123037
724441
356178
692226
116536
985858
424456
247475
848498
151996
697118
911746
192493
311862
154223
702891
966856
844441
555808
227869
585984
879029
291301
116240
993351
72130
315534
750718
802245
20484
971741
791077
600115
142870
859738
173359
778576
873791
62873
476475
181278
5593
329531
68963
120998
628086
619335
457344
491466
175928
426856
408182
763252
153351
433181
285909
875310
616963
440199
140402
249183
617987
879143
24375
121691
490833
426925
797450
615316
593042
741889
501877
516274
734559
979992
794226
373386
969684
521438
232563
541712
746089
780344
979491
679742
523747
250565
799953
889026
746721
932921
571599
408137
902529
911018
784074
171892
460176
869556
770019
101711
762248
792799
204236
246342
771867
518480
571374
317652
228649
210653
855036
207046
864857
103977
963441
268293
591547
379025
402143
18000
346149
754137
634064
51538
347314
959240
68691
195779
913775
172011
466147
117127
266780
964399
986352
988623
25735
333827
514099
63275
661896
648706
110846
291
385477
169903
382866
566930
582118
411263
98464
729724
679576
226017
366880
641702
759557
667288
195586
118494
240305
885719
647275
192030
22809
317334
993638
47047
321349
886548
169168
126016
143447
401795
429949
618678
697053
747627
116994
977305
154222
921237
258441
992562
380397
188419
385644
625816
926338
627347
988018
290698
801451
353646
449804
136825
800290
150029
865604
820859
76813
976043
353334
677372
252871
817346
823584
885660
839386
538445
782159
195679
660093
568390
512936
38383
384568
952543
155203
262934
737313
330582
777471
344550
730727
263795
57245
334055
253567
824799
918962
558870
476235
2887
134692
307265
499713
516610
207429
151902
14647
341919
566605
569539
359477
54382
186272
1336
675417
319934
121384
597650
427834
535701
546224
86018
187312
148686
756581
158081
612463
78410
377052
322865
184356
826061
379836
408976
186719
969410
904785
834943
878826
981832
658801
997600
592932
469808
267199
838359
544331
984391
529748
378788
567330
978280
829329
545280
808582
842413
619351
784599
410981
152702
161777
217007
761013
533861
629374
647063
841366
851564
17220
596594
104161
224403
235300
984213
371182
872666
8779
731792
347482
155597
798844
343112
855875
993861
966605
204848
776094
271146
386625
315073
268101
271813
717800
967648
41277
413889
589859
622944
244210
727919
733946
840613
8048
309673
355054
932101
345355
660142
515623
493744
260519
933609
768495
265206
713228
6092
638844
839867
797050
341386
475940
524848
598288
335956
386108
349094
655303
965629
923702
340498
254016
615395
851188
422513
969409
35112
931312
97751
616745
619329
169898
769673
722071
993059
929264
254147
343634
931895
413151
169159
832976
586950
151634
122595
414054
74342
929925
244487
836236
362873
322466
580781
732078
826633
711686
985542
644257
598034
199753
219088
992789
556922
342401
794378
468213
762746
317259
733500
561783
761602
193867
383173
741576
798422
961015
371520
609197
808241
59347
137173
12446
492034
71733
811999
102567
622300
809575
507538
901429
465844
864492
804561
911880
977071
433489
609528
506968
344265
337950
30815
746792
264
829093
535164
832708
259294
387353
20162
131602
157201
488505
185954
262418
710949
518099
322978
270181
303954
974877
476073
20100
146489
641564
439159
704283
978581
239877
717653
905635
270403
540302
664042
472202
121001
487661
777795
17077
447099
323859
474858
675730
531179
106112
640974
604037
368038
184763
753122
15128
438569
148566
233812
180036
67904
729060
908882
800500
391199
689790
978622
906664
58514
223055
876676
2112
136922
596136
109069
206207
824328
456147
593803
574007
540673
265755
664802
196505
350750
129586
393773
781046
756050
175776
519
107437
558834
784960
482831
893867
837454
845615
710469
169971
193783
422184
12703
86305
15341
611644
502454
57662
637919
809556
794508
224389
321985
610921
366969
606751
52829
488723
282594
416635
539033
987031
499674
259328
797116
897218
266728
92197
44338
340779
177336
220205
387293
940255
396192
105097
389921
183269
89766
50943
454889
857281
93345
473041
10345
572219
146922
666935
910540
864672
750952
910333
52539
745388
316108
259563
529803
168907
180926
969093
597508
873072
90752
687915
995179
573107
879519
269654
608081
655628
507964
831614
213681
904390
775115
956988
527568
285038
67294
985401
218387
290619
112018
808993
465458
789231
969797
669854
607659
468495
261771
272152
713384
48260
462331
872047
400385
750465
283571
436346
888403
293436
445158
814241
730372
187572
433791
306345
117721
55710
478341
725564
845970
950786
290261
932554
584474
856227
735898
80133
246218
505483
71869
710430
728387
496764
733585
147143
144579
391671
500331
253440
67450
26470
516537
644276
390510
780358
769870
818061
571474
419166
318837
550817
56076
223809
981891
666325
311521
689637
160675
362076
291859
669267
789774
808330
990003
933311
943588
194058
960664
593394
606204
451367
373228
767763
570321
635423
281517
648864
890299
271905
755399
639673
23445
438626
530087
890612
214421
719482
891494
962760
133181
627679
339407
439273
662039
54731
141513
28411
231162
645159
24478
968696
345632
167274
367814
977605
906247
45675
667875
492527
383317
774665
987748
251127
706312
789128
836706
571511
928627
176541
390220
155744
471055
525809
18385
201756
485426
428276
462042
349020
339253
231540
344304
242325
228020
491767
245684
260669
998132
786385
865103
982640
139633
210239
253691
122188
442330
399469
502198
652855
762947
798971
984647
144495
560145
346962
147464
873615
362957
900528
719203
274681
800458
975988
591578
773005
841340
594451
778446
213532
298781
513547
890313
151674
812878
781180
300562
649664
832584
793466
477277
265257
152690
37011
224953
140119
1961
630268
295911
392608
439007
691384
877166
671330
900208
688976
595417
431507
253789
963065
48390
660694
973729
106272
399697
388631
122225
167609
637369
520653
901926
444947
8012
809993
43963
130368
172770
458185
813346
663558
562710
272011
517654
380911
745163
390839
944810
386525
449841
401526
404807
737523
682969
39701
459037
647630
589455
908973
694971
694285
205811
693030
913938
593725
867434
356387
737603
921997
959156
268586
320003
646100
741675
647937
484528
770232
118049
668643
240155
853404
844900
195007
549602
609344
717091
901552
446578
333019
522575
357582
992334
253528
709866
405193
291484
845751
965267
479431
29581
305802
523035
419666
553926
527404
523307
95134
807501
651574
827771
879896
22497
808569
542137
611953
758385
231032
102911
193829
760068
252351
536183
197112
977094
104387
684413
375773
183419
712990
3058
270635
903671
923636
52592
992018
727242
725853
664153
259597
661974
327389
907902
593277
457820
360415
834508
856303
32308
489545
753606
76625
191196
882354
67509
563151
301103
466879
241341
240638
460804
883249
344546
506552
894564
823023
51361
442872
600926
705494
554990
281014
789762
93227
377579
99215
83807
673844
874292
695513
837326
800364
965775
7161
584636
930352
789232
687108
837822
976534
386751
47639
553114
929232
157465
443835
697639
847407
911314
781895
181865
296269
214985
17320
358820
235278
519265
836579
30788
637605
804726
841791
350271
552107
840883
823528
888975
637084
513838
22034
407023
930408
564039
478029
810471
746600
846362
552451
423238
799193
696730
440202
350537
170780
192359
703532
749604
582465
532641
710820
379076
805419
192640
67888
54109
570332
92026
158091
196008
6825
680293
461891
208623
986989
405765
567628
362659
769404
149559
635811
998632
731543
940092
69557
6601
36919
155641
592225
595976
219721
896763
116675
35780
265272
442921
979436
245515
255627
184252
909640
508482
846470
286431
856760
530691
137643
268726
139586
861381
684395
534225
748628
692218
268255
978770
463365
202164
248454
249703
247295
694907
376541
865054
371881
520171
196015
841572
403357
752671
652892
107093
465789
741991
828633
315530
413257
121442
3079
757383
366661
256322
506770
299974
952119
10821
570107
986139
404269
845407
901212
465114
608234
891293
982029
923973
381123
565142
642220
642254
706408
989879
81880
322439
102953
288989
122999
275423
681399
312624
119366
809951
176250
702072
2716
564712
799651
978603
856478
879590
202577
506579
768188
680013
950649
808246
167133
439234
513878
591890
401903
34693
772557
179595
118339
87410
26316
698778
197065
834745
982018
747413
801626
308932
651031
677195
938364
602097
691244
561850
46753
274728
706365
578615
505676
832238
707619
971664
991424
137954
143382
86756
502093
109633
112924
59948
342119
303848
366945
881540
848713
61693
679661
572430
938813
295752
121746
828230
122934
475846
982323
314577
298313
258360
898610
450526
993545
30637
41259
91554
720351
880973
473442
559211
155877
532040
572994
182649
863742
427027
245794
636552
716052
677138
815051
338275
648922
86085
397108
846633
879298
370058
585224
117462
638144
899843
581243
829766
25959
44387
583498
807935
155942
232912
682762
559677
227865
878188
217099
745748
659863
494711
76654
421262
396182
391189
884077
18346
307253
372605
425681
190461
349189
875841
737090
158496
180216
223
691295
994752
45786
441702
568919
620884
479092
901786
370089
633587
267492
325104
914792
295599
315382
410927
829396
826995
617664
425348
868628
832668
955138
575995
978531
371644
563453
831336
180511
747747
595092
65001
898294
97770
260888
603236
16374
363348
769612
558957
389496
537845
54547
305973
865098
868254
777588
425591
546694
713711
716210
813497
35316
913995
762062
729644
195747
700106
252816
770809
341574
995751
841306
660419
736015
431393
80539
231789
836074
658438
481096
215035
890415
526073
529707
567370
290430
381525
668572
490735
301694
888363
15102
919034
473372
786784
27889
291739
483461
422479
111886
108844
577988
763706
938407
959317
494481
816607
98517
98830
305678
392439
972605
199017
347315
247011
974355
26694
127202
849287
750916
509813
153952
911903
404265
227861
840914
544216
971838
294163
266133
716056
753382
998948
988360
605632
421279
854879
473813
542397
588526
767451
939140
581465
230561
674654
64859
28411
318469
113017
297230
5744
717468
418494
865488
861290
578754
210301
533361
430177
972394
143903
495625
310561
795798
814060
359637
312662
549211
35666
465520
528735
118772
198869
661947
479538
973655
134554
558376
462085
964813
223935
533919
952456
542285
270380
872788
458195
941974
866283
971680
36965
576953
777120
421642
920986
923898
104635
961054
83278
300953
695728
800829
965250
478026
259321
603319
827156
30842
646206
36555
259786
484058
445372
325878
21907
938189
954369
340255
579720
371936
792919
267687
895623
161601
546401
61305
593361
891369
739012
871075
364160
128549
548189
600635
912662
426131
750733
9027
436676
527878
322541
158869
798016
305438
589324
632158
167207
163964
524037
282910
750528
921171
185239
357860
295378
832917
940917
209670
953086
27751
763106
521196
430104
88901
123281
574279
578487
121910
285143
68548
466077
653081
139175
164140
272116
68521
39094
663350
431753
691452
499906
811234
382374
179716
837395
511315
908973
990481
921757
195064
991840
981225
4816
340228
326793
496840
241197
661699
868940
339654
206989
262210
266642
577106
960908
175491
627607
149868
312029
927379
112070
561886
79362
576673
681012
741480
367397
539917
869143
407001
708661
820048
637218
12670
476767
90222
641165
596913
319387
633358
119842
851273
34514
847304
724242
1105
34148
876096
920120
529665
550371
976569
954853
481741
600458
100641
539377
213167
40159
279329
544728
654544
479018
460100
609036
790781
79818
782703
798246
466223
560465
534704
510592
860968
657252
314107
646370
242157
889697
211807
586343
830461
879028
116663
539606
513839
364412
958224
837141
76763
326824
395628
83055
551701
869766
763722
865575
142166
391834
641174
292574
557682
46904
918927
438228
805224
397398
293209
285749
154589
667802
279126
949315
717128
749042
624764
129331
191460
789129
270658
721366
108227
242853
89011
445958
391120
252240
899761
721087
749435
732560
536837
996244
188067
593252
178150
396509
347401
614161
905544
727060
710249
859805
282756
636778
517187
491396
949647
794016
527827
686774
519381
459636
372149
620171
324049
997278
122520
140429
452811
168062
460987
602377
806331
636043
761448
913470
876514
824294
783101
833588
26001
599579
488931
550869
583940
740193
769224
76335
908681
240627
745500
891039
401738
558721
938408
136792
987384
15237
479675
46803
362193
470585
589496
254699
801601
652699
394205
609037
921800
135520
991572
881927
659416
83960
599639
646136
668414
546660
27897
530828
927322
837854
422794
684425
618265
178174
424275
133797
382066
684350
440060
769826
820193
914350
688703
976445
875252
84587
365385
797451
920657
994135
506305
576671
207337
455431
540617
191025
938733
857004
275849
720578
611067
205239
852943
575464
863580
41962
182097
484730
850769
476406
704606
945922
930201
134624
303855
946748
650163
910258
215633
316747
35665
108366
257323
767470
208553
897846
38854
33065
264976
517703
248767
574254
803542
232895
695762
740196
788326
636016
165684
137954
735814
857086
714941
121365
674128
419602
529928
86276
915390
420650
885427
608762
233067
900364
445433
779487
354228
950254
501214
543027
396005
966799
287865
521514
839016
489673
828638
543543
927462
814402
576025
332729
540792
580193
755981
277589
633386
927337
470332
291464
742267
206457
328750
54749
811143
806754
499857
304964
573027
672641
770782
357738
401159
248968
928587
727311
78871
768484
765634
777325
748178
200195
600366
563798
604501
3437
641376
2424
465454
424366
18009
75122
29866
372780
852398
501427
409094
465803
533552
486492
976131
361300
671706
281133
797815
681547
376717
997623
406976
659268
955945
450662
392910
301152
405879
184894
252233
696594
166435
718962
861376
636609
872847
792372
202207
368864
258252
794989
295939
768245
227572
103807
915829
619187
415412
688018
424056
437679
908166
338643
443662
767784
483785
842128
344770
343770
236892
110948
433081
251935
866014
56410
374605
930676
656849
154177
260010
274583
887716
280054
957977
650656
650945
287477
910143
334606
503877
387326
707083
88775
863870
170030
969503
786353
16110
767538
9236
949351
292133
833758
329911
578991
195097
55745
448553
371895
882409
857043
658440
980608
572268
118755
582384
768213
343015
306045
43262
80999
306821
959857
569063
685978
548035
720761
492159
859154
395516
836148
202717
33441
694709
844570
211055
445164
943325
630087
144249
526659
727470
59910
120232
168317
534793
848993
213668
409423
232950
180884
271268
411526
820280
669649
542091
523789
93553
605216
641397
934221
232920
174156
833152
455294
698484
620867
1196
958085
523499
629342
416485
527812
707342
620626
230102
454057
841229
357718
282150
654912
596220
838964
47883
247953
552694
386674
559588
54899
504340
14270
876820
468919
457440
162822
302180
262368
555360
971934
426890
521420
60324
513869
639196
669596
234290
634412
554803
960646
700918
750208
138226
505577
846979
355833
648401
85129
977599
998011
835176
457382
750623
409584
392090
767887
897059
837818
276083
547090
974506
788018
430123
32044
876475
417160
641167
15936
840117
278333
733048
524426
378340
141891
750470
889971
373996
782351
516057
526978
188000
941573
672497
978882
213736
113776
893133
654034
803264
525857
72719
140405
161571
57924
277903
166214
195325
587116
859025
935202
877076
829982
702382
497773
495659
866447
890674
781535
628363
45227
926986
571761
253200
333043
230759
142259
490295
991197
14861
367147
620632
941526
104981
157688
727462
100128
282689
810557
859574
507728
511932
4685
592915
16509
686558
735609
295151
40538
178940
969769
572746
322966
107161
250066
937069
637219
42385
506605
742851
856468
375893
974097
460106
806407
31603
602434
863078
504157
315986
124755
802117
554326
246709
585665
194322
466465
146997
903975
306675
426437
286112
477591
725762
442917
396148
406581
105688
242433
328164
441326
529503
620278
887203
805780
64566
514257
361612
547703
938346
494558
631329
771097
347622
243656
253348
361565
602318
122887
584503
217016
824609
273663
660784
165046
643819
110589
436001
58285
128981
869207
573862
830024
390452
669062
477597
692812
830649
731997
665079
664587
612520
589725
368198
519688
25713
73952
942726
749878
886091
530325
343786
589905
790201
136396
836312
415721
105488
863134
666228
67814
819863
257633
135820
899354
246255
681330
429301
249559
11697
119082
384691
338508
793109
525183
530274
838038
873950
351231
68631
171432
992140
299356
172437
77489
215795
305730
888419
848359
510398
973609
59018
800746
882563
722177
400412
157975
400259
250294
331947
970768
174620
793321
245384
397789
612838
109314
134399
246336
636098
552962
261900
205906
589113
321767
717415
557646
68125
220375
521216
461826
549721
657217
789309
468852
434556
542767
179429
736333
967664
350933
595117
613873
258187
186021
637429
521537
877129
809702
49852
859278
4255
216705
585119
972341
414111
256111
819895
848672
501039
948079
96043
721477
84028
584636
621401
843392
558446
489937
97288
321474
712380
343284
197697
957
748939
287369
862494
917760
801651
553670
701173
408645
453223
918565
853540
923111
287393
104350
362650
606893
664387
664541
649453
230370
847337
1253
99883
117133
292844
374875
214639
833204
87715
921366
575175
379017
824693
974363
426293
663673
94308
412012
713708
781322
116280
526529
906049
334898
670731
775841
646150
895432
490799
11968
413898
624946
927385
785353
899134
748271
484772
57156
95787
818202
256677
971671
255767
319221
959332
623626
591702
961906
847403
137765
396176
438873
105689
447515
581849
426315
643131
471993
39280
443951
242775
135689
453587
514092
811076
890422
297519
825681
425486
195951
921022
169799
694351
365517
11056
385058
402990
858886
308031
429463
620928
232229
393333
781879
819432
30019
858132
280910
470443
968627
796252
932745
890231
140707
455119
229842
692971
888707
810665
811326
923164
290585
171683
947544
40724
551578
819570
868080
359359
977915
128921
876051
462253
601607
354943
535989
848038
199962
428348
76172
456561
812710
904461
165667
106222
767950
873461
894362
616355
615669
332097
85520
770667
319965
632060
194756
433637
336962
990833
168745
39738
552962
297555
483156
250811
307389
784608
320735
317428
784512
599800
947418
431564
352676
96570
368481
251742
345544
962614
558834
462197
441247
458264
449230
600805
869417
997280
799618
648221
426707
364927
584315
123689
909055
980155
464219
846281
693467
479976
49004
277895
318539
100410
520965
164297
175600
721515
272764
53635
406963
210114
355647
125971
517250
120389
846450
895962
995512
74429
277981
908467
693005
443112
449559
756839
742340
888630
598660
292332
118226
934536
601252
845571
150490
684333
447011
543349
820319
348013
599846
358039
988431
481244
230570
516655
308131
403887
63161
463362
867651
398439
818409
61338
344708
534075
970381
145588
616309
555093
582097
762306
481667
375502
89099
949847
964924
515378
364415
463286
141281
81161
504317
918413
471694
344599
752269
620093
562122
498018
709272
274395
56543
378448
838915
403472
129525
871223
233652
56255
138115
271864
467785
212107
284134
418305
94696
52696
816868
205108
872225
311478
86906
698525
195118
968586
407998
578146
55671
407644
827988
308595
136786
351881
11486
278098
779562
167081
741798
986192
542253
303466
441239
158104
724013
423438
234340
348721
733917
945915
599036
128347
186842
953608
397330
921519
424376
164261
414512
366897
958318
878729
141503
876297
390941
780680
253740
884697
688525
432816
314218
347372
255870
668733
546771
44721
436095
750240
82883
207212
696059
155659
229032
280909
50636
970997
26557
3111
868682
860944
411721
548248
695180
645275
245804
553996
105945
27948
496270
808499
309557
167118
51940
937007
224867
606803
718517
938829
650399
965864
310285
128880
589658
501529
811980
25130
425426
74515
203744
410958
937574
686887
476767
703473
94691
40039
787335
928199
43059
820944
344245
473421
693737
612844
65965
357928
402834
814614
668053
409154
50692
768365
415421
355485
598667
750519
716522
899176
737996
690713
761558
443643
137498
677702
976318
980287
257992
629045
952419
172231
960152
202259
892872
675535
772611
661279
531494
714539
799402
51529
101677
947865
98340
173541
969523
557685
89342
3893
981154
766999
928827
407741
92388
420764
387223
307731
997826
757665
198283
684384
34489
284430
412088
880733
529502
921990
479097
290019
535249
168129
545182
920499
291632
411732
237548
946517
932145
75297
420492
667466
249208
107562
646809
31874
414860
715903
546794
380598
788182
222087
150798
978675
273489
824208
831833
337179
307829
988846
387643
506036
456965
611544
807760
990258
140816
636242
896829
799339
311744
272740
225117
463570
662523
456784
292983
756078
362940
86206
523291
755541
342645
562520
867021
358526
672462
979496
176588
470590
329873
850194
730351
638080
900742
858917
250173
599512
969985
312278
15406
941354
594174
383252
598275
15084
2529
770795
535583
705381
529378
316280
261533
226583
2579
106067
609090
299447
476000
356637
533785
812785
255275
895747
38350
64325
895652
233277
326831
9697
617326
137386
708425
716551
481982
575999
697793
139503
457424
224356
873492
236437
95986
962816
895728
36077
474524
186062
475977
106909
277659
834124
876800
488722
910095
803003
430904
579237
594896
62227
890945
603569
964331
926357
930442
750196
11074
515046
989538
720360
28143
885910
843825
221988
424200
318841
383737
268801
754718
705064
178141
809596
892060
948605
758571
856090
487244
681823
364805
67766
554139
607664
791342
847869
654836
868831
235197
68220
185274
471692
951767
613345
44935
608051
806793
694491
538354
76889
456832
530300
492035
883984
214641
520339
275094
161736
268818
877155
736186
678788
646023
850795
907804
248263
708787
664318
735209
886577
132783
159136
26964
309161
234433
321382
387536
270362
136604
943900
937062
325176
25195
81154
71524
325867
24692
874225
517383
770752
442237
744084
157540
264927
111072
710511
575622
171150
473829
683987
111768
821320
17132
717158
293895
152948
639097
808865
979860
655327
162089
311236
637255
67805
105316
311714
407830
936679
650635
530853
788962
201162
981095
882371
406816
339670
158610
158964
179701
838495
346883
776453
287370
40718
411162
362118
421624
584489
887767
150335
892644
579082
138531
583451
198163
193592
478290
213285
762858
865615
641814
985084
612689
718012
131880
578183
117399
748550
318798
812641
699888
84451
120150
697777
519755
965316
776945
807580
272234
454542
53256
913393
232396
263826
426891
859131
443911
227482
231897
856232
685975
10269
203333
265713
843216
950267
366408
179800
621980
679631
10896
175069
792329
338135
138099
830238
544107
45722
790056
439468
563074
994062
637353
657036
126412
691914
89895
665630
583385
721809
140267
283288
324783
28100
607825
131860
554409
9524
491971
784998
963708
361652
482594
466760
271050
999708
476137
414259
940422
779132
937164
148028
711957
460506
138708
116137
452086
948314
29586
190924
618492
609095
319821
9245
974822
687671
305921
866917
127346
610432
927934
900615
661161
338022
487565
326763
855868
436337
776630
418836
914590
973045
923265
838336
494628
14611
6736
964885
30480
814754
314879
683880
479854
989805
289600
90735
981501
988262
493072
148690
735156
565848
44180
160366
364590
71236
517752
469926
927871
529127
918668
809946
509718
830839
489542
438030
731708
857505
729855
127402
882559
371553
317364
838764
878901
457536
782495
413356
815656
134879
339283
166682
962210
84171
214871
991016
226351
503589
776994
875468
107793
242695
760798
65007
209380
556087
163323
151248
237879
255478
171791
423884
976221
486676
184544
604993
998443
954606
598318
206975
18303
387960
191594
67239
822401
915968
613933
759533
809555
322982
250737
104715
2932
74461
871900
922140
237826
938736
826607
355474
135702
885472
601017
716922
334985
419437
37553
800166
234285
764595
86367
982526
813229
458272
19449
457030
263363
729376
282932
677625
608234
445310
430415
34130
521347
882394
605005
509890
61127
196298
121126
977393
223607
552971
431171
342623
339308
6349
493475
376873
222459
958320
730247
195067
485962
204563
638643
950870
283775
424231
103661
465717
230139
320872
491640
771611
874534
360153
374197
908627
847746
623971
525604
877335
435524
14499
895333
530880
522198
73945
422604
857202
750853
990310
960992
53209
955983
593408
679557
384798
795297
522853
662032
640182
695221
667997
686075
605643
706066
954206
189439
12212
882295
219266
844836
969370
458545
190980
257378
254755
565750
898637
892015
381891
511564
778667
293389
296809
519893
160781
764100
590757
327484
457124
16362
995469
572446
943856
278833
470469
18147
100111
36376
36331
655755
126866
7227
16356
283822
822700
56501
266201
118163
521913
292604
488966
238215
837505
778806
14928
646197
77390
4805
490467
382440
502818
887358
228055
490463
791691
519443
782859
363872
532898
633452
295360
832175
753524
704334
665413
726503
45977
379613
724920
870308
214405
809388
759330
288590
87146
707252
749202
406410
644982
961314
420578
543434
204141
967333
373266
123248
594758
192520
863229
312503
148340
56156
669935
365035
54889
669431
547091
90229
581934
866697
205664
879739
934955
72224
309807
668408
353145
97541
334559
884317
916305
388447
889804
390533
322792
851185
375689
18297
277445
626520
934181
359169
473561
327293
167643
411697
735085
298938
466120
165990
846275
837346
991515
952187
684626
32514
361668
65917
376073
448384
307629
502017
617311
730438
80556
751256
405510
563234
415606
146322
391048
685551
150197
230020
46756
239557
348174
242389
160413
470083
952078
238320
99627
528817
787372
835391
420446
202871
933216
548304
726298
414195
146875
474597
633168
816927
648859
537943
991836
83839
963591
820149
993016
583800
512002
736791
452493
286537
965068
500362
995520
546161
353700
939496
923216
452544
99659
86167
859837
189336
850478
399260
2142
617784
134094
327751
547005
840531
653092
445420
872801
228081
224633
379355
621688
375401
793957
836782
758078
261103
428254
842398
609880
622418
686991
990073
432882
273917
210131
15004
257311
561509
484091
595165
795039
543163
52165
980907
714458
105908
350464
387184
66067
574493
437509
754014
911864
610763
93683
266148
60114
276557
527810
967593
151441
307081
736768
548043
146016
991523
349621
148352
874754
506755
456755
421354
579343
566421
261042
60116
307469
233609
232417
868967
898097
827490
882761
444098
214271
468245
882621
668058
311772
737110
761405
464492
95100
437262
4204
247558
214076
169069
783085
447092
935147
152356
192467
215257
635498
434955
878686
9746
632147
512712
863717
552290
160648
556975
460138
596015
88261
78589
241505
496100
660573
70531
157319
975915
768651
386533
655937
688465
729387
271694
255118
40813
932374
702771
646784
946697
690278
172224
301962
413241
425454
601530
590963
670306
134783
979364
669463
111253
666060
198732
680617
935892
774686
310885
635944
377487
121923
760955
721836
249071
410865
142328
489825
133536
785543
713047
435165
246924
231191
694384
766111
729233
717649
175856
653374
630728
629760
182444
27738
76361
354829
881632
42458
666997
262530
551560
6091
497358
370293
284477
372704
148885
86661
837333
298488
838756
506461
941435
246447
559713
994231
189835
329216
425905
535309
661567
871506
556298
197639
727912
270650
665188
767093
324012
896898
967121
41710
953919
562810
784821
518357
595898
783295
979036
643039
770098
637360
382799
530280
582089
965552
736794
532466
398097
11523
849668
958921
666345
270722
126266
987084
481524
933102
899569
463746
762002
433743
900513
44362
25342
553946
35487
767366
128499
25196
507131
257905
892434
786850
552953
710708
80028
426176
519724
843936
841284
144239
200806
195146
499566
178925
230142
213019
197102
640276
429641
824564
70281
974452
540555
171855
434862
955485
119886
455640
921108
674965
946419
540893
651681
484253
33370
332033
807659
825613
930865
669296
643192
489462
917825
214306
718315
535095
786907
973717
884680
97023
65872
298337
250783
240573
963436
50912
388723
731975
759018
891310
149302
983718
412575
703811
503448
918614
996156
927789
535817
297983
818846
702353
752020
460641
716110
42773
432042
923037
640014
891620
828423
434353
137309
22877
740092
233145
639842
180499
69092
714195
697032
277310
560913
791378
115149
880267
496784
130287
981838
156093
916254
500362
393741
27261
249168
79829
477717
127919
523012
484081
169412
344692
490179
224253
779711
394888
993687
403041
477155
837404
702067
541476
579846
278473
39358
567617
257686
792173
873007
814294
255318
471466
217099
223631
240301
966085
434916
535308
735317
621238
357778
542833
645237
520646
916088
51435
609272
397254
176612
675170
366528
837838
391467
832528
83383
99922
935706
356326
696362
211127
945905
758840
179397
984273
25969
435279
462762
253912
968638
859999
529111
147703
61060
955558
610964
568094
120685
243285
319986
204880
714409
34654
229644
309298
391811
643382
128703
212414
606312
438652
782489
790216
368599
417809
829493
991053
217129
792102
515268
545989
378391
843633
169245
501923
714825
895678
633443
154994
159694
478293
744513
333435
350871
232557
724717
780729
151448
205866
268785
694985
381404
995398
170333
469779
708033
885924
359330
652663
648348
918154
244264
982679
229362
327586
96819
476052
567436
671410
569493
661973
791494
52301
834461
519797
768990
94638
204199
352506
261545
737596
77143
840096
113160
968421
657916
481869
514043
732919
576264
59804
193199
500009
675630
946066
685555
506675
857547
914339
189701
968912
821491
851244
23034
395779
217274
97565
852962
249113
721422
719898
444428
18862
168197
519584
259906
734503
968757
393510
150201
642008
967573
808796
334102
955423
191819
885257
640710
407433
830327
938563
586346
95617
878012
818461
311835
968729
694747
929353
731668
85891
846303
491000
291171
110886
144685
946053
227615
761425
10398
279234
148609
365999
245343
816341
51748
241941
741959
922727
533169
401392
226709
411624
785611
752220
328940
992935
71861
593600
125512
980106
584859
25359
305946
458006
851711
914198
327370
341494
369719
321637
992563
614897
56331
453026
641131
927990
280969
849762
219571
835119
854025
369693
31899
755313
541509
758660
542606
32719
614293
338265
498231
364235
604474
739893
454745
329949
15366
138105
835341
402714
794889
369845
270408
388960
362989
100771
649216
340383
502365
673637
7761
458498
24561
211135
415643
184370
528136
518604
279704
551292
700465
594307
70319
814727
643545
295152
658456
106140
225462
612641
272681
284668
183400
254924
625515
839171
842126
653876
425202
487863
374676
324167
692720
193066
217051
238008
814421
283698
462600
485570
801074
689162
390068
265934
106632
195050
409448
373097
348204
556916
494011
611441
528395
421863
457611
216217
522372
136303
175018
757465
535720
841105
547883
639549
842569
83182
235662
929008
404370
450416
449022
330613
102710
842872
679201
229482
344301
31999
999406
197816
951543
820825
231405
428528
479096
34731
419812
819661
538524
71962
449811
537735
400753
96643
363242
841440
192190
224334
384116
154248
613053
914980
908298
659689
735053
610648
332196
853252
130107
799642
705645
379352
579495
286288
916031
739414
978691
89450
792519
167680
80968
456154
97432
711461
421999
613767
157797
634619
689762
661797
195903
555458
712941
942276
259256
304099
889695
785532
357896
326583
66978
141541
57507
549263
494663
711018
543158
876161
353594
521311
641079
100214
355372
578892
649301
686182
677172
662614
406212
78420
715183
182842
921218
308723
478826
412705
129525
427998
668228
95426
312253
596611
909172
354393
446653
676554
91490
894603
596438
663816
368427
273948
750986
953072
523223
547069
134297
828983
866415
856588
695036
410157
486575
825294
733227
302739
305136
351430
346457
174954
759382
514182
34628
270372
675055
120207
823153
562112
92368
777026
312033
150822
700606
246835
870756
80479
663439
827482
16366
838794
930516
714782
225290
46928
580186
755940
448861
227285
133866
985485
776875
854868
85642
168497
994683
695568
617145
964610
68980
712924
870816
167973
94804
53819
521919
868846
265213
684862
425676
748379
591591
32163
613039
191364
835826
156795
21890
67672
22482
613148
453413
75990
88161
902690
109467
603227
813312
967593
573536
898979
160963
385552
587847
616482
330071
987478
943114
588444
507609
176339
65450
513141
574969
101456
438596
8908
807668
802787
569153
342337
36950
290894
625777
762541
257440
681495
482431
763537
721130
124317
421431
192432
191985
577020
495964
727817
289363
364736
899723
311389
648572
664060
295063
801785
430907
157374
90805
361253
449143
886758
138664
280205
281057
33132
788931
371691
227358
201542
68416
239649
50694
108298
292876
437943
670875
744242
579212
779782
280115
801455
948137
756513
616020
750497
533607
874529
291290
113696
933324
346915
247260
931637
43524
165650
315453
239121
27604
708257
168967
215571
683199
500244
606484
806278
564046
90495
972962
521663
649644
633504
930559
628261
935207
11938
471039
154399
118709
187715
763088
990984
77853
52759
511245
544960
110786
518786
18022
209353
948133
546467
266622
752942
659265
86890
658154
422674
280218
999340
114329
475141
767718
639051
284984
814388
754274
976341
780058
610577
46520
51728
276032
918184
104069
84851
103347
184619
247654
6080
719187
782545
547025
507375
713730
382643
29751
392506
606631
172052
587740
30078
365376
903766
757946
239616
694213
246654
314409
716229
486720
569124
175238
434049
235286
179108
446299
782185
641838
397832
711745
777888
221649
526636
797539
772876
650799
407654
278911
993622
869764
863667
210257
363843
693180
827928
803498
790408
792073
224976
428785
368676
439135
512294
312308
898760
738379
264583
255661
988758
766457
533112
160553
583260
663583
740523
245961
629585
274655
697644
699239
361624
852283
572289
118694
366239
823352
561800
388380
62321
305980
458997
896507
93458
179089
172429
971023
866833
969824
463804
894089
292908
177599
61905
326338
669095
214954
575818
261330
456185
21070
493977
945462
484759
893060
844291
281715
468426
542358
379139
972199
466612
187553
989027
720708
71890
475489
385481
447298
2075
328722
243760
109002
470849
725629
72787
177145
790583
265585
109336
94944
82041
610472
325492
750792
546920
576779
719155
231623
154685
966974
902562
345042
323644
404485
563797
958981
426671
150467
710822
219020
961773
149631
196362
9545
347392
802308
575394
255382
134737
802177
164187
735938
617599
32453
667185
657781
959865
81597
132832
10936
143513
21093
209149
686304
389732
532669
147988
421470
728149
405654
791742
346390
157675
17029
788038
242578
257393
379294
555341
549893
359523
782167
391229
823205
506273
768587
148023
139075
919049
34568
376327
328422
628289
388672
12389
519222
118933
140341
581217
416012
860713
806047
277340
745483
691728
890880
8512
274131
861085
398201
446857
799798
70959
781466
560335
5860
92437
215789
373166
882818
849319
156325
103170
577036
916820
486896
964036
291704
312743
667426
312130
620030
7435
765567
878903
988098
782592
758529
12215
872333
795784
354174
445259
59637
873388
44671
49793
431220
870649
764400
746151
972245
577895
703323
149405
388419
1214
635265
737500
664717
879595
125381
438103
746308
355494
654788
618936
287048
747621
4341
754696
898831
926541
135837
321608
868653
763687
896490
625802
189357
624051
572673
889390
848801
315355
582762
387746
549020
834987
322449
764045
707552
371210
449981
219455
868269
925618
619185
87194
1422
45720
5911
581688
728399
621288
208943
307502
842649
565678
439124
68111
64141
697734
175379
840550
867161
962242
197855
580805
22861
615978
857017
926438
509809
518859
931677
466807
537610
399378
91845
521569
585334
857958
816168
595124
885400
175873
479554
949015
373750
911233
775815
662484
116461
807018
477180
237974
88243
133305
702218
718014
54732
776411
92791
576233
504225
479015
221844
276670
605279
5817
752438
688970
289719
564604
375563
615646
523672
17329
793300
363161
536006
338722
582555
716622
711337
868380
412118
881072
767716
60794
668011
417794
427863
906572
208912
849850
88619
85053
732929
831331
938326
557026
222767
533521
57686
962538
717937
334911
35181
823419
533748
708869
567379
524606
884043
418497
685624
992503
217303
864221
612014
840255
663323
761544
180701
32196
677655
866654
190683
791805
383568
136501
338306
80680
262719
956678
509634
81630
600735
868291
854996
521373
192640
857037
151332
263492
214540
871360
339028
215185
82888
213752
589691
731396
416321
920769
503864
226783
201752
920919
946711
592882
901852
3125
874618
320835
454400
303401
568898
521171
577684
586940
505306
949230
288234
673483
642386
560305
590265
51844
341239
662707
429776
785229
251514
79778
667928
765124
676865
898976
316562
595241
320433
596071
224827
297752
562360
593758
621552
520178
273541
68152
651903
451585
39340
561464
87643
871624
941802
404464
768923
345666
580565
749594
79388
915175
963605
245468
661808
778158
27202
301509
815711
191334
134417
385582
969489
163032
585479
118777
130962
471121
299273
587639
406372
542269
269944
548891
589517
207057
207738
730261
512008
790651
646386
523875
593752
602810
366916
693662
440406
708629
546217
336101
763608
284191
138109
520340
590679
102107
782199
920506
106893
614717
354978
106530
700862
312173
535188
412353
855530
232213
946070
177586
192322
192876
686450
407969
6825
85622
639302
231024
44631
3895
220885
623577
808619
917668
572403
534523
48774
770178
983086
786423
246746
989039
644147
105106
395168
876914
506745
68611
647381
775972
121575
527666
480562
338266
554652
514687
706310
196538
74151
733634
433217
93972
301577
839401
134933
789676
637116
526883
584800
260859
24070
82681
606032
238891
855283
846023
256604
245914
863891
718249
255282
194763
407038
648155
150241
270827
657460
582384
277636
46021
371185
873355
785611
8892
587471
292695
836480
607258
7129
889050
117964
5252
503840
838983
670499
298022
667245
551782
646272
245877
566778
888544
198920
538749
165381
148092
142746
619681
385247
201344
141392
899337
973402
771871
648970
554770
786873
93380
777581
396983
478477
825183
613865
729144
900817
965518
107390
796210
678075
808256
630352
982472
652152
300093
955840
70046
712320
207333
562407
153473
672475
877420
149818
378705
841124
430350
165738
416456
391093
297952
165747
123337
734046
163101
397520
856636
728631
801137
672118
655661
934642
270493
283364
987375
136482
725467
553524
981391
228281
385255
767946
741415
322423
255839
590820
439815
239859
177588
186951
885348
893451
960912
321718
617356
632989
992393
823239
155696
53066
625749
182352
764736
160091
177794
831108
276904
792524
306325
708998
661035
802661
669798
150235
917007
389340
11582
398222
133925
775842
414286
225537
78510
384997
831048
949972
715678
226837
223479
43648
444576
624361
464193
851006
257681
932379
729527
128617
359712
574977
723521
330253
525998
694483
735698
834009
421873
517534
775449
916066
368626
295802
512016
133149
28534
955846
964511
823218
183840
957534
912408
781566
970887
241221
31483
155697
531744
223976
824637
156420
869663
299827
832491
742222
521361
758391
985021
498777
588923
987435
388786
295041
73179
453377
941880
819519
411857
195474
455206
332858
182008
157016
316344
369949
877661
665004
13031
537341
993462
309068
653918
481231
658150
71365
327104
126935
736292
535201
345816
378035
389629
971335
798308
129335
538453
896303
696919
99850
304368
572332
264243
237635
40890
612055
796061
338374
729359
705432
954800
805322
519463
46003
7415
126904
254126
865692
457521
704179
451480
647092
146480
619550
228150
737728
203881
776476
449690
591147
834692
491843
187248
300355
311740
775266
342536
667912
989442
898321
161374
471273
948975
398013
163988
221055
103039
602521
493017
377529
260851
912505
14472
797096
796138
659029
239814
171940
106996
466192
721187
517778
835622
53407
756327
788490
225948
647889
234416
696809
123677
820553
971266
244876
819619
199913
967809
454946
387863
352686
751891
461984
729986
733058
262903
120899
636807
829006
82398
211331
349009
578049
143549
377550
689145
522577
431443
982102
627938
415159
854301
358471
715628
102723
691575
195009
760058
258553
988017
400344
405069
599261
188766
87996
246712
646452
682220
667823
788953
953729
125528
423166
139284
680954
254854
572398
389254
308219
798071
59558
277710
929702
748952
685886
395647
19320
420753
675305
923215
358836
885180
927658
969206
604056
961788
8242
447476
493229
507945
942687
64114
683376
579049
795922
662170
307298
830210
743470
541170
214960
277543
433229
51844
266854
793016
4641
402012
455769
675180
57579
713936
964859
57043
193874
833681
75053
716906
599894
607053
189974
665658
391289
717943
521951
485730
630806
667688
319288
76360
541266
903510
830692
463864
649657
355948
599252
689068
715051
473457
789785
597255
691628
84081
409210
509814
70192
16262
734146
340680
125956
11841
421061
40546
646390
43397
687550
682819
292491
963746
870081
239835
431654
784363
930934
801200
75048
652666
448637
252046
145356
75599
609253
993870
469951
512527
559912
511327
974534
142672
664389
362781
302385
194059
808736
524046
596473
119710
802776
848485
640544
770216
656230
250385
505105
603521
781822
180399
873708
816068
860624
961335
292683
81333
557458
353446
700271
321970
917806
923171
934424
207054
382332
288105
187523
548201
994160
625465
986923
79130
77458
731764
986817
501071
878019
486192
125784
527731
390307
40137
619614
559925
247033
981366
711626
738467
366009
660558
130408
444319
909124
414583
952426
80466
475859
719126
782044
522460
159480
135979
910563
421050
453545
667807
973684
237165
51658
722566
140475
114917
858649
100614
846969
178721
110948
507803
193639
818252
800006
907043
511056
273547
551903
576675
62609
216078
750498
937090
820910
549999
773185
63056
27789
486380
189282
367317
320529
289547
758770
468735
439718
328260
225467
476636
54791
53134
384484
544392
607049
579082
349824
215648
289425
421390
100793
262105
723622
67868
887716
449730
159712
597901
446669
268494
988239
975275
334952
43886
619092
646910
879141
922191
192435
105970
116048
855262
301245
659650
244056
50004
601066
513098
167887
790693
248685
646218
963570
950531
768627
404642
872779
537237
845252
542307
655499
521397
659070
303924
465377
359551
84366
875218
320947
538964
80853
863927
710752
941683
471651
262078
718445
631026
635584
376837
295464
737900
391730
850713
582370
825676
500491
89481
88052
21466
564534
438954
529803
355244
957740
227631
839771
898954
186463
381013
469093
542697
637496
312687
529504
222295
354863
966528
792091
384321
117010
68925
781244
269334
7400
370062
532065
251437
677914
264856
562706
35022
583925
453174
21588
684903
612728
183009
841294
54815
254238
104693
164417
388925
18842
546534
373044
201291
338987
428500
823255
897148
610070
699617
156330
986084
447968
925184
605244
960006
700656
523228
437481
6150
748907
31544
65789
445955
259974
180210
940119
597118
284422
715751
399260
228814
233431
621126
746284
514423
402135
706578
46428
121102
438689
697892
879086
19170
245918
896372
315290
774901
577701
810533
983534
757092
181509
724557
52589
628989
570914
535897
960559
164769
365145
633148
160219
540693
900354
316202
292025
24186
302982
419651
17314
807982
548761
345989
277575
871704
943720
315453
438606
603249
172983
696552
587474
103535
853989
698127
54702
503809
244919
378736
998798
363450
559362
89901
265299
305522
226697
986279
797825
891724
996670
911313
165876
574335
149491
509789
975991
997666
154940
492913
921661
75117
63936
360325
958323
29090
340020
707198
499101
768127
48666
163464
785059
422792
253610
594530
851652
995786
581633
368383
315203
422106
467183
553147
513346
54281
264813
148454
867960
379482
91603
724694
685024
903859
956056
587982
555583
610483
25654
823530
174988
514511
862699
315390
913048
555464
476895
29415
935700
857546
201519
399116
746017
112419
916204
669085
635948
428184
240412
389118
920996
858331
258223
444805
635230
81409
511236
679073
446675
758764
185784
991238
624478
282732
495356
328349
130733
703901
83608
101383
56055
158611
302143
230981
609412
609873
878149
650383
605557
521846
112604
48447
43055
653697
924773
478100
482127
330699
915634
833138
990466
739547
406031
273782
268030
164087
29343
309810
138337
269568
201718
327563
708620
771553
702065
418212
296556
143604
82040
168454
104693
304593
330726
188632
819116
343658
686953
245542
93915
197077
280393
116200
828604
514301
288431
616988
152101
713050
969983
787717
929187
279132
124136
78203
17070
951226
153190
734503
435236
399267
534970
12330
723459
689069
85818
991275
656552
735476
27081
850445
384069
1702
397200
776974
757582
373273
728596
500553
437422
362176
915364
386813
54476
199494
856708
361672
833081
648923
724251
67163
740276
893897
159629
720690
835580
697887
784558
315801
109318
734738
546804
769278
117307
852096
929884
981885
945473
334941
619339
460132
575798
736161
153137
936982
335893
873828
380719
640904
597197
710322
688742
901765
166799
565903
650729
376214
764248
698328
792640
546485
920879
95738
837598
961875
286445
527949
704007
825617
628000
693775
647278
551313
817391
266871
881766
497192
472771
754313
459379
835483
165354
624648
633043
101135
132291
257642
337732
652930
294156
969930
310090
239494
121341
828689
151451
256407
172915
158047
496834
818499
960981
162465
497917
332460
387265
712552
774228
816218
302761
816964
497484
734282
571836
653237
37144
20271
567203
629575
725724
666835
694615
953860
55218
142531
751140
111904
825650
24873
682639
654569
653681
29273
880344
591394
173802
792454
715468
673551
177743
774038
815021
938993
839977
336335
559353
524671
662423
476001
214518
325502
639636
826064
489230
465273
946449
385878
504653
637688
330200
481190
480153
580465
317933
433511
159591
345733
458162
879919
757365
864640
781751
938534
834335
984029
428230
705440
100020
800547
466676
254450
24186
4541
824158
276950
780278
151733
601286
943251
538579
10241
610363
198223
987137
488659
452061
999700
938603
597486
211710
683652
124040
696529
900839
688430
86167
358174
671890
453151
261530
429400
965356
519655
142714
86936
531763
740098
549545
839790
550409
897249
966792
761528
651798
872587
603501
157184
970478
788417
707171
861462
486216
336315
952843
918222
111776
999498
381250
67231
794141
143134
288433
486447
489580
41191
683205
879163
954361
493408
859011
986629
895501
747283
873005
202133
501823
467517
304618
442001
216363
986963
868074
142902
969328
257270
328187
411925
217143
383637
188293
405998
618441
47954
870819
543278
678487
499873
430845
407688
868051
201727
707748
674609
9347
558398
449402
796700
218387
925923
971927
413717
219537
316639
249266
37907
991659
930284
95337
80699
57328
303965
322552
974967
949675
708095
62724
989700
492949
450012
39341
740982
846853
338501
600191
174020
612948
348904
691746
831793
852568
688092
119596
371020
570093
524546
102224
262888
669146
558929
988062
373661
322521
383894
80115
418592
843985
891902
441066
386685
787335
672371
572334
280735
454396
392794
9560
756845
795392
806439
6282
167798
833626
831347
280719
932791
649569
699498
751318
714476
309601
850764
110074
747089
485343
774309
47253
695747
102876
257395
187466
478337
917644
41004
611553
919703
99146
420662
846745
240922
146085
962451
357940
11035
332039
818477
738210
920021
569879
835089
671040
657223
607057
825263
176979
779809
408980
777932
415905
707965
223899
168582
341534
572207
166729
327940
401542
583329
557686
246993
825852
424093
912917
905527
410014
56665
613914
890084
315903
115794
51290
240762
880967
464183
309018
442277
560060
938648
513390
656923
988332
87601
612282
655966
399120
592578
137010
247271
260291
302600
927995
120614
752169
361835
424872
205115
80560
738788
443890
998906
744035
170699
824759
846398
133153
809666
34629
895123
197388
83519
849275
455356
155991
577352
759558
710915
198659
288212
461286
260034
129660
241846
621816
146410
70117
449327
375795
672549
383153
605761
855437
594323
973402
199051
907019
944767
864403
622546
752756
252640
43646
834788
861033
707590
222620
498471
91580
922221
731654
32222
279304
752950
30161
573946
266520
446758
694468
554766
582010
797172
734959
87620
695903
824911
303109
774884
46186
865526
91153
382620
583269
451772
69657
320339
154876
256738
780475
796475
160318
261779
146213
842546
383129
586765
430006
646647
835255
997373
373680
537382
52642
596333
607094
79337
983974
881860
197376
327374
858494
864292
949686
720122
736178
184945
163190
43944
17878
581038
190968
853175
688564
879526
73894
995785
806448
744990
149950
997149
916208
13142
400217
315804
610963
232483
646176
98592
893151
551999
103177
825355
710549
32779
850984
67388
259162
832769
973476
303612
52779
814489
846103
952535
181407
413990
134147
207278
249355
980344
723901
401906
448038
308647
769107
831841
622487
421549
834092
864852
240195
104113
92717
73170
903799
877156
724159
132127
684947
746137
858627
92558
959717
3739
928025
160538
326485
263110
916600
393700
381219
220490
592297
876910
967782
309305
500438
918314
670856
605253
730153
1425
954978
121539
979249
167756
340744
551422
467163
125682
820047
221473
670813
203605
441148
292279
944705
824541
905596
304847
493897
138149
35220
877501
68700
563692
875732
653449
68680
905535
482705
32358
380355
711657
353066
718143
655695
205318
672472
224348
847281
964357
669125
269458
162453
639427
196510
414867
121723
91310
432495
709567
506088
328778
780271
190462
711444
312550
315069
686712
970823
828991
245609
893534
151638
582452
608786
865661
13599
825798
718226
494140
688068
73979
315860
48890
829297
543557
277497
566599
34036
973470
639252
892660
583961
259595
822393
651881
884405
744174
598543
284776
440317
378803
148847
91875
883368
87115
436174
534858
575519
871933
717034
824925
752921
937481
508358
654224
637497
658875
800794
216447
653227
867393
782282
967843
475169
403236
551777
916959
574178
431553
5396
560844
386216
839237
26747
537221
372072
496264
380901
83735
743673
166397
559693
814770
958165
109330
215866
652150
194949
107720
318515
285232
960132
626267
250438
908632
519158
592670
47988
234632
522507
716849
383854
666086
462415
395183
465053
146265
429125
469158
848327
285126
949286
485852
668274
203870
858227
571022
418115
744420
894387
467054
79519
60552
434724
865778
323688
560219
954912
869191
669341
305962
711189
588066
350289
894383
91030
975723
13602
342318
683011
173627
2344
136604
618449
602635
596627
900955
780668
184462
515341
551181
539288
927249
513074
841915
647955
530404
831947
137288
669564
503893
462869
175038
669233
953730
820052
696519
182319
655522
672296
241470
688337
989400
653229
824163
711355
271722
592212
89480
873286
242851
527939
403027
152213
258764
648883
207921
373433
158917
444920
522142
820633
24068
562447
502502
386531
361744
981437
375861
331933
922295
143666
94574
941372
853568
623145
50773
813465
428261
526215
998326
424153
106796
858395
393719
221921
133193
341748
561259
874831
755372
176751
858177
418764
930486
962917
509135
22697
777794
77674
678071
516322
863700
695171
706053
884847
9742
5190
552682
328750
430788
515995
692544
466382
206518
976358
823762
71939
423951
483243
749445
101731
258646
225925
545176
838097
204418
852382
178226
678499
897571
712666
403197
791796
92516
966506
618952
24024
389939
574103
514394
358165
423139
82364
124337
837723
921708
946199
795316
8511
777542
405465
382884
214037
910862
716199
91083
993179
810518
44017
225108
412593
588831
867357
991436
200961
815769
373054
260610
387158
239156
334617
524589
748787
950768
239523
100115
203167
554775
36486
161136
226007
719261
409116
601694
88946
491054
572474
93170
291356
751546
733626
313583
731889
700341
404241
513825
54159
973784
502021
969059
820674
805336
486446
265849
513317
462153
796333
54452
34080
412752
925361
695948
928258
314466
742014
907756
774594
761940
110717
756968
843702
436338
549774
338266
280250
506001
70158
9118
733423
977681
303702
696146
475221
439501
920297
764739
543504
537501
191224
95143
988610
820735
525903
6163
347052
547158
376328
786728
496787
42063
110084
967678
598188
948341
68681
283267
927676
317246
598143
176101
744841
815771
681644
246257
843287
663079
72341
11632
349478
239775
762421
231258
321309
226428
235860
217609
616772
521900
613473
251232
983449
725467
596411
895832
55351
411348
614050
288604
213207
638865
447762
42514
764012
52506
885895
661308
793550
224378
531310
765905
647305
228973
185894
343737
560864
769462
268498
176429
378237
125071
502429
145637
568225
670975
962000
422666
57112
437224
980407
404472
978328
154959
24337
391048
708754
718023
474270
440895
126547
98567
220111
544017
7
305050
487679
945143
370202
602451
508082
957994
233755
816425
331237
852553
53934
675925
509277
496815
254441
158228
337732
42950
479677
419573
264252
610193
324131
689375
906068
325115
424483
749562
863495
371838
471345
729546
447313
838215
761368
676333
788249
633942
184287
850654
463868
530694
71898
315631
402197
833811
589825
324034
206093
921184
538705
953352
734394
310192
173988
113150
831440
246082
263784
122350
698203
785133
326955
41113
894656
57288
174431
987062
539140
242896
388733
965211
502089
410322
729981
210599
674888
873351
531760
474057
420857
825420
131398
338257
958119
214478
634682
997018
829964
750725
947070
449496
538494
680661
142985
445135
986689
562129
129629
388622
13351
104647
789511
428694
652847
344373
594733
725084
224499
19556
231856
227321
142148
295587
738238
594626
845118
340977
352760
679304
79939
34051
366481
958070
218743
348808
21917
936671
577597
122536
461054
558946
444701
471571
688287
362526
451304
14549
868394
40101
459142
495462
879622
942419
424881
120084
20430
275114
645072
839127
895704
570965
472585
677337
871495
890264
715365
845321
223834
969944
626922
151551
163778
414060
473344
439825
325457
377657
631574
960511
790141
116632
204869
767169
529267
392225
445088
149352
598035
739509
506322
962052
100950
137806
729066
876968
193355
639164
451787
849220
814402
472553
370965
74458
272005
684403
392428
624657
780377
642245
147953
806699
809166
281
414836
360632
112004
239826
337624
777773
984126
536830
81856
230811
742481
456330
759133
281639
657602
73460
760974
65997
489233
450710
866691
907910
465037
997953
171702
347146
558122
658372
3945
400373
23290
612721
516976
599387
677311
431090
352814
182198
491111
197289
195493
324180
285562
58015
833629
317392
188657
788007
330117
39104
197609
273665
627293
649167
674384
560061
249178
280602
666729
672297
38060
180254
984459
337058
413667
858631
807175
509980
569861
255970
837315
189587
367268
48014
30743
529904
971121
46936
730101
157604
586410
943598
455550
593735
929073
437781
278228
573809
471629
306139
822966
238985
533992
704225
711391
391030
3932
684820
843261
105422
309392
872526
403995
800599
181085
524716
900907
777680
56367
649265
448003
995914
996096
753858
126541
514709
674977
555037
973680
534919
386546
880444
412668
682885
965689
135877
544962
999935
960486
395159
601076
143835
764502
30844
943708
223175
878283
927706
904455
269826
111064
758091
618426
428335
722125
92531
266366
111904
843071
567211
928383
329567
355773
291052
700897
98573
816506
39210
923625
944626
181556
285113
624687
202341
750611
476541
993990
620149
735937
922896
374116
876894
776823
968434
349836
301294
888852
102739
944635
116809
904462
1403
596610
854552
596417
418334
84383
249305
872229
930810
357587
919010
439067
735225
15222
76928
514631
130358
342385
622297
786594
973154
309345
757787
429840
275165
405141
320909
284112
398492
13269
895496
488044
877944
926924
567310
214335
633071
984737
461688
848311
262116
762838
190907
746985
117055
714700
407171
635330
413317
595116
589519
135247
777817
291546
849373
601293
148342
15803
995253
845452
372444
128017
20650
192386
835976
964640
512160
491535
375074
382362
645256
302760
548876
928681
820125
745097
978219
670805
529655
777651
76279
957612
142789
31813
396107
293313
752290
272786
519820
672590
35829
567801
587537
431715
701294
942767
201584
265031
476528
72417
308348
683759
55666
650312
763406
645977
360493
536830
806923
913387
962448
941328
664931
196626
6321
276647
56838
615703
485296
48735
870255
124734
790398
830348
934939
988376
481832
26160
807879
739575
269630
677066
733808
845527
450590
157402
984615
660996
634754
220390
376663
324638
677432
690392
521848
189135
765789
420239
135198
113279
830781
817349
628213
634297
357664
471783
797617
662234
331276
937219
810621
763381
294728
889726
834343
917686
556923
493785
51508
203720
186754
41369
831823
948475
181510
101530
244917
925680
102615
145968
485736
590403
716933
173541
929493
654134
1324
310671
322109
906081
105242
416996
989812
317059
768737
762817
604911
601785
99622
239834
871067
666669
294612
73097
708234
441202
384910
99286
477517
585122
591027
204238
128474
502015
555672
223804
724461
313126
137769
672879
480552
31272
11958
277908
119188
38554
264191
45438
156222
133617
489693
357709
476320
566894
839964
583804
331530
880512
852261
534649
62800
261937
457884
371325
541713
308291
429382
130124
422088
562817
129114
810103
180757
194568
662609
277022
643390
512715
271157
512359
644202
675952
92324
367965
658743
453369
374553
267996
656257
642130
909956
204589
979860
398413
305997
72378
403948
403698
813114
918476
193164
316701
127671
115820
354850
275811
981328
485295
733201
435121
87351
16220
114904
961769
367002
954256
703108
116759
828798
730467
151128
112550
58709
385374
629723
884958
921058
782082
909935
920208
603558
668017
758246
66076
15385
813162
818553
756893
596858
896339
352435
494614
112667
416267
903443
163139
40347
860012
285058
94757
423572
539575
90469
555007
118030
283313
896594
861252
374357
960506
160763
82409
252479
31099
518787
767728
349637
781492
104341
893784
732380
541286
799121
944849
15015
456545
486084
28612
447928
633310
48211
630011
345595
817253
214664
984897
794983
740036
58575
955211
688792
928611
636396
3037
204663
97519
349882
437337
810228
400691
560933
705997
310725
853706
380993
114204
222960
951275
465225
459709
437345
31802
423400
69374
953254
653920
662657
817276
827609
141347
589915
398108
173399
592005
949588
128199
685476
66088
142642
396240
703908
120170
655930
387876
42197
760149
713507
570582
266786
397075
353202
793948
933615
35824
344422
836686
114780
291813
940997
207981
241523
437712
562285
889480
994424
533653
686835
549927
111526
785515
798848
114000
375007
913173
325453
269979
355403
3860
559786
550937
13002
252998
751848
771386
539420
784810
562958
657254
406335
220525
46208
381473
661515
626123
251913
628936
766980
341480
120029
306603
497052
967608
553805
873928
480497
346278
444652
366565
990422
809189
956116
20082
610931
228745
685089
511919
330188
450949
528938
620970
236333
492434
647522
684120
658516
824126
996336
859106
50121
51542
728380
798617
526822
503536
900122
619372
258988
461219
84036
356284
570844
61762
942249
242809
592169
532420
631637
978054
964929
206643
727487
961573
591740
803464
313361
94643
447764
233327
498616
762118
969797
274905
72548
961807
109502
125543
731
479459
515185
715978
634936
356498
775813
895849
707837
377970
438071
568175
483587
198568
85068
982518
432739
96439
415054
379869
804680
844770
695607
270701
109236
307622
926047
897440
43097
809887
452326
536076
591302
162042
12104
879567
519988
974891
54122
163883
974158
449065
825449
74935
962314
327557
100413
743653
136187
56984
17880
128638
383797
260787
90854
399051
600937
204406
991523
559530
370230
852046
971548
625968
712592
240065
990392
627022
874667
541327
307255
471469
627944
606434
73335
893941
815016
458225
370489
904447
508909
440488
962744
326866
836236
35091
433274
663406
898913
869300
915424
656448
738976
716730
75567
774032
455430
277536
620163
402888
694202
840565
930020
457420
985811
527299
409973
612240
775102
285116
342769
36152
826245
967011
952612
970081
1754
919254
953811
241670
521011
374631
830646
648115
791781
72448
794580
125821
385274
164094
450311
807071
672918
63970
49937
611206
554161
365127
572808
4906
413801
764622
641787
367185
189514
880445
262469
465190
797390
805866
933813
268074
485704
907206
845720
806335
638375
972021
992601
537578
606792
902286
392993
442395
809821
827137
236771
196609
705239
959277
777173
846547
586781
584339
455055
951643
91893
195878
445287
910158
309211
729109
933876
126723
959082
659648
876106
233033
743260
296805
965084
568414
465023
83223
571650
192007
457696
50554
83472
417400
465373
983447
966299
76199
123762
277255
281460
101885
408787
925749
740749
753082
354296
519636
337587
192116
655845
687310
604618
75051
844679
778828
36841
607475
930809
278838
935405
646582
738144
858737
838984
882279
683863
231408
216631
658535
662947
988135
230957
987367
832925
150360
211627
177527
971128
330491
53343
263926
122202
541014
45257
946530
954157
273150
180766
393711
526474
613419
341546
724053
132862
710053
719182
210139
277947
832528
505297
998701
549804
353344
663556
961271
351221
376945
54073
12933
361148
349545
601110
176404
615719
69559
924642
969619
366758
858642
164002
730397
837791
151738
703155
741497
295329
935767
794469
580611
874721
309927
996147
101058
172303
973455
504479
525054
951004
855609
509961
18025
866654
59294
836315
845351
783731
798439
293014
260774
501869
224673
718869
857389
299563
332893
431636
385029
558809
312803
911714
41981
573160
848567
936037
396068
617373
114712
614851
131934
364277
232263
897814
806851
742418
557125
797562
675722
29400
381642
386012
662606
338540
401735
854474
843616
362308
114610
86176
724485
721807
89091
774689
877631
351182
102610
603696
993075
746327
864488
355089
478114
807189
540381
186491
336657
901987
180875
366224
319440
588783
344009
247726
913536
478494
130043
437078
630509
443272
812430
535621
466713
775745
448348
474288
163759
401861
499698
125750
869009
797603
95501
676986
573605
702073
577818
614466
21780
486590
362179
323006
397161
527965
997543
338648
647171
842728
913290
178172
662233
727081
921120
863335
760611
327957
560030
264545
602125
178458
457347
273440
739421
695609
794467
890547
553694
620883
197754
167507
532255
834070
904647
579757
339546
271861
306643
956246
769292
15451
249459
842924
896372
752354
867342
906719
312158
461682
305170
310447
298348
770236
764749
390980
634074
72249
441974
320150
376854
143456
26653
920752
486063
129493
262560
179640
325075
870734
300768
905942
197963
82772
821226
27935
851998
580407
27161
537019
258767
400145
396396
228041
155262
871963
659608
536320
867133
795281
390194
951116
172582
600347
564112
4346
211761
300978
641923
234774
995520
601688
361407
477952
723652
53362
264112
862678
552936
459623
14429
472578
677990
661982
647981
670534
120078
75269
614860
616177
791111
990963
319484
566305
549467
491937
435322
294801
193031
251394
542227
729178
123193
53396
820246
548606
310459
537056
855555
125099
940903
886508
277043
923124
833884
542225
140535
309414
997300
869679
818837
35522
736644
506240
472040
987254
51983
983908
568592
308626
131185
56223
213623
600270
727932
862269
829593
979675
509303
171278
457171
451609
876778
998212
253757
502020
292578
554269
930056
356522
172622
109973
538221
290803
700721
601103
358033
833830
579278
557062
297226
212229
451502
355645
697226
301740
827707
601013
559078
70041
607931
220045
901622
672949
268909
68078
443771
978808
578406
789953
524120
952734
117143
508269
946564
769879
240394
717537
580228
560940
101833
785329
93356
128414
714970
688887
324358
186812
534755
357872
218333
67018
78152
544613
618776
280209
815391
843379
954705
538082
383184
329572
211359
146077
787092
657368
909736
632645
592744
652545
599630
71957
805151
574325
581480
353839
580199
965871
246548
749078
503724
363763
217445
445362
77742
538392
846680
407252
928904
666663
485775
488437
118410
551173
126431
205203
763908
241725
442807
948485
885333
502936
13962
737040
31324
452280
561104
948060
571801
902830
786875
535452
75016
160028
289476
130543
591996
626874
308011
157226
890048
114645
11367
823387
682681
974223
90883
475679
862766
999781
350338
279068
76504
177511
908899
976512
94145
652705
429098
915092
991358
231606
721937
318551
276833
75811
855646
384811
461705
508634
691562
177211
287041
832962
312671
140712
792832
546813
266645
269256
667786
592241
46240
631335
634296
675913
869803
499387
855480
466018
938368
91099
7894
880728
618991
145576
446560
864883
370931
633905
118876
382225
613129
515110
384314
739780
272504
991195
114840
83879
481140
565959
838839
666746
667335
319710
931390
276398
281119
179790
543476
486223
98695
877021
776006
713713
903750
937226
581186
46358
265042
622678
411614
396731
499260
467129
372347
288185
877007
528017
24229
892907
355820
714271
870802
791781
534564
56136
357300
391184
186450
700435
261344
649097
982353
289901
9564
672856
271789
752367
486616
682550
534042
200611
340304
745638
451434
653460
733648
872058
774267
465421
55829
628345
314949
403881
829986
273255
116029
973131
874294
158283
432075
919229
230444
954891
977931
863512
223476
960019
674861
767548
276032
23439
271269
331657
833610
677892
534429
90114
930264
70280
625422
183658
893784
18722
404032
660316
888932
71918
273291
973381
447808
902662
245749
406394
332442
167528
766565
70217
701594
359498
804836
776997
233001
442398
275011
229252
625907
262231
839417
288001
297639
772144
807146
627615
778398
224376
695352
324370
698248
616754
508795
908699
305762
855926
628127
731120
378083
468364
737148
740979
416284
700868
642713
694352
656849
416835
392909
24506
367532
727478
77223
443296
570231
404031
941608
376487
256643
550059
869345
216060
85930
342797
664223
634812
791754
816541
649765
319834
26123
321574
65237
581779
446025
509299
375888
352986
768044
703144
521470
821767
944469
923456
964392
716432
383179
82422
859154
133203
943090
138775
444589
574171
317000
80432
355438
511063
783446
195826
378900
887227
660501
339833
580931
495588
134590
187756
357949
590521
926188
867163
786707
41904
15347
70609
395626
241290
262981
353178
66121
801456
30106
823182
31815
678064
268111
155959
491886
144832
449386
416739
399664
544270
524012
370635
899997
57433
556581
406477
127197
772110
136139
645189
562646
302409
989842
956124
206970
27073
408548
851051
783707
648533
546944
151851
216752
933453
666121
231044
303089
423370
806538
525211
909369
837813
927939
410091
388224
95260
459970
642400
92513
229539
662155
379766
938424
322934
224848
838783
819419
538538
449118
404316
8941
492256
392227
898767
260169
895441
205999
601207
466463
586627
831202
849271
182893
640156
269900
679187
808201
235969
400580
107785
156101
4596
200601
569772
187822
420038
577918
111068
165833
845115
557187
523828
382754
613414
534929
946154
723531
243916
848073
844232
289179
332107
482752
164653
910005
756248
632243
704816
581109
613221
478881
220228
571874
360473
783558
643331
152246
270927
74061
435185
639448
198973
89506
775130
803864
956171
928842
778157
252665
798207
478282
258483
32727
600500
735789
80487
995400
156387
220724
528739
662745
611547
428164
212624
297898
763146
851510
23441
515121
187490
2188
125440
789986
486187
555379
803360
540699
918525
754524
608814
394250
603318
885074
494382
399446
893474
227551
535222
307448
569848
149816
340221
776210
441218
452438
983690
878142
345642
274040
649117
544934
373829
151792
983731
995353
853386
302882
523785
639130
161249
502589
512310
901065
221481
893418
578051
555923
482537
958656
612018
963894
878182
261186
32071
74019
419446
572481
660697
265766
107443
461898
490427
719748
730116
620071
801943
626798
432316
28769
402564
934824
255797
836883
463373
425194
889797
61454
684095
703095
882576
847213
901310
725912
497105
475402
753854
266845
272144
469257
971171
92180
792592
877651
832272
378073
357693
331978
923212
251353
455814
350337
227561
548915
790700
565425
161097
15910
625595
418868
230684
785554
797983
310842
544020
67889
131086
144725
63969
63098
934250
241540
792049
457803
910731
657660
882673
520684
971329
135736
173406
738913
112235
77034
162074
688467
598750
110664
684012
17828
651842
307370
96518
114421
95082
233207
547175
999265
191935
224565
628795
301402
448941
286600
378703
29318
926767
522741
642294
211035
718914
885793
731609
165191
680419
468455
227251
750336
112702
822084
803262
625897
169102
764659
792350
405743
937759
748545
952772
78327
535596
964515
675187
916903
209278
924263
422502
81881
750829
452393
427775
494535
480203
291341
286418
520591
783516
897379
365954
505644
194343
58811
502474
27892
293219
352511
60309
733734
451054
99658
831895
557312
439264
710874
407455
945266
618246
562503
310422
624222
161473
791470
536314
168688
301119
415258
773622
403143
880749
651048
129016
849377
619691
397135
274405
402249
192028
792183
234452
658571
14744
134151
249051
127869
692682
607034
34303
236697
121455
990146
833440
571791
503269
609364
831971
743174
632601
766417
542304
863147
214034
474167
431002
815403
595365
370368
876203
178570
55650
511384
500827
744735
719223
218720
319355
59158
942763
979065
314288
84529
633053
828246
744470
435619
637315
42256
541348
595897
465378
234713
948899
843525
394628
899644
939560
646163
602290
459203
733619
508392
886621
670083
767348
116526
383517
13790
987875
429818
350549
901601
449414
310038
534245
812557
475752
174768
918062
149014
659779
873782
591974
488322
816672
988535
399959
834746
436732
564222
721987
267819
566156
645407
947517
66684
63235
616263
284623
490159
175673
12223
106109
427348
384540
862753
838188
711859
928005
630972
590844
47787
569781
478740
588733
523628
769716
967847
988054
536809
345128
709163
337757
858689
805071
790085
773399
828223
817031
428543
446153
70451
3754
742755
341200
533023
564512
84906
512135
774800
141827
507694
688148
248385
252875
854451
550284
443213
102632
634046
503380
300215
581483
804294
494576
878818
214746
629731
761186
208093
279117
229391
985088
86183
67455
621536
872387
766475
797757
665814
317337
622980
231696
476075
400835
762880
536729
638110
195276
450318
341229
849419
988153
58736
648331
959553
13965
162815
653487
447259
712954
937368
369745
227967
864635
564253
31750
580358
640097
597183
90637
450970
732486
270684
346973
224655
291557
668249
765276
360933
232453
140691
310972
978252
66104
247503
668649
726098
793698
795511
611918
273660
583771
464403
188733
80192
377681
365416
870577
914752
657451
308109
973302
898088
686117
748028
64667
12865
272788
331679
370533
76942
214
762015
470214
666289
336247
537985
840120
216338
387198
751971
538429
354549
490785
558036
340946
149313
74578
400078
36673
22388
418662
974616
513587
832782
800923
578025
478634
916025
138846
282289
267172
526780
202182
860925
81140
476176
204145
116515
932832
424194
776033
458958
247102
292295
982596
89371
653094
512026
633969
855906
341002
260204
943649
110737
817297
590034
55104
197292
359088
677065
691409
995040
69077
328980
78564
772519
285762
700550
728159
531315
287407
381437
449283
927276
929986
620335
280582
986216
597914
340657
578492
432500
272923
150243
955431
331420
921990
27750
982731
590537
697694
793496
547482
467950
30184
295163
54814
678587
498226
462828
944935
449711
744873
196583
506197
772316
195272
228675
537504
739214
139656
626193
51072
415375
384328
41791
968676
740018
81811
21096
224183
424593
853803
35616
992542
334145
82229
696155
752460
58604
321716
534403
660860
677573
216216
102794
675583
423288
264484
9805
133067
833104
579429
464600
247497
700438
479887
367048
400693
236505
555531
596835
82673
734879
900583
612362
651460
698727
312230
734381
740186
740196
533917
175391
295534
507407
477761
978553
223877
116731
280874
74531
33678
78825
255495
828048
419733
36624
436127
624825
754988
381596
203503
588869
94741
965160
340738
622261
346674
229678
206577
351672
95085
640373
152332
834555
542453
613863
231
28726
568445
379026
224881
481696
724986
649225
781304
396356
745045
351921
211005
894409
247152
295251
591644
749413
996700
776159
483152
534003
543054
831467
617759
400234
102920
185729
759164
80025
45444
120452
678743
927343
523808
247915
34220
218813
251006
157575
180440
113548
210546
738059
50366
224261
525999
55735
830238
789107
984728
168406
304151
339614
368518
329435
112215
527595
160144
462296
707998
850674
622929
880731
145650
43425
833367
410541
73189
777430
125586
784944
975097
539826
672790
893457
340022
391562
698181
872583
17411
363400
334276
53036
267568
655844
217296
674189
396672
993517
112925
347495
894299
689251
87715
553475
532455
286971
981100
927489
110100
850117
587306
447057
168772
787954
346877
415991
524390
628116
23100
283549
688239
717788
723527
550011
915738
950055
397300
603434
757463
696531
128465
309377
27738
204258
864672
485330
137571
840861
991439
623818
467741
207748
570355
580889
672988
605730
171885
418992
886925
285704
79477
928440
494376
783881
676346
596394
383731
219468
462389
523980
421008
725091
944557
901950
859196
556662
785017
574674
622715
254765
609531
494973
892603
95366
965983
775430
657174
321260
738068
254805
705618
760605
941765
10685
974444
707144
644614
302743
695379
34079
374223
904841
82986
762016
970971
162930
690605
605649
987082
560204
521717
817322
560821
494480
802905
945937
83702
152938
474374
451861
531756
289864
171274
507869
302677
423077
559189
642159
253024
494683
853149
311854
798870
422761
977379
581380
280738
752903
356663
564221
263542
786759
272240
323025
318635
229647
866999
301735
733477
30857
674661
102208
660040
316178
503446
638837
431811
700457
534539
327475
375504
145643
674144
653345
880097
59148
609220
333909
250871
620857
454002
599114
356182
179122
786003
607373
343625
635132
355776
32077
697434
649843
946718
343017
736928
584149
219425
555604
248497
326823
106823
999688
494665
651782
536423
970056
195962
871275
804143
522096
969
980878
581176
715439
117536
874177
932057
411603
649685
731446
15047
600036
104542
923504
466084
179691
513218
332986
636309
84017
870831
198756
779403
588265
106873
140082
80245
735810
501130
827174
722383
688174
949721
843808
283647
230111
667504
135334
260105
260504
214768
742156
574324
207245
369513
454061
605753
213402
753089
952129
300856
697812
367521
145744
344720
244739
637782
656633
832784
105065
471119
461740
362785
70625
6605
789133
326697
86876
797889
167061
386151
788832
522065
174433
74682
298309
625199
303892
14709
70288
6905
783354
723121
710917
753037
636791
279208
27758
306267
689043
423884
566607
523702
748620
955002
683001
56055
641580
856277
45787
459549
327187
256724
275912
18674
349652
812357
889005
304848
333809
79445
965120
884629
852867
374999
144319
448036
286474
4120
466270
75308
102799
859003
292502
48197
760597
137003
538040
46404
749888
889718
160502
926839
306410
56459
237454
199261
126282
126413
989481
82480
316247
408920
207978
214803
501299
760508
949973
838976
791574
565696
224962
99423
121820
614458
535156
283759
815753
693501
756175
986794
856991
220648
756035
196711
657701
803821
969809
366372
444579
328045
3448
25839
541419
727563
166221
409776
247013
989050
268721
609097
228303
896912
177272
873678
731564
931597
104123
191647
713893
338405
785440
867076
78379
37344
924947
517695
344322
549924
923464
871949
927070
881347
893669
767367
591865
988950
92109
888884
942257
940346
841183
119615
379779
294744
110142
954783
596897
479920
411274
516907
956147
40435
67050
34528
529860
955525
997049
371739
759086
902972
310194
966211
784166
79237
966755
87993
689458
537903
222729
87869
649771
954783
1447
645694
394798
899057
168605
575242
641711
440664
84910
911632
306920
796299
75831
114053
599254
789098
885062
860847
484118
757333
390145
27403
536644
622811
231785
404714
907499
878829
98680
988757
267702
557576
106311
488098
692890
822012
710849
84578
311999
672816
788298
714519
969875
212482
355921
462610
758155
927649
947003
208549
928905
854447
979944
730042
663057
216311
676961
200825
330389
644703
447861
284399
792720
962562
331651
788614
849570
498398
811157
910271
503324
784306
626578
560594
767616
938555
591596
352727
771296
585374
289920
462653
40666
902543
487907
777732
749606
547587
221629
818581
76296
47432
906643
413783
12667
456065
701033
81651
18143
526713
402316
144627
253586
740941
869715
303607
236980
409865
978739
701802
453119
411470
747370
230858
428591
415743
728044
425820
811645
322471
183712
853273
858897
934127
112479
401701
406586
675755
320338
385400
565383
332786
953162
410798
686346
610680
64763
808265
948456
343089
80949
702921
563048
220193
158012
570119
896170
584655
445620
961958
197787
168160
871632
46675
480385
295507
95449
499511
68349
914941
709786
9629
763778
19361
377852
778794
137117
898859
466120
135659
775023
731391
882312
231010
587045
74105
900442
73698
15174
52984
66273
78055
59786
716688
828902
369655
472717
246785
76003
472733
656668
405321
84343
132686
569965
172852
624972
215826
265071
915095
834260
924644
538779
288912
154016
271453
287127
222044
397849
962369
918927
843897
872
864730
166941
374853
623453
655471
345075
364822
604345
845193
997468
347669
314286
40999
931580
45783
651334
180370
513005
736181
555950
950038
357342
455456
836387
55154
428040
925933
367228
864270
739079
563816
76695
333589
371332
343388
440992
283976
177147
847028
982809
804434
814484
184444
325607
924335
643305
658788
282389
26619
336876
542891
326336
868365
497990
769057
262937
160375
982808
606418
38086
288754
993086
997031
85207
731075
240261
264521
673482
239740
732006
626324
935712
69888
971069
254954
393903
403292
437225
997695
816663
355945
862501
243919
635508
900097
322127
427217
335495
142999
550869
495813
130403
288413
672055
380180
524029
316792
980955
308646
360104
471678
547757
280528
441295
841458
608052
786996
661634
416873
884763
823593
162087
161400
233343
171153
674489
247733
232989
138076
419807
684948
218252
19942
451156
564075
173661
635456
513236
418617
189379
940426
5781
348734
739167
100177
850450
50547
400083
146101
985000
959452
260798
988279
465200
46810
839882
325213
355740
176349
415438
395170
782073
273388
514248
602425
285801
858863
67402
884307
101825
239305
963282
326753
979110
539345
637916
340981
974230
627968
21376
121066
768581
427293
285270
506470
486376
948290
817684
909794
631074
692229
589868
507255
884340
282385
301995
95058
417148
960200
554139
918863
216148
901081
691412
806826
681661
257254
823029
15622
366055
653685
497289
965084
130334
261786
263688
433114
207893
743298
469677
852053
582971
348119
990971
588716
981889
505095
552539
742942
625553
428015
442497
794505
91860
839831
651108
590603
885464
216519
233459
741902
217366
782213
82852
9715
343142
358951
235979
90714
542510
437126
481660
498175
625071
146094
996317
31007
104333
762346
503015
624106
18545
354039
744007
800670
756504
100608
221037
482388
83318
851479
855536
101057
248613
212202
330719
378221
181766
929576
371283
382803
866315
200912
730184
678307
386935
656555
353297
288781
746302
622245
227399
349346
751849
388355
237544
524636
406539
982919
423562
404453
928903
605404
449923
479175
385029
50385
941331
664908
742589
913009
265259
231527
204412
626941
954154
90563
138903
729396
806525
105630
891113
610504
782668
762912
715903
248652
424447
288175
18523
15488
964977
460616
530281
572286
693710
816098
566632
588030
455031
236132
412354
906779
248640
10864
511195
831087
811584
966828
848930
7447
771867
186364
365144
400176
515574
503247
741471
931806
258166
935691
762548
927502
43958
853710
282413
314849
780760
376234
746171
284660
586924
567008
893059
989612
336290
404902
216956
665286
295374
617739
65145
510220
193234
697976
378319
559408
392719
474997
284031
90651
914619
40462
219703
104251
694859
153925
619179
975489
498581
835410
624
990481
745968
742193
798484
855728
983025
816473
929949
286706
392161
456323
759918
93678
678176
325983
215897
848794
624619
859304
189541
758245
536509
352867
850670
484343
963948
625566
254330
792120
623201
459839
359734
761443
103677
667857
610585
301262
578772
158166
195590
3283
571808
192510
69978
526394
361594
218795
81396
755332
36120
800771
793139
188946
528445
890285
547994
615623
916200
159905
987000
190233
792311
900659
897020
202680
579094
293190
887035
918369
531741
673065
668940
830673
710540
32855
488978
510741
776471
663396
110849
777337
191489
550670
864266
982568
56013
972903
354444
552459
295731
14558
347307
303862
370391
468439
892488
655924
874280
752517
170021
621070
73505
969307
960233
8687
828243
882227
166796
184443
489432
376837
820325
363951
266948
913361
637020
371796
934433
860467
869581
19829
463700
527991
798037
160759
896095
595675
43119
281975
149056
823169
989133
57896
390968
949612
691472
739007
48408
717344
539831
984979
190346
735901
403694
52263
13214
897452
634181
43767
79742
778426
271168
833462
827287
937501
608378
622679
284823
296520
694460
217413
323114
36955
674220
642871
966361
395569
548127
910104
549692
279324
399154
413820
456729
542926
821741
157868
278373
366745
365080
250015
133297
235377
973603
899102
149430
19357
249625
848673
939490
731891
865582
137712
988863
660826
167621
979744
430624
883461
711250
957197
798998
800771
195481
306002
586182
854129
817167
427394
949488
744164
768
984897
14960
490069
221929
4753
393488
524322
21583
512853
490460
490841
129913
738479
860995
889183
35596
530338
977756
664588
277512
468232
735808
868316
935491
198565
359513
737188
234212
227549
48714
830040
656079
568378
358226
627793
313630
366827
873633
757237
223931
823520
500789
516671
985529
729978
530566
270368
496904
808986
408540
338677
248559
426329
467966
504855
522416
370811
540598
233109
124780
871567
907164
841184
658068
900319
14015
708416
499941
742206
930650
833213
761706
146565
658113
771448
627415
616473
894440
989849
982069
653392
845537
41975
190051
505723
988066
125709
473033
295592
77593
491543
490009
354222
283520
488749
436763
602305
767209
377694
101424
796242
467373
721180
431371
756091
764984
292993
190217
366038
31692
22599
390443
322412
730411
491797
991099
368041
440950
772468
963119
81181
753869
249842
468930
586324
516696
203127
655224
20894
369794
494569
923278
886955
658333
371009
821568
699180
649533
591051
893395
591680
684272
192324
181138
986044
222142
449058
21988
128685
1235
736899
918426
634360
798246
338264
807388
635433
999791
909339
216720
69255
474364
148027
446806
537299
141384
655752
502854
560291
128591
661853
930962
609986
378242
204757
984459
117602
29059
335228
288313
732446
884611
510888
175002
202289
617906
249029
700738
82024
410632
344573
317246
581358
91963
959957
703921
343549
578063
324792
327349
227025
613989
791547
273441
47612
282028
586632
318620
566582
884842
5011
815789
502999
241700
717839
250616
988399
846142
593092
976298
562430
127455
901040
904416
844712
184822
500650
417505
62887
19455
518629
186982
174364
997055
102493
601493
996845
39699
543854
458742
497579
823735
388957
694092
846475
377164
887974
564716
628628
696955
827268
919696
589188
103156
587333
555487
949974
923336
91637
294267
459253
815444
667227
1286
234921
377313
407292
620702
790767
642714
62114
941426
116869
954033
998402
21763
947712
853516
782189
938360
596131
342297
356547
389245
691198
833179
903381
294942
553788
954919
126555
987947
509473
399690
806979
508380
758760
655349
809747
512394
787458
269853
788999
546893
268632
853024
127631
21584
181616
32212
958550
863126
815278
961934
321658
951382
220379
382134
107987
727541
20280
124918
535712
255820
787038
696979
788951
308862
244353
349477
791980
528870
189072
443722
632872
457882
741949
665113
315789
494774
715485
637070
208084
219568
922298
421378
958318
188994
190805
407992
248452
326441
743407
664504
40352
93184
334902
203704
745004
38961
106678
117264
829181
799553
502157
519204
236238
757977
159453
42775
835730
216217
175497
220127
624687
2234
256372
558562
795616
723046
960796
351661
636655
220148
328302
437251
53716
418989
478392
816514
948000
58941
31789
293679
731457
604109
804782
443322
282275
50681
431507
598581
411308
331904
574408
127270
802850
932049
364490
41427
935267
459025
519438
611837
800792
261928
440076
588497
943706
428401
568009
818060
722157
955753
205136
670029
208610
845936
679177
396738
410009
741060
852476
365755
384062
623643
414647
402533
414827
953782
163737
331428
446709
194056
298419
353873
749398
199832
888236
525338
595056
874441
173671
983203
75168
144878
213330
61274
48628
427323
153560
718065
219020
240838
965844
980272
631647
328413
998403
818499
709242
31750
103963
206183
925715
510016
208047
280005
521762
7138
989216
549563
753702
614736
530029
480408
492835
714942
158452
411467
230355
792280
932992
50590
785803
16575
751020
527806
441768
494921
618179
577525
322682
19454
694065
195502
241934
285762
809853
829882
408150
794222
843329
462588
545720
520768
833841
439002
486675
192487
561209
679476
407728
304071
365687
198142
10205
342435
166235
711287
147531
948436
915666
206291
618385
76107
679165
483560
834415
151031
78487
562172
28106
727015
836014
350643
562373
248381
315404
674304
709780
410299
983580
686232
436222
296688
304411
888903
229578
790833
53642
543148
413171
278558
190441
648933
603045
708000
261714
551881
976903
841310
725632
864978
781868
399463
278299
259376
895795
285682
557391
487588
522805
901889
899414
790604
259255
676293
621702
526726
548198
802906
334763
59829
37492
914570
888675
940304
502904
205245
321427
481363
922489
516711
790609
59762
341166
146193
298145
872429
430810
93948
512281
423009
263892
883675
88973
280644
653750
980915
991711
925745
319141
462759
970332
553273
473531
229859
119671
575075
927784
169689
376584
395031
2410
444275
214716
837759
551762
717822
562076
957032
255516
475618
903258
731054
145782
496837
922336
186505
98470
931226
136431
122394
614027
253799
326057
268996
325617
175205
967969
970025
8078
721152
550497
968934
55916
10145
759105
28782
160411
759074
307294
77260
342576
705299
520978
384375
779184
620611
240817
268801
291010
933714
40129
975916
236707
173747
701560
834819
974925
253594
930339
685398
864218
937080
744792
938169
456943
339428
199649
755888
690451
847023
597812
189048
332326
663516
611062
842677
378730
106468
902954
331904
625819
995858
815642
124547
845495
338030
221202
185841
699320
117698
40800
933742
185192
617086
198754
481004
366787
70991
967110
32026
677579
692134
72153
252124
495191
455484
350527
549439
371221
515503
347391
867339
236766
357033
156083
213055
792532
224772
793430
234589
627443
987056
266369
293190
408355
804184
630151
518228
173255
831277
262125
338096
698673
419783
820322
605570
720045
283873
841030
689719
238059
745548
863064
78494
397097
106605
931910
742551
637284
729596
880249
245232
127052
743511
886400
555548
292940
233386
415483
114354
390923
647586
509835
273102
644486
796146
79506
513096
111292
254740
135576
217289
689734
442290
569872
222756
795173
525214
293588
364939
848167
777232
867889
774641
921671
881189
442982
81132
372728
364199
420952
750556
637047
70420
359087
851545
623826
485194
923103
597226
481008
710904
806332
149018
46207
150114
352533
121921
534900
393790
646379
947248
577961
582261
209847
611868
624366
958612
332381
142875
897470
387210
562366
592277
585005
168299
885389
365029
714787
224826
871900
600582
801780
720432
303332
60936
107927
671055
124702
111324
632182
275733
278482
863593
87240
678214
771727
413566
711839
13867
940195
158152
127443
723284
973424
661337
121707
212012
671806
302127
496429
867934
365047
545858
589688
249726
888498
559036
708808
458802
632379
890648
65861
60416
463051
69243
521401
248722
125048
3610
378854
922489
523217
861367
707682
248400
398406
527676
347291
516721
665214
76808
421483
940796
891241
931082
155136
438207
391172
939209
824414
593500
74647
476374
216764
743051
258304
869287
990472
588214
36079
303167
446607
513171
457160
716360
388762
290635
589847
143323
102515
139652
513048
516874
493825
890459
658572
814420
300363
439556
150032
867567
632047
223341
161208
394121
726451
54560
580276
21773
322690
122476
640804
319435
270146
968599
528176
319200
802905
728481
723227
339667
180566
654518
62492
719288
964798
20460
760475
181646
199043
947473
635865
788254
7273
983183
776024
312700
906417
734147
28813
311744
591725
173727
262133
35744
586910
724179
265753
343438
315529
112233
131606
627312
329063
354547
637720
554644
928186
404604
864731
764474
91931
167227
86923
551599
432446
161987
103678
552904
498356
920138
269250
859314
704414
947718
498841
33117
317212
582565
227765
693696
731653
814718
410832
617484
256575
213529
121650
750483
152228
181562
986456
593261
242201
359107
551837
105307
352627
272564
312002
631370
282785
881059
403925
496150
218683
570236
142776
728780
291190
196884
825387
511643
969295
469277
950876
102598
32966
830175
570431
336518
155081
641513
626801
114316
80666
864722
335605
86661
134641
242261
402250
133266
987892
808610
552276
499820
902252
56317
782755
777833
938725
198588
459323
31268
512581
578906
438402
238621
570101
941202
369484
667498
168959
58462
258025
433300
877368
59436
604315
423507
452357
25114
144839
203014
21732
804667
238381
904389
643157
357957
33696
772012
850556
959009
782848
733238
606044
631589
902379
223440
694726
614485
552689
695041
60135
543912
706128
822699
515092
736059
568106
714018
694526
952328
989182
711248
127708
59282
189957
693188
172728
334621
652626
694714
578558
327756
958265
945550
884592
797624
453812
777424
363343
85349
298473
573350
750247
745919
718270
977525
988819
62367
294278
34698
313679
891347
882036
896451
478661
816647
567442
811780
617913
75576
756821
243562
612445
859952
513350
946943
359385
315950
780204
730559
290951
205260
263955
790533
224868
236003
276551
313442
799607
9626
471928
419598
326827
377399
691963
29651
408307
488835
760628
42610
909720
823658
528381
404121
52271
756695
71574
922023
915769
233907
48188
240229
146937
925393
93614
345373
952212
934082
967084
399633
657722
310502
163352
230483
20434
756997
620025
284430
955963
22551
602868
181479
169181
835968
400746
39230
682643
130712
323562
653519
896480
687106
640650
297034
261660
506873
757139
456558
640692
553299
352965
954258
228386
295743
507256
448703
11499
499358
280451
607326
23991
254131
387506
625894
404592
694860
333114
886375
919939
925085
571582
41620
705914
837847
950195
999105
999493
907611
30755
420419
748038
455114
871284
998085
334252
756861
363445
585874
460708
60837
827675
921527
284888
28750
52740
722564
480577
274664
874910
826997
305487
48229
690948
217945
93074
30196
759126
871905
143291
967978
639314
34636
794402
584696
982186
905434
155434
453131
847195
89943
322029
673727
601296
109189
989812
164463
744175
980655
928771
217532
183881
570163
980176
237942
708239
443702
237594
816602
945629
720261
345067
317484
389947
981816
662940
977373
13378
294487
578493
741775
94884
629348
471529
688535
555446
69920
569146
948343
140710
233783
646660
950302
21111
299586
677372
683654
413051
315271
149897
770737
426838
720769
158908
865748
335309
65348
400796
175303
892669
22667
960713
358162
536570
451985
886552
693540
691108
449129
58759
984170
164438
189450
388266
215381
570673
301758
70417
143935
983525
234772
158420
797012
765616
629768
913802
105519
662704
562241
509284
279442
423800
465888
528656
955047
183987
837803
609643
758815
128165
602166
897500
773086
883520
946734
364045
975454
434361
551749
838041
533677
642406
531758
178016
932689
5625
38080
428092
126425
684512
632833
79696
945584
714335
858494
997148
744342
503527
779038
21144
506295
146902
259132
91840
868660
147559
638754
436705
244430
947802
906342
147160
909822
618175
755016
822285
219761
319897
824048
605011
494071
854596
821154
146634
603256
941498
815084
866561
87880
348028
636853
594227
606910
857630
759791
814348
2684
60546
502360
29796
156091
362976
562204
724952
989160
682439
313819
687443
80906
746153
333446
864521
597670
710679
738059
194643
521974
485151
247848
720978
96911
503774
872498
971749
877051
679972
302005
492520
329106
945523
969172
692865
571446
180206
108381
520576
865739
779335
310981
530800
235873
969702
185438
683416
543962
512704
594161
664312
667310
410413
660471
783043
870055
396668
208962
217829
556088
797213
232623
337063
218710
141928
381806
152190
908705
360204
396164
187469
707584
340479
366258
154614
802720
527671
652995
724370
820209
251661
750831
345218
13270
299402
615375
4404
134253
314653
13199
439502
894013
201260
136806
556654
728301
932878
956049
317514
124574
671779
97516
661209
536643
543095
574108
963235
562468
746722
244248
617424
203907
1530
523579
649793
414570
191669
974337
339412
715228
77580
862961
950322
55994
99581
97537
86510
748438
99263
951474
586906
501222
254298
777640
199761
128554
230072
101139
976523
202901
846243
724143
878909
137439
901632
104159
300390
207613
632978
289407
160339
413139
963911
765583
97877
945538
650523
833144
922031
82872
909325
800627
936770
875373
310343
393313
489699
366805
988981
755411
605338
721001
794085
985201
630358
9944
894931
479173
753161
924293
763501
926138
417939
278947
503970
669230
419893
346480
400686
299959
134661
695295
313135
797223
781038
253041
943374
782977
854924
370218
995341
961363
379660
592208
179739
727121
415199
314895
419289
715013
761208
182766
75334
946126
176533
79533
232233
769641
437064
221301
204273
763819
168608
243762
211053
665914
973938
35726
985322
954640
408819
97204
919691
87079
702732
30760
450550
266757
977326
866166
958055
319746
882205
640394
114909
858520
524084
683139
366953
483680
60823
7328
777291
371864
862955
391242
435812
717120
276446
169524
476765
252401
455138
335780
348634
615108
624084
528285
56079
299445
33826
561795
22233
759855
234456
158485
450549
985372
960909
239779
430392
454718
923386
53529
239069
816473
318221
530422
112762
853419
632682
488084
155376
795750
869011
340423
353047
261932
213360
294510
227738
727855
969940
592023
734318
933962
929207
262667
956176
674494
502728
590366
970408
784180
251938
479628
414584
260471
333346
378698
936961
119200
658420
639001
924391
517805
139873
270263
784761
637234
257469
561242
362571
314107
363974
84252
71507
466782
265485
190741
544717
924689
619389
250613
280888
473012
94277
581819
450893
391263
929131
185736
785761
86273
124210
60545
798352
764593
661707
289738
958344
249972
555391
142041
576604
47572
292719
222682
916145
173226
404401
405064
599677
638435
465734
546277
478679
840118
128714
752166
370495
12752
185121
274818
71636
616731
631867
891807
32868
633959
884605
220976
783450
6410
363053
979089
851275
369596
682263
653475
705246
715668
303807
76996
531687
998212
221356
230893
253999
367204
483526
854931
199030
212680
284820
719763
439041
4962
325150
205273
268846
404035
986196
510893
222100
786776
672835
381957
879473
6760
367960
66020
962971
662610
241964
4182
155719
656146
425753
763471
227341
339807
847899
302716
592139
826482
15430
992693
545040
800572
242898
134271
937578
356533
570053
172470
438358
649993
687482
508460
374013
824846
736485
124062
823422
980896
879523
177817
910855
458679
783565
439450
313357
330639
710300
54584
60903
448391
284017
746960
882102
663336
789854
762515
513034
539896
969261
904755
698018
790577
860375
361327
749241
690079
471672
555978
322914
8078
938199
364752
215343
519506
862497
913776
289051
436988
863037
99029
942749
891137
727507
122614
874480
407287
75568
646806
147933
624783
894306
540915
937112
520567
554670
378202
811523
427067
811776
337040
149871
302284
442996
591651
65426
559348
33417
32911
494619
254039
456081
328258
305125
511588
674545
221189
195597
205774
500957
814568
806976
194627
113605
260295
615919
234066
133487
531852
674596
953959
189053
523688
751338
418917
257548
695013
263808
773803
361286
421819
699530
32443
934902
828397
32752
872027
557979
786001
886344
734339
399013
45082
287267
50013
865806
92541
524741
350909
611633
749590
736313
328523
843152
338060
670708
373974
833589
187881
27429
993989
111377
104821
904004
803936
377802
878197
437942
767146
424266
914633
83872
359266
943500
805012
81040
677443
465771
714239
164705
814170
270011
623847
28620
720764
643482
263839
482073
683770
743025
347808
429483
872999
318394
878633
79535
260496
561277
852250
775498
190438
674415
132027
270900
651382
20654
806100
175507
726474
607850
358443
396219
305524
719611
378097
885318
635383
952907
919408
710961
585962
588528
384865
245936
599793
333481
193657
193598
86277
587639
403943
802412
834557
301248
867864
482544
625150
997274
339240
700978
868960
835701
923270
945057
996708
293282
517047
792700
685218
355517
669904
758506
400013
597299
917030
618467
904741
506864
50712
653379
485947
643861
503530
181477
456857
690163
497607
620136
710404
822855
545330
523608
197003
458271
305126
153259
627900
880430
319447
162171
917270
572769
894247
332648
86760
185412
175346
149766
364742
251198
701022
338190
335324
156362
198028
470889
667803
396158
73660
156662
148094
185783
505749
237987
760884
998137
930166
369921
188244
751709
20430
244138
573407
275468
791136
337308
25324
512061
112161
815842
973231
277336
109051
34962
685222
385724
668497
212571
267518
305652
147964
679722
388633
747937
475126
987515
385716
802235
225065
235242
493036
575211
851217
794792
181763
554925
912594
574982
909110
879330
53551
734206
604615
982817
8337
80569
553863
149358
179913
421084
957795
842842
626341
781706
850831
712579
26346
639617
406996
390295
296151
671690
82440
327778
738549
123052
120742
146460
620781
925905
38992
972073
361512
358491
828193
244586
365371
872785
850646
144574
280764
493160
109969
562766
671935
569020
207472
804614
875066
160119
5745
375578
518892
571005
671943
990715
26583
65105
992073
205641
27754
862760
55622
519516
428584
899386
822893
841162
1075
250240
384336
221998
723277
904403
883491
967465
436237
926950
564759
170213
925825
826147
454432
80089
36351
941182
861585
74498
273840
953472
639276
429694
227198
762225
37688
711363
818182
526497
165677
769938
242727
244105
14633
115300
866161
589025
253677
80972
652765
192907
155454
744802
68151
974910
533185
390888
881573
216001
76967
837937
289997
25729
772118
957775
682072
682979
872818
949440
980053
100746
755272
825715
833593
790407
370187
122140
240188
431142
67504
433393
770207
204595
791941
977202
566575
340184
119770
351326
565133
54549
954779
402224
309414
313097
849524
742539
338707
896130
487551
542174
723289
154987
894025
760992
824491
931054
75804
393512
984482
429453
641309
787899
431322
42194
976555
607731
379118
922909
620913
89869
408006
429073
104792
774383
611805
763688
868575
937066
238373
247334
862291
336077
451485
794630
850659
757619
762756
70585
761516
231910
238419
655471
947209
572930
468633
759910
846217
846399
294056
688727
812923
512159
323758
850453
32910
876629
181403
863901
323799
435558
476127
613566
715059
731194
880787
126958
252718
839499
747968
149463
940602
757766
298027
510813
888755
410222
444969
667776
449983
543886
115959
613506
925464
354814
705910
921579
722385
389367
281348
381597
916191
468187
348999
423047
261983
324454
655979
661745
492448
782853
709137
145979
101425
451939
482565
89426
264450
26545
354768
794790
777909
873062
111563
331415
153380
676913
977852
814744
147817
196230
682870
7876
733987
529154
379039
132365
145265
625829
868317
562624
745852
971891
868084
804913
934580
704629
884124
379774
407547
332681
99904
144733
16748
16695
733498
803419
614695
688912
604237
41503
83134
969585
435792
94545
204256
107835
664646
985236
668135
141811
204263
738602
34082
276540
711315
119394
725977
655287
469030
773485
417061
392869
271596
541060
282287
333879
339864
949848
550855
856731
122293
29655
314089
698836
82451
85087
795080
921109
878091
815968
51061
761279
430498
722775
228876
691224
759409
682220
240604
585901
281966
206478
163494
814932
971792
941697
29674
658341
174481
352314
835989
279288
941362
238477
575726
765907
888297
121186
150241
480542
539493
203534
268405
185493
933615
883457
593114
416774
681879
110345
26061
269855
454236
837680
609769
843658
660498
651071
867815
385303
780016
866750
965532
581337
298171
174597
695257
207381
994474
909112
979403
318738
88803
692982
899366
289336
994573
633282
720817
515838
827604
781003
347698
470251
975565
655267
295121
449403
476654
872995
326852
656845
906544
443432
892993
161517
78531
287741
507029
285829
727512
861286
355009
917061
603340
997230
397342
532983
443585
315060
658609
390309
886159
770130
960882
164066
330047
908701
359977
865623
125476
404411
44264
556679
745155
607730
559290
596621
14601
845518
537980
861511
179770
552192
728670
797765
51720
581368
965786
183732
459040
605182
131343
680202
576170
292215
76147
381343
974022
121948
214235
697859
965810
794946
687966
43580
733184
358898
721648
160688
725739
749176
347056
207306
321725
162945
971028
696134
816720
987363
450957
832915
452527
496653
33118
827119
727750
128598
681516
590682
657659
193765
990017
430615
194479
673007
538267
151654
502296
38176
652529
465962
410409
336521
453686
383344
979550
877174
581757
200876
766140
91484
675583
810080
59514
757097
861747
978802
421822
901083
863110
16688
110605
629842
101544
721104
799358
766440
343263
768201
847368
157456
796815
423559
911319
266199
697462
359952
562237
779147
197562
345793
942454
358283
834728
775232
517697
684502
688796
392990
763652
246345
425690
745587
467128
766302
244146
980330
129734
908507
447068
872976
284763
93932
70810
428925
135294
494964
25672
65521
965251
333997
953790
346479
320803
541216
229010
412290
21891
931063
637722
554644
669069
667062
711143
164548
812416
959654
380990
164884
296977
122551
424957
497025
335160
486600
841672
458882
43574
181141
709835
204067
752593
459538
856867
852368
534247
499890
322690
802614
292292
142315
165595
66219
409478
208245
25810
509247
68799
283506
472759
384808
488131
557159
750771
599483
356727
524114
396999
84805
132742
760733
44638
519241
609370
405602
429658
982822
881579
245185
268269
415477
430547
515472
719251
586722
995007
677178
334369
972407
540883
784550
424515
404098
248327
849098
272681
852623
404243
37084
44836
712791
32017
99946
745269
170625
14377
525847
977455
424822
784245
178156
906310
770435
472086
873291
886584
72129
67620
241598
516046
674041
703938
662679
650805
21697
379010
362101
776148
858512
531132
932885
611206
627645
491609
162846
655076
116114
232654
464918
694549
929019
705301
620605
24533
920180
471030
881532
728151
98905
247971
41822
949587
81794
897425
244932
445165
704733
680787
804228
365021
773912
528877
887124
542968
815164
847304
437612
442257
467994
832545
442709
62343
498769
642747
955625
121786
273049
333422
819724
519490
649018
373057
733409
53858
925587
892257
750860
371195
215488
235538
223990
744744
623134
651194
955148
691908
910695
531343
103584
618162
424283
65733
810000
245865
533041
800640
407208
233173
286392
810513
631069
381933
56544
95132
14608
446404
265099
432537
172390
219889
575544
410456
395060
844412
386278
804894
739330
112474
17607
51709
650015
94504
465111
915571
974876
855578
559239
359268
384262
281778
801978
604248
864635
893247
793577
813852
862477
192595
47666
416409
631479
460365
61985
240486
685500
879261
246961
775386
990438
694398
603331
906778
125118
995787
52537
972112
406101
918262
154010
559570
724717
756575
252412
145213
354644
568475
749034
935874
673340
989414
768304
953327
955383
553863
572804
984550
337718
460649
463841
963664
675226
439639
69928
972109
633460
481889
467650
147207
905270
886979
433728
811938
159967
986790
135998
809550
103664
594166
344992
321912
764915
203345
101782
526036
448909
50383
619449
40545
955913
201303
512576
790916
680042
547228
274707
416037
253577
870678
844601
537635
188696
353669
718228
326360
520089
425391
836105
904717
108840
503878
750857
158715
841996
140231
6119
537078
880967
359280
896495
509369
949171
346078
668613
241447
693933
902930
826069
358061
975147
319833
728306
358088
85133
727135
266222
865638
539095
272780
809291
657939
928654
681616
648951
836710
285020
556804
932288
102213
85242
287432
469573
50816
755316
495056
584932
571943
162727
264457
828675
544417
367470
873748
731644
860966
922925
482573
256838
205640
248471
756068
863084
151730
326996
319181
165980
692249
566538
297586
39571
676829
886066
286665
611454
990531
543107
751847
582956
285245
514268
554344
608365
819699
522950
65556
988967
12295
323323
325262
775475
767908
795436
697273
855842
443954
683274
703584
579745
1579
253164
603384
555225
659580
632143
782549
657185
340108
636011
429427
708234
232957
353969
545704
437729
188511
780874
982219
723756
70620
872394
99147
743822
13507
831999
347267
556785
574558
546921
647561
954320
558890
584493
817465
612493
146565
791515
958254
585278
432853
744341
511157
768286
783213
249843
503941
589618
960386
863610
428018
569178
597146
506248
73854
244323
929016
872736
13828
549880
591522
612922
448005
590774
395628
703051
531258
222192
478351
485379
328529
173785
511426
67734
430004
875476
527163
872178
515409
869573
389888
637326
156338
763503
179654
621258
257020
816487
654807
214545
943927
731200
557770
177991
698063
909285
533634
917891
388724
849247
134605
533227
976285
791697
712549
342029
600690
204523
447721
731161
534652
992682
555349
918153
641823
545684
211451
754348
508790
109703
54775
67710
758942
222336
719349
651255
913344
778054
181741
758703
313498
223280
245780
551283
569697
291427
876118
514342
535584
851109
367247
728296
364500
911030
456698
753560
157614
630441
530473
658999
210804
987785
186491
565729
119533
901024
157369
732172
332287
478558
794057
451834
788914
166060
575240
209504
728096
704397
173474
397776
541483
759021
772100
810689
702729
184069
19267
839539
118413
250806
945923
995220
382047
139844
919362
782946
504886
794571
40556
725414
395578
430071
872715
539115
489266
671338
536502
794478
758248
723228
513690
379601
940333
932356
941264
963529
962822
518574
492804
566558
894194
922398
374216
720892
808466
376079
418399
880356
704762
57236
763208
420715
514383
470674
608051
699682
3447
281595
977679
890122
391904
611060
446516
381971
84708
949817
273487
235263
69082
983006
723835
206205
543333
836610
415208
557426
500634
815571
800142
554787
592401
753124
709177
725790
59779
251393
178298
151357
998532
773392
575729
208411
553461
587299
467281
271842
493284
181964
295241
61323
912897
874755
314222
524853
136078
125190
131660
846488
5819
666437
257788
598554
680697
214406
480036
758430
997987
812331
26968
726709
921115
205743
143013
763642
623603
991042
932436
857045
56356
536935
38130
288280
427511
23256
683961
468948
585199
564783
166885
869843
163546
508810
405696
486744
851658
160813
845114
69206
41829
294831
79154
49066
456506
113577
719757
115466
606462
692352
649017
826458
504627
744805
943489
160310
568578
969613
279778
876176
489153
8123
743191
296459
123752
595762
541229
529494
57837
600215
176834
428879
281626
352229
803696
399742
990440
958249
947129
500800
333504
939157
222644
360577
726786
358310
994602
148518
77347
42936
930561
86953
960200
877319
363040
928670
377988
883500
766127
579522
538170
280349
594633
789468
475181
845882
317524
27896
240952
86423
233547
986578
159449
416243
459854
524861
4731
380597
411656
284873
817220
476644
254819
777593
112000
525180
841665
37897
493175
164639
450981
908605
893233
702520
675039
773122
473835
735347
901160
484632
825573
587137
17348
79299
953340
56943
706493
690121
52628
415298
220742
585588
905160
815729
734128
553849
138639
112712
818752
429036
421761
247328
534365
220960
680923
885144
482488
597441
382741
161868
326748
172925
66556
237835
145956
427863
478542
98738
138532
261241
339501
144999
471450
42441
412773
681825
353306
584837
521021
682166
839163
388925
955778
304884
323862
992780
611171
609749
317451
621047
139230
733588
405126
803345
896859
889018
400863
156518
212833
83505
897301
589695
528831
823710
222703
199128
588065
446505
918257
815964
268010
374309
885666
721777
880627
103727
213393
494706
464275
540491
372928
890326
625706
635959
848467
138972
908568
284946
824766
594225
729995
609611
730186
163211
626907
562678
382543
121686
73685
664857
258816
208353
841351
792837
483536
881372
592547
492160
538667
923455
563825
917007
844250
313332
706256
316456
198861
750195
746873
841291
38622
181470
248142
816814
464110
307008
359579
10389
283308
946125
181655
202085
405801
368571
602108
155274
223551
796701
780740
918770
601981
548897
201967
264917
635416
56257
602971
861122
515602
429506
296127
310283
131875
731083
719822
296668
84867
637456
348280
976814
149250
856727
475273
664085
711440
955080
182417
108712
42078
161768
36996
303214
816335
647197
472079
545185
968690
500211
847465
879219
48992
443974
781522
846479
580439
295035
662945
289519
502419
880467
871767
814075
413130
412387
936047
969122
110764
577930
387150
362135
418217
188423
932600
174765
471296
836423
296437
932151
381798
654476
647899
521999
169159
348585
47011
261310
47323
711951
194016
25803
690353
245446
59421
229729
500402
154247
976889
761176
812931
277881
933308
292302
556149
274495
177199
410300
610957
9110
34149
557046
731588
53527
401178
818104
369147
416913
724115
604638
632406
252207
45300
937450
337659
914127
838151
763211
660836
415481
258595
277225
136172
921341
515022
308995
419844
550961
952253
644986
916051
670763
629359
996586
839685
354082
841072
378032
47093
821886
583520
343907
193843
101626
100158
61004
898205
799364
537578
819293
550913
570636
290189
746
132003
286045
594564
39780
731936
245190
979628
866747
565422
302917
288174
492199
869370
582826
647176
387297
786701
964595
112979
184497
765973
442127
569460
739418
310940
615461
829864
856614
194629
939208
138132
293403
118443
870992
200822
153914
402824
927224
56214
503557
198326
937633
721381
146493
730869
997400
606428
67798
192450
190114
984198
120555
468034
285495
921244
298200
117067
183709
359765
435457
615621
162307
358992
99186
249631
610566
357985
383031
737187
548612
750438
189356
253405
96064
328425
747788
198699
15906
543409
653921
797923
558633
273069
945260
113837
160064
679386
445415
14189
705166
522421
938200
22884
829530
794341
895812
314445
586855
593809
170426
815168
61057
272960
41655
22343
82535
703130
536990
543809
893318
142459
490283
716555
260952
181846
477003
195339
194389
982847
558309
103561
563527
480870
334966
988925
754768
167448
50222
641368
383453
88697
838847
564184
750315
576210
21755
687530
190956
336584
787134
281550
208597
126015
139474
716735
642303
887236
170376
16332
297281
197421
500416
995035
668734
102545
312905
399161
240584
470687
965048
601301
61228
511064
291102
505293
148775
435126
621949
505983
255268
848055
954783
569886
688900
12868
679048
456170
43985
598685
928403
224516
485647
209974
554468
204214
494273
223226
458756
299271
55581
59673
197872
520309
407737
269640
37297
592517
70960
193918
612174
816646
224448
331373
674220
411920
176627
52312
899080
728645
194872
868266
874010
216186
613440
742394
226607
923891
59289
899466
468903
719948
175155
928676
436298
983856
835631
407825
420329
371957
164352
112922
510576
828745
859593
928500
566247
787436
514766
343886
885218
528769
882140
157769
27228
593654
410935
347135
9267
802523
780709
268546
62939
577947
258356
184849
712466
400392
528768
131765
482272
184827
106210
658921
290865
711302
824394
708094
949814
319554
706278
262487
711871
675408
644274
72861
402624
858865
869774
475274
653182
937622
437117
508564
618679
311363
240241
493627
830789
98925
789650
854882
625089
244647
521633
732041
421585
154066
745475
530175
699517
778922
511559
860628
740809
693807
441144
206451
108339
607814
890221
577775
145175
916883
442013
981104
585583
391626
594988
647993
60275
332831
652972
522113
258353
457839
470944
578708
798908
267070
674849
161667
736734
747828
475260
270987
481114
356286
627122
469021
63880
703256
553796
175170
849167
927713
380821
365267
516767
662370
290859
649899
111645
578797
557508
345471
648980
491649
360086
448025
516840
63920
961872
529754
9041
507490
988756
57247
994603
639942
365577
10155
422841
330744
697205
616134
823253
697015
984597
640048
781114
87208
308942
243219
821638
874125
97326
506866
530709
967757
677448
307254
37825
258564
566510
182189
288090
317220
358038
560865
610553
644399
266513
639871
678152
186545
498039
161856
605653
26192
661756
485362
720127
668244
305833
971764
971648
909207
123470
338159
444786
857782
605698
721536
851864
284075
502135
781295
193430
929147
370024
413987
150600
718779
652916
66263
889968
356577
480417
686249
381809
935894
446194
559067
937713
641229
665573
787659
675748
801232
996119
937488
358577
212104
716245
525777
799252
927069
766842
328476
664815
244703
794186
183563
126309
719781
670053
206871
205396
501229
604938
662265
266152
176083
236031
420239
433293
772928
218307
168992
31849
762501
643095
549279
288626
11403
643882
445054
285596
437316
740369
634102
826326
170844
974909
44175
64766
501205
669697
479895
394674
79620
285844
506259
580538
759109
414176
46453
396551
497113
266968
897151
251106
335121
923209
320054
439497
559374
806537
764435
186803
350172
464570
953679
446469
565149
450116
425884
999757
579839
117835
697545
109043
832747
728575
825473
291097
690849
215676
815433
231948
857123
866990
409584
461794
510169
717688
477326
622622
701677
772395
11084
301505
293122
606109
939333
844192
827584
994540
801296
311239
577860
453533
626104
354308
903710
834976
842823
1981
527832
95461
360169
550129
217405
572174
861418
75850
774576
904380
919514
944246
231388
340625
870765
872287
537698
255414
482271
189345
621629
992060
900062
910687
734362
142172
489968
677854
466623
450204
622109
667141
631510
435652
366373
193029
197232
582755
902001
252851
341526
185398
374066
471102
795183
723342
325404
34931
840959
434353
383713
882631
271613
14285
364334
626013
526272
97715
832269
939481
377943
515016
339005
697255
378992
691515
499130
436841
269389
811005
722007
287512
354250
355873
505397
727800
953260
342406
326998
660643
25999
331461
891986
169864
896512
226381
12933
474633
805085
973735
854206
855260
468265
546316
664066
984536
113748
444730
798478
235572
294566
524643
264613
842271
194897
526882
406431
367525
396095
278102
810605
801280
854858
115551
183825
13285
109617
553082
785331
845510
787166
422963
856738
365560
337207
601298
679794
367354
179648
792641
746752
393936
457421
211503
495552
261049
911821
864329
150155
674931
922773
394001
664064
341949
371809
426635
291264
675366
482613
911567
441015
694300
933844
120430
107112
393571
685716
87600
355598
867580
562969
342119
405823
531333
137705
867606
840876
120588
330194
372807
66256
615504
342705
390761
904398
940283
422952
902246
64340
136858
552795
164116
880573
115723
833105
160709
147191
610015
128944
108053
800125
165385
788203
862769
92109
124461
888099
279192
833074
199245
534636
265473
785871
636686
301939
696226
54987
925251
196249
385964
842131
368488
841588
747168
469346
695166
827873
612188
490096
889418
390825
120192
746090
720286
366459
492949
386515
598336
123213
719405
584958
193853
127564
629848
93383
772694
33583
210757
692349
447946
96498
908158
993875
744594
167220
249974
528558
561766
227187
372468
739621
866363
931631
133576
981979
866869
725581
338377
675832
423506
389004
336956
574096
89606
736808
848103
531529
223574
127575
102978
857919
843128
746579
307460
192523
730659
1994
248371
133102
270111
641491
506332
293428
340219
665856
96652
749394
562055
757065
915069
778040
637778
812924
861728
685695
952192
932526
579029
181388
432645
797881
739194
929936
78906
377639
132597
444043
950030
23153
259615
84476
188956
885453
771216
761336
435501
5744
743167
460761
260639
858435
255245
583897
840359
898075
544077
716895
85860
729249
50513
207117
846235
292790
704130
158767
676565
313939
58715
667296
569446
748859
348634
136989
132997
390263
917853
963625
277908
153757
667137
393774
907041
271777
855059
77912
779245
607933
869344
975712
283238
156237
99992
461132
713079
87924
170989
727350
595704
90103
859861
741636
105528
382999
104957
207515
350914
929767
490342
862313
540077
456774
865247
351928
679482
925692
190043
124704
938948
429521
7647
736185
982465
893241
968367
421280
34611
942502
44117
505361
43290
375445
503685
870111
868087
929109
656330
47306
214611
154577
265429
829904
623323
270580
672015
194099
334272
605295
570433
545581
161701
408928
611220
531999
430436
540977
324154
436507
379850
622314
720230
574709
282112
301027
756123
113530
710701
137406
389266
349054
506444
391145
473423
469437
115136
606048
322937
72722
342049
647681
97954
234923
59362
758382
366462
198228
139405
446935
692050
918952
1137
540721
846493
534656
803564
605715
800528
677982
727291
911005
98832
592731
487977
707732
42795
883289
528088
459013
429443
457498
654851
835899
460031
133964
28228
714186
896151
737681
686949
14157
553583
257687
611411
617726
927085
863384
472087
300867
535799
613720
444104
551542
564468
975449
494559
502274
688695
120586
639886
846275
597338
819292
749935
13165
203849
924419
695990
246747
864183
446238
512385
349052
439372
346439
268297
806606
43719
106636
176661
458059
640168
756509
389572
547515
606529
575657
109880
266121
956526
22808
711330
73008
586403
168623
883810
349399
583047
304225
503080
103528
626663
409507
975361
775441
868808
671364
7197
801437
166373
149968
838591
530715
17637
224658
805650
576448
882382
767172
990903
286723
565671
569875
490555
338749
66945
349187
948058
203532
992523
240585
163117
34132
619814
224554
602094
856422
90924
988906
671743
744487
576823
252982
529607
39071
469637
983890
731721
750674
266301
360450
28337
936091
135040
578561
381155
191202
55622
611291
226832
888848
896870
290671
452569
442585
106103
17870
287147
216139
858633
69698
334148
818209
815609
801808
356067
230715
955787
237107
472193
978095
539715
793654
23690
998918
166293
931470
424155
895207
388838
682912
35932
806716
60945
419842
526846
586246
590854
463876
827797
386621
471340
451355
248314
725183
658952
536076
687534
447688
703084
612955
876404
470843
435028
115389
507367
515454
535734
969237
522319
813021
915140
761515
402524
133031
668685
107943
419523
968903
102725
830625
818817
315226
369921
845419
767752
318646
356031
677109
500946
837992
801222
404084
829404
135157
942893
531074
367355
247025
351875
380995
939951
871445
965340
423065
328368
369557
72782
243555
223371
196194
263404
460684
185162
699555
984866
685114
237985
756031
446925
613265
379888
539194
801404
267470
97265
70228
970605
427854
893434
901917
963965
509279
257354
421223
157785
315548
488882
506803
808670
44076
790076
39816
468073
614217
755797
161660
990152
128290
311865
277929
759233
768342
825518
327165
51373
756309
208199
723163
881044
709879
689472
331302
765538
548374
848283
724375
163104
529851
423866
578329
774712
507097
874907
185123
959478
655545
270950
485180
117821
248802
194726
615196
744885
472343
631456
203815
537581
333758
921812
287388
943484
83450
507704
510362
347831
364481
991248
17571
459999
875612
924162
837196
295442
210185
823145
664555
557019
226810
701507
498977
664449
172862
923176
770592
738956
548368
942830
365859
856327
879467
945288
123520
643144
194190
409698
430605
490830
180702
732664
480436
805547
712146
258838
530311
865384
823263
356838
387376
875513
846407
885724
357556
361124
810842
282006
662642
188043
327574
247233
684156
193623
654200
143503
495208
186879
399531
172962
388121
44926
321021
643698
687124
954035
966062
637928
289474
713403
310539
120594
399283
373827
813987
790020
165305
835698
300489
98078
998212
4468
657447
648680
205797
413690
513726
257754
936327
151421
41624
124063
880666
247306
253866
853448
740988
559130
250464
538582
486637
603385
580090
363840
203367
508302
972150
907531
829939
971314
600207
546950
580077
348546
177532
490656
763475
149
497087
195308
981966
188101
995305
458642
681685
181273
190925
618333
372493
758420
774454
591992
854338
805161
457432
652351
14204
15660
986621
851160
772778
792900
951074
489300
675968
622849
735072
958993
277926
928085
38331
390989
62271
737200
723021
559940
438048
156268
414904
141960
393073
10637
879955
891403
448805
863161
686840
601894
34704
313129
498476
650241
767189
133521
17727
929689
148350
444822
438889
181457
183009
469433
467270
828547
140032
721762
300501
412688
709654
810843
336707
648260
399136
286996
487426
340120
296471
800889
443191
764000
980558
622611
623640
424313
795517
874492
836757
2880
89575
500191
665293
428430
744546
901774
558621
923649
955445
417356
245885
732463
886158
425523
893065
701808
647380
557482
809816
964973
422396
486252
361765
296312
944894
406480
697546
684441
652948
245512
22948
352471
429948
872361
957434
265111
50933
553257
44242
212562
6008
406840
592882
296793
809253
631021
865906
980616
787945
765602
245415
897497
784953
581913
920274
867349
328679
973440
165320
838837
383459
397738
409455
71764
704141
735972
240426
25023
434482
311809
906671
837970
507650
989409
848853
838065
447871
159094
394459
318482
343352
506944
33752
841105
756184
218014
534758
772735
740168
308753
620825
747481
926821
450698
207873
837601
238861
122420
149630
698385
643072
970318
742615
91897
16765
41548
920411
905601
949805
658647
74088
497504
669730
892086
317692
670494
963415
255593
224524
519528
776904
407799
122489
472360
780603
930591
677186
597805
793517
3338
884657
173843
679218
412225
843846
952296
931903
170378
616869
430871
171495
771568
343311
809752
31922
290205
127981
636782
544398
971255
870227
840715
514378
70593
598966
786304
427251
768294
710353
701701
762861
411181
398726
611073
228941
219723
482871
623987
382030
130852
813939
852830
643110
793442
925055
366044
220662
807306
406069
877941
719468
737654
770076
352601
723257
765019
974541
581578
443485
47085
211844
281367
63901
278162
353851
140807
799637
419795
531524
501307
281894
998391
730112
405652
867849
673713
76472
831839
112610
311095
781956
418505
230439
100565
2795
583148
677351
60063
743186
425624
182165
368198
641006
21380
837835
926278
540377
292264
852038
815716
830087
238030
821363
475225
406125
355024
573405
83751
738989
91888
256831
610437
117814
622787
593019
74223
813518
204528
478448
412371
823442
341242
721122
198299
294012
586420
466970
514711
39826
750479
502008
970460
792061
961031
264597
971688
404149
590777
8576
841891
999122
870381
357076
63819
683780
36831
257289
681188
87975
899375
329841
879317
214579
796333
798353
840713
744119
764990
887563
600093
705732
188199
138658
88258
730346
230320
806612
886878
632823
294400
200995
575299
721544
168941
272668
551058
953468
456132
239447
234869
989304
411142
83413
781490
612493
950750
251513
22937
850221
555600
461185
793894
501480
700347
497252
853325
52157
773128
112886
213342
953294
583306
147885
534817
507698
438951
987688
393830
142226
96131
801957
103206
739969
398851
334555
738183
362775
887484
652467
879559
159821
780218
209142
625494
429083
391711
123327
399426
405865
626041
647809
795403
104568
396532
1218
800724
528312
274096
825471
972266
67783
616112
306218
64312
150585
715399
9446
824230
828424
946325
3141
647350
75194
967079
158232
346476
882805
581047
979059
769486
94917
510332
338428
130701
48075
644081
659306
906925
319307
380280
727414
367061
903617
897255
552962
340393
904235
936526
429809
453129
755826
865926
542858
988074
768387
411949
410364
64040
617549
391038
455089
505286
972467
872239
807394
765760
986900
279410
406474
82756
35246
716820
978510
522211
555563
260324
34032
549667
801490
386336
112308
878621
130008
329022
469384
17885
42735
34018
307030
622464
649934
11737
97478
770926
723197
110530
7112
747931
302952
482282
639599
104561
516974
329160
9860
226952
46268
229353
851825
534812
249225
790019
216276
472668
129996
950879
792635
218838
678011
693437
645246
190041
373910
13268
115467
963580
487674
902047
821145
73756
391828
953151
445428
444975
490037
975574
835623
802054
947915
11329
823767
917835
907171
826971
500878
892637
124878
951423
567071
331482
917950
698388
593276
240887
772576
183811
787844
955084
52536
320240
798343
920749
618606
332428
558841
806597
124056
225475
114427
386052
276356
463457
672142
643308
15403
621297
801064
114433
149214
909930
327855
949800
692178
477535
385425
288133
364292
128964
174093
785015
785144
984999
797737
769572
326872
984484
135892
576236
848595
351334
58189
420462
603912
131183
729106
291756
673776
386201
922396
44123
506536
623847
200347
629659
138368
689739
553820
903052
865014
735105
481023
616008
365242
895051
891725
752583
104586
697105
635779
572709
618854
379358
697020
903986
801329
364842
354629
238967
768809
397747
229749
347879
331091
799230
787235
573146
630444
438521
614293
39039
171176
910118
536540
128639
505821
745033
212867
102786
954745
324184
539583
312777
126699
46064
525523
739879
840765
983865
5709
535702
749740
769739
45496
128588
884649
66474
721094
560646
899719
411273
545429
726389
126375
612360
372516
484571
587174
362826
698496
319650
801102
618332
150063
353631
300334
327920
95372
887997
866617
980128
641739
820282
535143
523815
780275
922392
103271
118187
554207
661840
812717
994606
486951
712795
554299
879382
100548
897817
37615
353283
83423
956594
618243
741334
799178
18744
221215
424831
695613
599529
560408
872671
781739
551024
881086
298461
870928
593438
73903
483150
913754
143367
867728
246654
308511
727433
191668
903880
102030
559555
575271
355400
87778
554266
160378
175390
82562
578957
415554
926105
967702
451721
851796
695316
266
83821
105322
329852
853562
111853
306763
921104
658454
798838
926575
889260
16870
335825
160461
324362
587504
421429
178504
406253
650915
734208
392090
531953
176913
358786
46028
955679
98048
107574
373432
66113
802432
277226
850510
92824
705390
598210
353442
167023
661266
815329
602172
635578
603484
592667
572474
113086
55989
292703
94678
45373
980759
126436
772167
488742
779637
145758
373752
848303
274260
384921
926559
614156
810548
547332
921816
131872
737624
59678
449105
825897
993667
105521
649584
828412
532380
396150
461925
315216
723363
228236
987803
754905
98331
790512
206381
563675
874152
527277
600750
397703
633449
794587
696449
942176
32710
287324
670707
904846
667241
56141
44568
462764
825925
330134
687875
124338
351285
103471
248777
725064
693467
541575
386580
736810
539882
285281
11938
626128
920758
153659
305440
561890
831424
647613
370318
529360
865112
234146
443297
374202
819467
326047
196847
950554
75037
121859
401542
410036
472751
541870
941626
968700
137932
318718
94317
738620
252900
580057
229740
663173
406716
309692
222055
669333
602847
1848
796704
454875
175075
262207
434793
921488
462275
694649
641360
488349
355982
309196
105812
575912
242353
891199
241545
424454
575565
604052
391805
981338
75952
888273
383522
127507
985991
12835
659816
710369
259064
774965
681013
813682
151431
384158
785224
230722
943393
804497
919317
833255
118228
511870
803024
182954
53889
891314
830486
799603
246216
416741
22798
828175
542054
163157
519505
875738
866058
513274
987620
740404
952016
338525
492323
7105
387156
474965
263697
335879
135305
411707
780315
935900
401983
887527
822951
635026
845682
280741
803337
51072
90636
597090
970093
483729
575465
306912
910899
28342
931201
228581
983334
881000
990879
653480
497197
567372
280440
629110
333225
788918
221291
329667
35296
645790
36113
124747
205000
895682
91812
982505
17580
743489
688912
166753
67947
637744
161203
913190
228082
176631
624516
281733
447254
648923
314893
669187
443325
791132
629304
246138
208493
680285
537747
582426
292054
10030
542388
164582
966675
639904
244935
820379
979696
965324
664445
944016
947294
32979
36299
357812
348902
714755
744920
550926
603805
345173
514297
601066
367974
310175
38227
844908
742709
973715
833739
655430
469077
455899
387357
519023
473822
294042
275605
872779
637791
551023
649688
259640
224317
409021
621235
506130
556941
528325
378387
433294
479317
102340
397289
634789
427682
635641
557342
382484
508398
587612
594438
753697
3754
309570
575955
466569
585384
873919
475523
869737
944888
267349
872297
242036
149615
355082
767337
697160
934648
965315
345285
734165
29190
924548
231284
461211
865209
751212
432816
850830
206767
445671
207895
714130
426654
553738
39388
498101
247522
889204
210977
131879
842682
198088
547998
984793
736131
640234
699923
298447
627087
82655
788157
580989
870034
647088
454815
805040
308978
245954
227361
801673
623090
979690
635772
410282
810522
794567
537659
854213
698806
466649
945854
66965
160995
264087
507581
926327
461379
177458
598993
996532
640124
219086
22236
499770
502677
613184
604839
101188
597843
293761
123449
556367
59655
208322
748254
689837
573202
433937
199759
57031
311811
745623
133458
252314
720813
772308
460127
535894
268795
684003
543189
679836
88993
450837
668464
372242
677810
546297
705529
825175
817449
47246
378336
593689
191279
133152
559810
799453
711031
313893
406750
57672
735034
220347
200734
268629
901521
44820
648015
300691
164979
775120
273248
196942
827995
142501
334294
351191
260139
564944
344369
770583
62693
267281
253336
492158
960836
594004
547042
945747
997107
272922
514652
781296
754051
53579
709196
622324
357711
791001
547622
296153
25223
24794
473428
181671
820503
102479
97020
177038
521011
61899
370669
201798
534673
616084
909855
578346
3118
334620
105414
707272
825604
49818
600624
245093
627561
93622
776335
240042
622902
660372
786045
61461
682538
75417
381154
430137
120580
525274
333284
823582
405040
248723
936050
675338
690351
709881
534911
191060
895167
106282
228329
649918
927471
99404
854493
100366
564898
496807
353414
956505
56706
393377
610085
146793
931596
622393
600735
691380
757719
36622
878706
213778
927777
901758
833446
382425
841422
371460
720501
349091
553244
711637
177696
488665
653338
157282
454104
254268
627369
321566
977502
821552
671865
682688
977419
945458
405524
334775
384465
915957
686345
797647
971380
708666
758849
302316
975071
275736
185477
894435
446849
590043
535090
228732
750574
439893
635359
726706
887553
340106
773238
421615
180444
367276
100970
905724
336279
119183
49639
700179
966651
131674
114334
516225
606775
697171
76703
791187
916200
947278
88922
658734
675542
370594
769108
32748
145422
603651
860870
44194
265774
119724
480709
362499
171070
167908
200251
923575
741974
522418
786194
1301
559757
432629
57562
516972
759956
211848
866454
349815
230453
713401
725898
436269
120662
527680
105451
789372
924827
954967
308451
382882
246440
396869
382801
482713
664639
70295
282489
88907
785503
503106
414644
92809
743889
842566
451365
7872
92142
848139
375097
808772
489225
272911
895359
135382
7794
661603
616363
329922
637458
911034
302330
606878
612662
911833
65065
985517
503298
86279
550919
223505
85835
589612
617883
97508
336354
690436
116116
352136
948922
325827
148960
186362
810412
728250
645124
115975
860650
292144
693
400720
860700
860842
574647
931686
232514
454628
352480
120230
507894
3692
889162
312249
888343
180923
38630
38631
221643
27326
33517
486146
30344
744005
799174
535517
386185
821837
135462
539350
866277
687482
823831
151726
550563
184807
840210
588990
394720
179952
113138
543721
625364
79198
274474
553972
296933
795493
954849
110646
36510
467720
423485
830182
298187
775684
50873
342206
162185
120652
795230
199738
43104
596682
800718
993594
808779
375579
970872
225973
711837
580716
387975
171491
43846
379017
374567
314301
267427
785657
205783
78577
899807
678136
930098
594746
43309
853723
942323
206950
923635
146819
589278
342188
803975
405779
371552
539769
233837
750892
861649
175053
615329
596515
601213
203648
406286
919364
502031
102517
505616
469324
39272
788181
440053
900332
323554
783601
437239
722152
192702
437683
454435
328130
248621
667524
924634
972722
428121
330591
174842
904290
935719
714175
420104
933448
373371
266240
879273
485103
779695
152184
206022
917150
974958
581254
695576
633579
26987
468967
263892
412557
292271
230369
833700
323563
465473
377076
107471
213506
432152
307482
764080
660535
840800
751992
465584
111624
549760
767694
503452
348131
996244
863899
259628
526333
554131
459024
778342
395860
398166
231861
547077
194990
486519
960294
402846
161130
342975
889810
294864
662505
426294
12539
66342
375727
891282
788344
200133
343347
977197
797997
506684
171743
282725
621865
10646
404674
373708
16298
714500
959917
932382
790805
784955
584077
291682
375315
678443
93248
51974
529769
198985
867414
274544
692923
553190
590465
241107
182914
311380
973679
396849
634995
377302
121690
658225
572877
90804
612169
209692
968247
988304
285063
334256
985940
658793
709425
742210
602245
282209
961758
833091
965314
264999
274931
482835
546595
940523
595220
26689
61150
42408
563328
180275
50533
27282
881444
706706
194079
628252
342314
748523
553816
681995
934333
946505
971346
987405
978559
41044
703270
964631
907655
930643
920540
864478
865585
278128
724073
42732
676685
603205
926260
507658
584732
373854
728917
941347
290130
666599
854024
260531
107063
329479
946061
309393
203374
721008
67022
159265
402526
939952
460591
946165
514831
329825
82422
646821
250661
995280
21078
428488
899815
271119
73625
121175
487611
549901
529009
680825
721327
984496
287448
199182
89252
949584
953028
989722
804726
786507
112599
2907
83576
931988
426354
890404
482523
397923
491382
697172
839932
491826
190677
942180
515701
35172
670861
746216
103291
4374
87064
967790
84169
817925
250377
348526
427801
995314
320532
419580
620163
545099
119926
773944
70860
433223
53506
569730
677656
843005
576537
423956
306944
738303
789812
896429
300303
543465
928867
51653
726415
909606
457363
53664
708700
149527
623892
424283
339051
742574
18704
972777
579191
935636
505924
994158
825591
765556
885966
468713
375138
94064
721589
580255
260401
300176
286766
285504
425769
513992
482458
840004
194331
649416
221867
304954
386986
401146
726648
64587
391561
53473
664940
564952
603621
667933
246809
309113
269287
48527
322412
202160
945290
152797
579613
733984
845266
892573
324911
315269
461305
486578
853799
39837
709687
623304
103956
764424
76775
986073
816871
696901
764366
802566
596179
244512
874067
10375
56967
745900
225799
935395
921961
150676
343531
403587
256588
158580
848360
833124
629353
209761
120598
246128
619347
168910
228179
428184
476997
161827
606735
401851
471204
77975
361510
925944
212756
257054
455580
846930
554974
131458
249224
825024
955046
45071
228668
87885
695857
568893
712726
22318
275633
856012
753266
311779
187892
651450
426193
960854
979627
226444
671274
423330
556265
381160
747684
920938
231183
407113
809120
470712
870818
281385
3907
171533
644754
714539
384898
864904
524235
440583
535479
378601
5986
452523
507836
100337
370936
115840
355147
841028
632698
466792
877688
405929
186533
541660
649079
290351
3241
264543
304507
574251
15031
674089
178717
222960
536204
192253
556559
500743
194570
12171
694315
954099
99662
141658
109171
695600
433412
354665
727537
329153
269092
817182
543473
964515
219624
822541
759591
447016
850722
67069
711133
905245
262458
748935
767114
377492
505040
487052
143204
393995
20516
921540
685651
573983
668676
40777
345486
162897
946589
501465
603837
974541
729635
270922
172851
205200
201676
167195
910677
696235
492615
83051
858243
72670
585409
816403
977603
775659
328939
120440
822155
450244
186246
432661
813264
864518
759123
854490
653204
557455
849947
624458
46120
997431
270350
804889
7087
202994
290767
17922
981321
662765
980885
833259
190645
584248
334939
628309
751255
270886
573023
350354
837897
959183
955376
145420
301365
349747
947142
169811
51823
882537
878123
796873
643837
254091
865097
504998
828119
14335
783523
555895
261207
51413
145182
209769
990106
379036
827783
503008
452147
68433
926685
876841
341136
937200
199865
691687
602927
502115
303812
976264
799388
494222
231000
813850
639470
985040
146840
893901
710308
635248
348347
320504
544131
227783
74761
401011
123501
425787
489452
977959
454127
741456
112864
604868
269559
633089
6680
309876
234561
496315
169728
323558
455282
937585
896669
887592
629265
846249
646770
134456
118311
877887
665529
353264
578413
89549
224864
850254
509162
140931
442441
705620
281705
512330
569843
584653
80540
321359
597049
495337
872571
888016
34529
59113
871593
325065
86442
480112
576585
257839
750725
61157
240453
787891
441985
232156
300206
606963
586114
95349
244429
904932
605361
934361
62191
495450
990877
67166
71174
574919
888888
663498
753153
37123
937760
163415
902743
579540
966804
486892
861101
639595
798851
632812
60933
210572
841831
863317
172397
244345
10543
243227
12448
372799
622105
305167
160285
703340
306551
379177
121476
171805
572
133561
667802
627128
141753
182874
571785
638039
254530
958585
970670
490988
604908
67700
148546
303251
676831
692991
619157
478095
423049
247018
664949
102810
33352
938777
90729
834238
842848
880275
600503
930945
57758
214444
384183
981945
967758
248043
413639
58916
760375
579916
596811
95434
478150
501352
168289
157181
406944
418041
465660
216634
813128
823851
93075
93223
305757
967569
571007
789375
607852
212871
775988
711576
963891
648072
997014
47899
127710
579516
793704
428798
819157
784748
424456
203501
958845
516654
282580
296809
834440
599057
159815
645462
357168
413903
99378
468998
729528
823889
666172
369374
955742
470158
271085
894137
333590
516949
865431
884793
908626
818958
611084
378031
974742
529657
792438
163223
222290
312731
258613
805531
923890
884888
677282
786708
441808
398061
57518
506570
40749
580119
280702
909910
699343
404543
135081
157224
330410
829037
335371
206540
969226
497811
77694
705564
682790
711848
763773
859247
147361
716631
534103
758175
535164
119912
462205
755415
7602
718507
135209
472044
736504
200924
496528
27349
192505
447004
437281
997737
959182
111739
199441
840687
94243
607591
480992
796942
237841
661483
447415
300538
737561
957514
764285
599883
252418
199308
767004
568129
174978
951728
420299
32728
316582
660861
597983
465200
579935
617420
962549
70571
88866
20877
255247
619258
176281
311648
478889
578966
459550
968683
323948
321426
445482
648605
791881
287328
889131
170008
340275
249580
10008
21167
665881
653745
587192
559470
292747
58249
586382
230305
141012
965967
581150
629918
677879
804225
153064
842856
709616
895113
829419
866972
195178
951244
757931
19238
277278
295570
911669
112115
113399
262066
64427
849217
135583
735543
813159
823828
651887
813684
710138
813229
839495
567850
478242
880705
272205
576421
106115
579787
394871
108342
728917
140768
479747
20995
217822
260797
245065
432973
317081
885325
810378
464021
694316
560380
409260
796318
138476
46858
283994
762400
506642
786917
742527
104254
497944
578684
303782
702813
791220
83939
598112
122888
431848
740663
15861
189338
228062
357041
461092
303179
873610
690688
290231
398642
302861
385252
496957
385646
992593
805272
447287
33759
136329
16997
439347
896526
551254
500198
131475
975673
875425
133210
873128
14466
962777
712638
406245
175078
276560
939795
310078
608274
107435
194151
258957
801020
115316
111277
592073
62066
243019
498360
198148
276256
429605
862459
414490
563300
373307
995824
612009
941967
980399
154899
919384
251928
334027
786361
445923
705594
377075
283639
721060
764068
617863
591262
404739
531262
274000
853785
656251
226587
545960
262142
830815
977323
542568
324641
792568
134564
116753
724822
271633
593110
772563
224134
491046
554655
720067
537714
807340
89141
501348
622137
224412
692663
312272
190412
339742
340879
511979
219557
2290
888005
579617
107241
860694
654421
50917
590916
558973
605185
712084
738616
612830
7866
581709
286003
17357
456318
494833
736311
649029
725954
117190
209569
153724
884356
90218
455778
411717
481470
763138
628176
752669
225872
17458
478869
652968
762921
932195
24703
108684
808899
37234
397339
162235
696061
237044
848149
386412
201180
524154
734018
155448
825175
783155
604058
224188
164600
961445
775921
869737
807909
931444
391217
578205
150915
507883
738716
844448
289769
473905
119590
173842
328404
169781
100307
886141
437384
601366
527130
990750
825650
378523
133436
744006
246511
166705
868301
804514
826099
43191
798054
569923
701172
488098
776447
878697
809083
283699
799386
801340
516299
808401
796395
887516
228360
583801
620089
755418
427520
422213
486903
249305
844020
231207
426477
953163
764653
182286
952363
268788
421436
816040
997077
956699
113192
148083
766578
44619
301048
958504
277690
485136
729438
131761
991440
682526
453787
99040
697861
774910
750074
89415
24607
997472
35758
435729
871186
683998
225683
90842
716498
750314
291659
462067
667499
982120
171337
411416
292393
416269
92880
168097
864359
770654
310575
959439
313724
113595
746059
870429
508936
127644
80227
559577
923988
627738
334977
22410
304859
376383
141735
498076
853572
667690
880242
683290
595277
189986
629644
683647
632921
639465
645322
166111
946387
557704
980309
84967
521706
803539
427744
305714
354726
525391
430435
48750
989446
309634
741782
779490
742766
42180
474468
960182
383896
192914
763587
293099
280192
68287
506647
690779
294418
745389
893675
186269
98861
344247
57948
556962
375991
338039
561146
27695
498424
62458
964640
70185
837635
644769
870795
955268
675452
698783
780261
337330
284094
412783
411652
406414
780770
247417
551257
865322
690807
363123
248162
281878
808489
877446
563744
941380
458991
994282
557333
604482
120124
234330
249731
706252
509391
315880
507827
659254
111588
667946
379628
612012
402939
582012
474768
128679
162833
830004
438882
364175
717034
896126
423016
173999
602073
201334
652423
341213
825160
929749
40600
48127
559765
987205
896678
827683
982559
110170
977886
523148
789852
696723
586592
504631
139610
146365
754416
246984
473546
888764
627104
426324
757135
607047
385227
661122
433384
418518
956683
311674
972827
648349
19033
560137
467575
565744
654832
208542
9530
697254
152054
229306
971910
948555
929263
789206
481850
683471
877205
280701
919971
190261
623264
272410
49905
109217
826187
198879
310574
780200
765564
762079
334196
482503
999858
753665
348487
531375
633069
764365
702892
359487
178285
652717
836288
643224
865462
787049
207307
194025
463343
670040
190336
454273
780426
363807
964059
514956
458511
993754
840156
360750
602876
446051
362297
104286
848557
958294
764488
289646
8002
240191
844531
173415
588786
49075
319973
144234
489718
430892
976388
237660
605010
895646
521769
393546
347282
242835
429994
789299
814017
971196
82867
855646
796555
637867
904413
80582
433252
528101
399773
600308
705403
914658
331563
751062
146815
679943
917359
142585
992569
174242
885656
509509
421136
182315
65288
608493
945884
108541
918827
291203
260179
658993
537702
475863
516533
353092
810006
267298
156804
941879
282363
474976
145082
645700
51237
296743
660267
194875
29673
883126
245262
248812
289463
201327
165007
817402
76761
892310
313837
457539
984789
222473
948792
447342
376636
966985
514471
66266
954492
463250
288797
690526
916984
533263
566966
674730
762295
173893
329128
151699
584672
814669
422200
932546
456269
873215
680096
624726
386082
304797
648233
911269
87885
864957
907796
4292
677852
507466
689643
363368
328050
279849
154514
651879
569728
250481
293648
257775
100641
495731
583631
248154
755602
993579
99083
16096
375339
987933
860827
854199
420720
993882
420658
143354
46602
872970
177366
640874
48718
737497
214727
123060
204536
172090
406805
356104
753325
364229
130438
981414
461291
43009
582892
923671
597431
7933
690054
329621
788379
420740
231021
832520
847589
841585
543078
241689
352314
680859
713689
992706
581323
226522
785172
297140
858805
468218
15035
770487
638859
269379
645372
59487
600125
434634
852198
638497
286362
789641
651369
150529
665058
448770
656986
202396
827344
338445
419191
653681
627954
355184
864973
81642
775983
757480
970684
917869
653571
220862
879581
4984
927778
206858
519695
147883
783745
565830
698695
942316
245746
480814
584083
509062
599716
283422
742470
742427
583260
980301
186915
359837
834788
230154
424286
584659
36597
354697
972097
389970
89278
891066
516877
412073
710158
803879
565025
610686
555447
854529
536982
498941
944411
319619
40753
760683
583055
419888
640273
433103
796781
65904
70558
946608
147470
7667
301922
143312
646969
780610
822485
699079
866817
492219
603423
432907
50220
297142
718815
250727
92851
531028
615674
451722
995349
130701
127136
961727
402645
853520
843005
674219
146240
219264
508584
472361
780234
37506
930397
916469
543540
53529
121273
581011
25702
653735
344630
158353
552961
836174
984762
540918
936787
256760
191344
708285
868681
285985
922673
171925
133670
728394
924690
431760
558954
906218
991919
987039
659956
146960
697986
887910
285038
980631
284766
315661
605911
638289
915322
480678
941667
143031
319909
508276
44241
165499
328743
907745
367291
98506
707885
150297
959493
142971
424466
549647
53510
225175
844762
29681
98463
696825
141638
27991
158288
745449
792689
664542
792523
166869
634404
865707
368750
370352
101584
143117
451355
929237
473619
671759
693517
410059
688840
619409
435706
964796
330492
525117
537794
395158
412693
301142
746928
476684
274199
9877
599232
595839
362676
459345
525207
805678
696143
815412
636084
921368
451743
8556
749822
312508
776957
222543
771195
914717
204898
50469
746817
732851
782508
244176
471230
574236
24472
323704
867468
386200
32437
69891
753687
142255
977525
620431
200003
624258
923888
172704
810423
482976
364906
1685
604097
683833
449737
673947
674647
707726
555094
37699
750993
686998
830384
433025
685056
100980
820904
159269
477446
951865
237349
699903
906153
855255
526351
65207
422142
654368
941371
105929
423445
687910
302277
759995
159320
269569
590643
508421
907676
628899
465298
537039
106874
13007
39583
931658
507733
445290
540718
96417
961404
316074
597161
225953
606602
214644
290849
237679
697018
612070
55531
844977
770417
878849
61555
343945
905077
844592
989093
833856
961394
427095
859696
355079
965303
650919
384140
150143
277799
291636
829013
978584
6418
983834
147002
986861
748535
434911
511240
639261
388852
686187
113685
257198
738849
273620
67578
675516
380763
659990
987186
403605
996225
614614
9078
813344
944928
863761
545
537498
410430
642073
358437
992574
805859
152122
265747
31506
195443
599957
213644
212036
503951
451785
56087
20498
347960
57661
765948
485897
491318
589175
811927
28110
280874
972053
837922
286583
610987
361910
673464
707893
361614
444273
714020
515983
132927
238739
599885
252549
637381
406784
12483
351417
529337
168655
291456
99916
582310
917214
706399
250513
940647
52305
5008
834908
20079
782010
583754
259463
316841
493876
773111
491720
454761
241691
316814
664526
204157
226953
615420
617385
743720
333668
270515
924275
151959
946833
135458
820668
26955
842725
958977
156911
187358
13493
803266
601693
788301
240544
167827
868503
395383
62851
986105
139824
73194
290799
742883
929322
925820
274201
52664
438619
810172
260821
294315
818131
200542
515623
168980
826337
989142
243295
888783
226433
103196
159982
599580
315516
971081
98823
532210
248095
133081
244330
379344
730200
169086
645969
277312
452856
572951
93664
70267
114948
236904
398590
272202
836661
44955
660097
646416
873616
664990
510086
656932
586192
521917
348716
864373
125503
449759
505030
227765
256255
110595
376825
974124
521705
387893
452002
441908
228878
561697
686732
302265
885942
671258
904022
664473
199574
104738
105575
727313
541721
358391
170790
538654
217619
405708
412965
49971
807735
694973
511816
677914
39512
114936
776168
705197
89599
78664
209768
392589
694042
324812
542906
325848
196213
293096
148760
598393
706617
148618
629414
726039
963730
976491
160228
188049
619704
679621
725724
260254
790639
707835
437363
804647
727693
88637
680043
920890
847456
50234
295158
127454
588296
575882
828337
883368
754292
73560
82675
667122
10922
858585
789147
383840
610310
444075
283429
616104
573447
875276
606289
826494
983909
520620
767883
64309
507467
134370
953444
793489
380344
260304
865495
770765
202482
986063
834710
519383
805690
919313
564355
501024
40484
804872
136560
114141
163086
460912
75169
129468
514083
758807
518470
562673
258063
640445
949647
562918
945317
859495
837876
148073
603229
468696
275544
401271
819177
635831
714641
117240
844182
477748
718350
984269
979072
129361
244675
232380
282577
75239
44315
422336
562626
628756
648595
916404
248598
997268
178339
83714
471546
285434
642449
172851
43653
403584
135815
447160
218357
374625
837346
145917
20271
736749
359224
302034
157267
311065
350552
147408
106716
751267
175456
443139
330727
520515
179668
79660
409912
869032
949039
245801
643858
445174
742503
308320
576059
918433
305618
629724
359528
699544
808744
640053
355236
169864
789615
401858
35480
860150
312269
538657
134102
720677
187763
516947
832991
816342
908268
612808
48877
154574
316339
597511
375630
177726
364244
955706
657028
830839
460017
694009
895356
567938
189128
797275
972660
597344
902352
222646
515333
934686
762894
707239
61367
300960
234998
713767
245240
125436
325664
430920
884660
757550
82629
782661
183971
313091
502326
550207
46003
58351
986063
967812
249761
387666
900262
801662
792143
907080
704785
773341
372861
4150
202975
236357
287455
764055
143628
219736
920388
397043
305032
839334
482617
437605
729428
845985
111246
842418
870542
987943
655896
624477
932370
248296
92530
608546
120796
503162
506454
894984
131116
956611
373930
515081
22234
117756
169678
98139
150370
16011
178476
811424
666329
483000
580063
897113
825835
249566
909460
372025
172173
482766
982503
505147
388496
338665
20794
157974
465203
3005
619596
897072
226398
9194
976362
584475
565635
279404
244411
93328
592746
864991
75789
433290
354637
79330
400469
174345
734697
337467
547468
987826
440945
870994
190646
608016
31862
629532
498289
665075
631084
740792
322253
170961
385204
453921
460818
158131
237980
563022
480904
72045
903703
764559
769132
811749
314609
514039
461715
96686
128165
488551
307607
776064
284006
377369
437521
969213
412510
487242
10038
967836
131657
495764
711418
835684
371454
985253
852466
736715
101231
190080
840621
272341
299689
858363
847410
245773
787950
725773
305672
87861
544907
832370
99247
34574
342634
73941
374437
48470
436163
935805
225875
691524
522598
158176
195575
753994
425670
179836
780988
740565
907460
720366
426365
513039
585221
428354
816181
73878
223983
125435
492533
826264
600721
647007
236832
407740
58379
354048
607214
664446
149412
100831
282073
932058
79634
358921
419822
773143
970103
680131
884997
379462
66246
992398
217206
706199
466775
831919
495900
687525
292173
200277
927995
97506
982017
507805
335617
444350
540389
193503
689640
460718
383718
9767
534336
522946
122818
591979
169085
685133
624664
821144
47428
772815
530803
839473
320582
832890
858533
891634
85462
848914
216142
504108
30932
962160
510701
984546
445645
417618
262813
52491
768673
872223
713014
97531
364045
387171
928502
746303
170184
304140
357638
717310
532995
398045
433498
410646
576754
370633
457891
253148
375674
445770
498018
744680
545440
940179
368579
609620
863212
977309
677102
159191
112731
176745
692970
698725
156122
76266
508575
34767
99719
801064
310568
951220
210536
401620
754462
668708
464862
56886
753956
47621
159703
958643
828132
11339
529853
168631
568368
559101
455001
59904
581760
783977
761284
814904
780125
32482
445711
227981
908168
833949
848301
332956
962741
567142
902606
855735
494911
5783
283934
581523
707519
610170
560970
178446
634338
872516
12575
188731
598720
774203
567736
455430
501572
556211
332715
218103
436659
628233
403114
493801
641385
456841
442987
888134
495731
580259
375382
265155
859851
510677
635301
769270
990880
513069
933023
219031
587169
179508
920975
166836
343029
241175
927065
211474
549902
120967
131257
182094
128813
630471
783746
46495
926262
523119
728038
786150
491100
712014
568199
649796
429259
928698
237865
827713
505314
299282
796766
45465
589296
498677
205535
35073
263398
64033
196844
576362
911200
108535
37986
923394
934776
589866
910425
348415
499689
892318
802694
857040
270496
637306
84126
651404
362458
246577
441579
379625
719888
465557
97297
111128
390933
883745
200824
649885
965685
144091
657922
492460
887091
64103
388405
31122
775331
450301
484817
496676
189169
307597
169027
150388
342272
300207
837249
770504
509465
665435
55918
715399
884268
743168
191262
828537
521924
636203
716693
379176
362425
297185
405636
556727
344888
719115
764878
844842
18735
229012
520900
746484
249942
688197
407448
507379
91554
518777
177202
355894
206893
380725
937073
734817
702996
87936
392855
461743
305628
767119
117306
1578
241902
350819
310362
68334
799392
960328
644335
186410
290690
769510
739325
659340
975522
659291
580466
856215
169730
855966
443151
370090
6795
736469
955272
385720
948273
582656
646383
979374
192457
466779
817590
743312
223487
437871
651936
651062
905595
390869
237556
670392
680929
766774
850205
151563
974701
799581
930998
294390
569176
429312
157243
420845
858384
807411
205446
310607
139527
962614
354136
737955
544486
130011
989943
5800
975849
843685
64019
47158
873552
468411
589819
295648
650292
875230
970250
897471
431422
517533
780635
152614
228278
274791
317138
688804
69780
862084
803696
928685
515475
611928
964232
99209
100756
11396
874407
280890
585947
360001
364521
634932
206944
50327
581220
778539
671782
997265
1083
220309
500502
601831
751404
484231
973022
651779
673044
132597
944795
652319
620861
171434
837951
712218
902665
537833
799626
274410
68042
349195
839862
281171
457809
332493
105640
10908
736173
37844
758440
868639
257471
960948
639991
948292
685665
95252
832631
261605
860725
213450
801946
170539
799015
885108
767948
771199
886498
27220
89041
402410
796173
493732
894530
834723
663578
627490
67284
348400
775526
735999
693838
98979
367588
940615
159159
177891
904765
104412
544772
60488
580331
512489
489294
199168
530880
170762
894620
552101
263425
80008
785241
229618
136705
331450
713907
21041
267894
763114
332143
639854
412770
650738
200784
938069
234337
227840
856602
206862
950743
130689
690685
735329
952211
78715
482985
244626
100934
535215
631591
244210
543180
846814
841384
954311
906957
259688
642915
398190
87306
252168
976262
687016
196585
89686
858004
725267
415523
739137
406862
373068
487561
349814
727616
39668
766531
104149
905805
212898
53028
319414
169175
194309
279520
987107
373989
471959
75821
330115
513497
600640
362606
671341
366229
110949
63574
884963
740510
937362
200626
69827
141708
306673
443914
10939
283560
164282
567769
660082
788707
31618
567061
144986
591896
381940
76324
135815
725013
682220
39709
944642
22669
116594
156498
348371
49809
932628
134591
633562
56753
893352
374237
968829
112678
500812
948224
394063
862139
586485
207250
238157
362692
466858
150165
827379
6083
156807
201662
905869
90021
421070
529255
15055
234592
392267
447170
688722
691253
169713
313138
254318
982429
531846
667765
284067
489363
465640
395822
432288
199964
582292
731420
797753
353569
194840
99645
309514
35788
477479
19384
296565
230983
776943
395454
241397
239384
959147
663579
310465
172277
430740
799439
310745
409244
554739
22481
229702
920849
353906
39432
493791
770436
432127
86732
442562
198973
396207
677356
127292
5673
79668
370437
673211
819672
788964
804927
933385
394259
771171
542499
996926
761756
172061
416792
830639
448812
348281
549005
145362
559698
794091
907892
204206
154976
371414
372759
282419
246483
969421
923501
156138
528495
570911
844805
576298
602817
751589
805634
852337
338716
411889
232010
809330
397950
587603
239424
700136
464462
559115
731119
2740
470464
161052
574132
839000
142550
496238
65156
468635
985423
490909
193250
371705
625313
390511
451391
318790
778849
524979
35221
684605
321998
329569
687031
392085
338527
595124
946831
50567
920705
891717
232003
926291
173066
517903
853387
65952
27796
989891
116005
856260
871494
550822
643262
319207
543149
339744
627143
15519
643047
772543
184227
839903
617445
259160
79918
67144
960646
451138
427397
465228
619926
82948
726465
674435
454551
487433
92116
726630
692354
944713
580657
173671
829240
202824
840585
263689
247165
291790
456647
283812
362539
61009
835251
483048
483529
106448
89381
817445
877874
854111
462765
895462
470376
180352
786414
507312
650704
23229
882407
773408
567290
687134
211178
594147
112648
919698
20088
358468
828490
334525
347511
463494
826920
927356
339761
924882
720269
106510
873489
785351
416927
211353
501670
885015
506458
504858
154404
146298
557647
888747
450040
969027
617156
334001
900076
306084
535120
607670
891617
460170
230930
27353
934796
290155
464864
944846
939072
613746
672930
725165
686905
121935
281839
195141
149596
337400
903436
305177
923995
14265
716184
818939
873207
630240
156904
956042
369628
76451
771208
290399
454357
973203
948172
612425
924415
798450
262409
589829
900299
64375
890159
66547
336497
185280
968511
612541
489997
849066
203972
491271
606499
201199
912270
28627
525920
507931
805204
566048
26951
279846
7506
237362
641106
332663
511083
525973
857398
897854
567642
171572
228203
708135
356122
683528
743955
304596
783858
495263
452943
774846
362101
685115
868865
638153
42421
784846
966805
674732
645280
854647
709707
770121
395621
867074
759571
396002
631123
390078
397749
687955
473291
501104
671812
362228
28065
259957
81324
277394
990639
194319
255286
133579
563084
116440
365032
179488
339429
971665
340686
181012
857385
229918
766115
448211
88780
408962
535760
526732
823567
266870
45146
64006
99820
368731
203800
97798
237565
743960
81067
371
259437
659769
156191
301469
125911
36918
744264
474150
871553
613899
443266
270168
480926
433502
586400
314766
135843
598126
449261
122231
870678
683372
296707
805586
64379
122971
665359
203407
554254
664825
326544
381874
982081
320373
759743
531584
112264
294880
251984
919047
703595
37303
211947
976815
451988
901856
621365
753277
499110
851153
286594
390821
146320
609848
816932
538774
568762
517974
273493
493253
301213
77913
282089
124438
518233
415976
549798
994985
852617
478959
242166
794081
500756
919659
334018
359753
636899
352088
885312
122661
311141
17778
497482
407631
172326
213227
69166
274842
54154
936106
627847
663999
894988
344250
319393
351871
800726
749361
177612
989826
232602
588558
205307
798333
638748
667992
455143
458400
160810
139990
910177
344858
233270
250809
133479
985271
73595
759396
905113
174087
376116
400612
752937
473486
701785
412591
415187
105282
845128
700936
96012
997547
338306
358098
531759
812959
180373
430186
821855
348146
889498
958153
438021
649929
557379
336603
612803
298682
894710
665676
713046
77429
487425
153549
753692
609991
147952
843919
820964
293754
988656
709639
859519
661792
146571
475402
276613
200215
57311
844616
34105
270628
856549
22271
764003
787963
48470
269717
787068
816931
951506
855008
672734
536928
518454
891088
169242
154735
369255
11158
471028
549846
598232
586567
952976
498771
102976
60856
157476
216448
972358
869040
79764
185188
840560
295760
470593
399852
71047
677442
193235
405205
977893
326636
605037
429311
429937
972855
892050
634528
300301
340233
806286
159955
380980
639972
110846
79791
487795
357966
8472
631243
438024
815646
945896
726865
138407
994235
481123
912211
721759
459192
860880
397964
599545
286311
983222
415972
375920
534632
70408
196065
39752
838699
634713
713251
583448
642054
107634
499925
590155
604267
789250
991843
616664
950019
944460
815951
780397
392778
584941
266862
997319
290987
520136
472603
351313
562137
430609
968094
325149
528857
759728
139584
102458
307696
562340
785762
797564
243025
35341
693518
393012
418988
599444
82555
85154
558737
258181
521261
94396
724656
121118
633601
389883
610547
813992
535647
289150
346630
463510
889714
44051
743620
133966
36497
98156
953150
802719
828090
812170
654022
511297
565587
758911
206098
624191
549778
803328
255699
40202
395370
984550
5007
143861
274547
109741
151501
173936
240206
788031
463428
75877
543293
554028
694127
695495
756470
486248
782720
53552
747179
382562
513823
929828
695045
971257
772676
829521
90169
826414
292015
335338
162757
965899
515890
160190
65300
627521
948124
480305
651238
967899
512098
631915
116401
864182
730157
435669
522148
922109
747546
974142
756555
28246
724820
386338
884719
552050
6019
428550
844485
66919
867365
458752
122366
723736
894836
705181
82950
367372
451830
976250
485292
595941
858886
484901
779146
143654
255956
827842
8185
67601
797261
484151
67234
554674
263960
878436
248277
24910
693253
831449
373946
901626
661680
630735
945476
807211
884113
953772
97620
332764
80890
639615
242174
650498
732995
173766
834443
631296
148984
603230
38819
824214
406855
785215
31549
239796
731731
337643
880471
659927
10265
968651
177425
871085
561544
757946
841130
352757
75454
152786
358613
1851
967642
905446
666570
950537
530248
534946
995610
569568
385822
41230
329652
942705
184389
107282
630382
674565
673236
206082
717037
92657
391794
490549
743339
310944
683901
151056
470587
385996
764925
85935
686897
222684
121302
264435
107349
615363
307553
239860
597836
633587
284886
466923
818114
348865
286747
557079
333662
770341
484776
758223
275398
68395
474915
132191
915301
48092
711017
65982
10866
970772
601905
241316
514943
957421
98767
849588
312263
936229
941220
15297
626308
49240
155148
393779
142414
408384
7573
650931
289176
897885
67953
365919
358092
333797
749680
643406
125245
291759
312923
369202
819815
407733
741425
979359
883094
853375
142335
307658
675347
932622
431718
211138
981029
756515
2372
176342
302606
841430
353003
496937
125481
377183
425858
714529
331777
866713
102907
240462
667087
105711
867830
325840
813582
484816
213553
7217
323323
264098
389382
24678
699439
986766
840492
172920
988635
825494
39808
822141
948920
264490
848177
129711
691948
693352
931432
691012
985029
662222
615310
841204
116473
737965
266691
456871
16231
290107
847603
156157
638284
306501
414352
585526
944598
864141
338690
740428
61268
12216
911110
37312
533481
97522
635209
36762
649029
814656
910916
158147
990149
308863
793468
109708
629498
65170
58576
37472
248931
307915
208763
206782
443103
722739
858793
995451
673829
667598
738631
246701
213599
805847
616361
622888
697926
71215
850532
329097
941542
433397
17902
529354
28011
559575
732643
67677
244386
944461
955939
337286
264508
302080
799130
344020
240690
18108
476087
148274
506981
313101
990467
671403
43208
766967
766924
441622
763915
384690
480152
70219
888643
548133
610650
885385
950436
728187
882723
484078
799298
553219
333307
981113
412664
841948
697616
99728
519583
60468
501187
300835
902795
752571
417579
38436
696962
754732
805111
918227
625736
11289
420984
545163
490719
706813
489333
254793
296751
878335
964471
383521
895186
64886
766990
28090
408220
833126
37799
663272
999715
950279
52536
962505
428741
360012
22342
363713
501057
526550
478682
751513
423419
152045
493304
838650
946619
857999
787279
800379
547263
651792
476908
845986
114680
66049
969999
367311
80319
855904
690932
843442
653820
388506
659668
382272
338982
629161
459708
813568
829170
492505
598272
183466
941187
278626
75716
976231
603830
612157
48924
989468
843827
63026
685425
512129
295871
441030
172209
502957
639329
26583
174587
802701
721381
310586
752585
616101
962427
871599
467613
45487
383803
420037
55265
79498
98093
185188
989529
614894
452490
893769
594827
607267
645174
876845
750542
779694
534428
628304
462535
199971
377895
982445
339352
598217
703273
599952
193301
976391
906690
850851
868819
600145
782581
170490
618825
776780
79886
100062
986158
261574
704659
766963
949008
442634
915886
265152
513609
973402
713992
685300
408104
767969
171977
52997
938867
559634
46279
707792
406745
771505
804677
355452
883936
189066
311580
55485
78904
77880
671694
15413
49083
987203
797313
660987
402450
792720
651440
563718
84909
122404
64316
748122
616980
282152
982918
396041
656086
899120
637763
621470
856274
579239
451909
967996
222808
378723
964946
42191
633728
817580
777514
552689
395083
91814
856510
6238
757785
286029
784600
966697
851411
57418
97828
699543
840431
322171
13127
174291
151246
426153
12002
724709
7769
330620
208372
12629
693702
224036
812889
126071
557224
607741
309685
298898
335132
288703
441707
210669
743923
266334
667924
799308
877534
235694
805012
330676
33762
945795
912137
877857
803716
300944
625061
244803
154115
167900
456144
11402
327397
685981
621506
488339
56126
417920
536268
201072
381878
638753
93456
464841
720549
401428
181003
376917
631629
507556
599735
665892
173330
195211
590615
239344
745138
708897
857222
488148
858751
891472
271644
140526
399947
62010
73886
578231
877139
246886
746588
353048
331614
409261
765542
813630
530080
544791
19028
365655
73295
687215
698565
296098
495891
698021
659762
180619
623617
791885
709569
123220
796596
684826
838244
661236
77036
113810
292483
162243
755244
432275
559252
190412
379585
936642
654403
564567
159921
945743
400604
652160
412976
764867
758940
454410
722352
200602
509130
103781
300001
570157
888456
377239
865341
742730
305391
625251
307625
304617
383086
486243
442336
54802
471289
308107
358002
404979
918811
973607
932503
346694
393244
895866
98976
157140
698308
860248
746459
101899
666197
365166
699768
272573
875789
586708
772046
898123
457192
585686
981734
583373
623668
841341
433959
755542
464775
40974
659967
719465
381090
394047
970300
46720
750583
14062
2452
36847
576612
388214
238490
463989
67045
453692
970398
576891
450275
308916
177335
884719
643667
532257
167120
682720
21601
961796
439562
810341
819050
720252
697047
290195
538589
453476
410586
127655
854465
497437
88329
530727
54523
463359
33197
633454
916387
369857
814904
437218
71188
761434
143576
361019
516554
677279
70625
56771
543120
205233
515475
868786
124947
97352
628884
745175
712252
447050
667322
460188
709064
409438
258793
754090
104424
60388
762830
59167
338080
501123
773666
306674
317842
594707
234768
816518
942611
850537
42949
577306
570868
73552
617691
258667
389557
963264
388754
825956
342179
486788
827659
454264
237902
522087
901231
807046
750119
833178
638206
58633
633262
392338
450778
32091
820980
403971
157396
153665
169141
15829
456777
887799
951895
241306
789014
487466
816657
724289
913426
295723
275988
116031
369386
174431
889853
534551
462936
19204
496794
559507
615598
392565
841556
832385
504531
141940
229746
516277
23840
952460
770649
279724
476510
510610
353824
405509
291041
736532
605603
474002
691918
518664
587692
258413
192723
352295
261119
554321
948981
33683
866530
180909
612949
932230
282373
507689
313596
288238
717665
643320
413642
36228
278448
418097
558640
958376
336123
545592
34450
477954
695600
988801
270233
299651
103020
558317
511444
771683
792490
836295
750851
31380
395833
674263
695816
951976
284323
339492
344903
839846
236183
340141
843863
870356
603075
456451
550947
704935
413541
524646
592751
318092
729706
887013
60647
879080
765978
361699
670812
517990
411441
720441
515814
607105
444843
806775
351268
487579
304923
893174
133180
132940
659716
643702
404016
40728
855847
970553
857045
792923
440724
372942
698115
791186
820536
414927
119886
978586
830157
647222
164786
447384
715930
869221
348333
629551
913090
1113
860753
402235
890487
496182
70572
690402
471670
183784
918361
982603
497822
547982
930304
818340
321976
602749
467857
127436
951219
325400
38165
894079
993899
842540
160080
802416
972820
361601
598792
478915
90394
349791
741530
792310
245196
30320
983297
689973
420385
816144
610098
768770
830374
159551
459090
297567
190019
854731
423160
166602
827169
346727
349995
424672
715657
577657
954365
448841
315225
567774
886643
127848
998258
18453
765728
921808
491023
406544
978714
539335
908448
516069
425729
40710
655581
848584
230341
351170
624611
358861
7433
896407
913951
824287
842030
647539
151982
657964
31404
511566
439620
174404
680709
91979
265602
822149
61320
708935
943670
667699
648355
679094
197754
762143
413272
14798
161642
766380
15581
215648
917120
47491
711737
263817
289625
190544
9285
615094
887649
706801
824719
59515
93017
282092
260747
687272
253273
182199
571096
177710
263645
854152
993136
902447
995219
302835
462177
87941
956734
418542
592014
541954
396470
499911
618556
920059
75104
219582
947174
135812
847697
446028
820369
505734
887058
779320
443674
555720
700352
126022
795953
235784
971142
132663
185220
166167
267240
190022
482299
733377
586041
848229
453110
313596
909108
465930
312663
465020
840573
525202
423513
602195
28420
671009
89258
234422
142136
67357
59217
823143
991144
595579
252120
990510
376515
907281
534658
93503
360645
282776
754921
480959
655168
316955
949906
645347
129040
777538
377551
187272
112770
50091
448203
238185
657263
547287
257407
286148
604442
992139
781965
835923
970628
769246
178307
56990
271769
782730
542727
816967
571573
961232
173067
809988
500402
968229
225230
278682
14684
611519
977672
509635
638489
441811
309732
387596
896888
774625
961647
694047
582059
713806
914607
692760
301207
447511
734246
446640
653961
335049
955758
997344
56380
798363
633961
983854
855548
830530
391903
101940
52314
573003
646057
881058
173101
986451
631777
374798
363853
613240
896995
20780
585237
755821
827063
461536
253570
968771
643807
948373
272723
582847
156491
545028
932163
721563
539847
238271
734200
17258
676534
318272
730755
963994
670878
974906
433022
970009
668157
378277
755005
754538
752554
866000
318114
731116
654655
131565
689839
407540
981869
373411
860467
692028
204603
786598
736643
842379
388650
168714
649064
30448
756596
452772
638629
12552
884773
641474
481558
575173
363359
540087
89444
934788
518331
448176
848509
431468
50884
100495
327804
766255
665509
809810
685181
984883
855766
148282
662151
23081
745282
942220
529548
693618
320193
343099
773012
896653
813100
905586
362757
873118
609901
817652
957962
3973
311503
770084
173534
239661
575793
624083
417607
184000
439267
765531
296404
707952
193191
338938
957424
249166
212308
945046
490862
325854
675281
78131
405915
200171
642745
288348
125223
422494
904781
205366
471987
146090
997722
808135
282278
212593
898442
5424
242836
953673
119561
896589
409416
171762
629884
588000
599218
353895
336120
569782
629836
303308
435102
662901
45165
390684
774702
865011
385107
371049
542867
944968
178265
60444
531307
479683
258899
36768
470720
29604
237620
277598
968658
891968
564158
267345
942865
635945
634395
942417
373850
677329
734435
604822
95508
635258
204063
5841
993397
581522
292455
95092
253951
800534
728588
289284
916759
79012
516772
826778
452063
501785
72552
262602
586671
483901
230752
735840
150642
495567
790514
174044
55307
298173
761926
618934
314680
955759
234121
841981
736474
91114
597273
373625
422353
331151
293902
80308
117718
803517
214709
351011
5755
441464
201972
169370
606555
788383
52150
956577
653493
710673
101220
124944
492619
435489
537445
106285
159224
892033
105570
769410
826491
697470
36463
379778
688250
503241
556254
177006
813371
906847
626534
667225
676664
754198
812757
823208
41534
519664
339514
124030
379936
955685
691577
625932
400899
494872
36511
947343
944937
903305
246607
447981
920620
254262
494821
694402
787151
784923
930354
24180
270059
190067
969011
890861
395971
781371
739701
451724
937539
664062
175895
751917
492494
308146
874658
54916
251086
438713
552797
915751
754163
960285
597900
970559
120753
635381
819550
387389
862125
449563
890644
464395
260463
402395
784770
196294
605125
789524
300940
795841
261647
267761
276898
460261
626844
372246
614417
399895
40344
771739
533932
6278
265902
427020
874423
832898
536610
261068
479357
531132
875988
503317
925238
822068
100789
130473
919814
234486
306387
1318
723941
247503
420878
821066
660559
742512
586940
386712
837896
245047
16478
449178
479152
614401
351342
201411
36564
9552
659623
372269
8858
949647
896294
995109
80534
869694
820112
383256
978188
955811
733005
753729
376514
164623
241323
955408
263
922654
180583
767065
422890
325807
745872
855533
361074
834539
772350
231309
589206
451450
100912
928583
671440
50634
23962
147091
390940
220053
337637
978212
426165
146951
564415
464997
863861
582723
6568
842968
756196
193255
836477
873650
603278
617144
238307
646940
689014
53875
761435
352143
29669
517323
662122
828823
605503
91491
124550
737082
478021
461576
344246
127226
658809
214723
95974
401288
140168
573350
843088
79631
88950
106814
3985
140841
783901
367798
606459
453605
429993
911699
109736
333289
228133
584023
492904
230789
631813
189938
44832
841175
157454
775715
497383
923301
229255
392831
571435
747367
434809
564161
474045
17342
833772
561105
259838
37611
526246
173159
165956
600995
796540
500476
480331
762577
893924
870579
397933
80901
51461
895545
616738
844723
331814
449451
187835
135951
622070
597511
262672
608559
788040
129044
424763
73531
687233
77112
988255
594389
521063
162807
465092
110403
167734
633227
958899
928424
854132
156819
984245
881216
242898
792497
650004
569207
376415
557392
310956
872512
497158
61709
236830
286897
774380
774823
50839
26568
915153
437990
121022
296860
6300
240790
373700
288167
301163
656950
265042
471581
802486
969995
17375
541017
73448
751756
35480
129193
620171
259070
956040
828074
715213
893640
83313
131651
372077
520512
257832
476266
182293
482228
968082
177223
955218
531505
426822
467815
111357
1237
949131
361832
335822
471765
397555
999426
403879
422102
838117
287969
879607
385228
654354
437950
435206
231383
816397
90198
664131
585327
95914
726552
407255
865226
412011
196710
133413
67306
179060
683239
873168
350686
278009
315621
73229
166901
227238
520693
620776
137743
486307
589066
374496
238754
445948
716635
29683
271814
811861
104976
95487
803427
496769
542651
976959
184364
896249
439587
39293
758875
993577
580652
451832
666089
880531
64036
584772
930319
785823
225909
657085
689240
695353
582887
263990
673096
625821
399507
138479
68219
680509
249856
952035
841596
982936
515588
723163
343664
527168
138830
698797
546901
162821
194906
708713
63190
721159
804491
380351
497250
257833
913563
527624
79795
344511
691703
446755
15575
494324
917187
165742
920095
731971
569003
773793
516871
29925
516410
269066
340426
601151
838483
87775
283454
823294
151112
826520
154317
440395
426783
187312
984537
193942
548309
623529
589965
937452
181771
553498
428018
465788
845656
302677
100913
273228
304297
928118
81784
824623
396949
859177
425680
421673
529
414054
303775
421221
839698
800677
75726
708645
851402
733136
609314
262541
683751
965074
787506
738079
578448
970394
334257
135901
868898
411425
984770
345157
192507
493272
647552
68059
572603
518895
37283
547843
187962
168199
73098
431047
508838
157421
727319
643697
383210
826858
273267
766834
61264
842705
652772
811527
701818
355344
657183
731131
686762
713795
904114
862330
314165
187368
940211
478253
300023
540733
722463
419530
604303
874866
338125
385791
102634
899020
326007
987175
362881
840262
971613
795820
813909
252402
403287
915093
413462
899526
264715
934809
372531
886681
168776
895978
767159
537643
822943
318244
919352
780830
502719
430583
934207
590163
686296
902994
737204
641983
484357
255102
8153
66658
469895
498060
714833
268660
653303
616892
200803
298153
106008
696468
807914
492916
184456
57453
814375
371034
607295
418314
744290
949810
178492
643091
93786
129899
38002
434169
123049
380589
373315
129906
32314
552108
13162
467136
511402
932405
744993
987071
985103
310968
177783
970831
199018
830108
402030
316582
444719
823736
448337
425706
696281
629344
778193
25265
599166
445888
310190
525468
203360
417101
632802
463303
976963
204186
615221
518222
990822
618760
259482
567932
533012
544991
296955
285060
644377
590183
216161
450664
515955
561578
65547
471802
427254
355794
176340
618600
96368
171084
682690
896225
218110
874573
390539
155735
371321
931154
672353
316450
930354
365534
262151
23523
510175
553451
941839
298892
702985
479012
108906
630895
847401
84613
602021
75867
548298
813800
633093
740035
874140
614402
906486
815228
579860
297825
783326
65498
562637
981198
992675
622046
628104
333735
657010
158400
840374
919756
265142
922944
804699
21640
672940
92525
84032
701072
962262
302539
886559
309622
695377
916295
318113
56949
804139
141775
201394
624556
758683
262086
653575
838096
273250
426483
136322
477507
245011
27364
137840
826448
452573
555006
794660
637664
241080
462865
577779
760539
526965
649899
212339
16118
594417
42197
742891
604983
816095
958260
171866
377241
275303
627560
269157
204207
67925
55126
295263
690691
746605
119955
570347
600020
644673
959352
468537
901403
504933
391782
667029
788423
282015
468906
45763
800600
813253
583472
27348
409871
439304
386232
710935
931097
475970
611999
263566
779793
532980
277026
236395
320718
770256
931564
981698
191020
686332
297698
994508
54481
165760
136901
518650
797658
455703
685794
360986
965316
203127
317409
944342
853242
987627
459657
163208
208531
793199
555723
860482
273975
409620
787961
205781
910173
629491
41653
188285
404070
289161
872023
155264
389253
571849
961984
267866
776033
814082
547248
537810
295162
945730
68040
11522
149936
30020
708712
642490
66294
373594
733400
953754
443211
23597
628048
948493
931504
718620
345425
952477
707788
393764
532038
629760
237736
381048
995092
839803
954864
991493
524002
383755
36529
11323
228884
107711
435276
380563
476971
569087
972749
511963
995374
22555
933682
977852
883102
519346
151924
590600
437874
608448
512768
636128
150073
637626
791305
872891
528421
685685
786427
569609
214080
494084
313927
820250
3552
353164
496628
173695
637371
25527
948446
884264
802600
304038
903721
118784
744404
434788
825294
872712
904425
594318
976172
673529
2375
665207
663202
780602
66545
576351
246741
341918
916387
806979
69843
497120
877289
715817
573137
957666
689648
704485
495573
841004
570455
549877
308605
58147
927867
116983
665531
798443
642274
790489
976838
908581
786677
162890
461156
754639
598123
22374
135528
810600
162897
336933
973807
205838
350687
89219
775591
869028
412715
943021
615110
44110
961627
235450
609465
677106
520790
840453
355276
53655
104552
800755
393285
480099
388435
522318
236808
152302
674405
235284
479967
444030
790584
521120
209128
922063
121571
306276
450015
34259
215632
270971
923147
455490
504569
874619
214650
175322
448633
640773
620760
171086
939208
944543
891550
182028
894026
396168
798196
444277
390953
879099
111962
311444
17575
618956
249879
235952
953525
560444
859566
481283
572342
554150
747636
56739
664607
88864
955294
601751
968986
164415
296087
414391
311455
483718
588363
970353
394674
25531
870874
142672
788345
34246
553655
296699
719099
185951
528921
214414
63410
236911
21378
282389
131485
588886
83532
244918
806768
490362
936071
107178
373802
160771
879616
592479
364622
937357
380463
72794
321762
573294
492960
297042
915996
289750
461487
795176
982410
186924
14864
377643
759117
161461
159938
788997
161792
532005
955064
346859
912125
66815
38489
570991
997974
830337
467913
785974
995031
976142
408100
355990
765823
133651
796145
5516
981054
103067
871064
405315
109411
425103
555251
446440
172929
912616
194917
999329
84450
119151
170085
659863
749770
652512
978560
396500
777145
147455
695603
165825
597143
636646
464429
10725
376611
321776
379355
349340
323144
44799
297871
358487
283148
914625
848235
258057
270344
154312
561531
624769
413879
666410
176802
661068
128011
163266
59829
182609
531387
578904
827164
469915
447865
55448
370182
146222
552644
783707
38440
994984
195922
310191
40794
735611
484177
129390
11415
554639
47369
205854
728689
732150
546415
982763
889582
396734
14608
171337
792395
396476
674473
575540
190684
830993
626657
895501
515152
893730
415176
160480
851927
463665
360783
56532
143565
385400
254942
398388
277605
256874
407825
905531
177799
662000
390560
212129
340451
384342
498822
718321
544582
532031
328158
693422
129952
930158
581121
283429
149112
971908
309383
710521
69994
134702
964137
424262
902785
102547
839158
754039
235985
917606
268349
193797
5794
813638
16212
909055
351331
659467
741184
213437
137047
774723
752280
178378
717080
213663
549062
74072
58725
929585
100355
650320
465214
234929
836662
119571
526514
123460
424003
938561
107698
36593
587168
467294
710714
959292
22049
811491
156921
596988
670470
389892
517592
317248
317389
980413
269053
417692
794481
452786
354379
152336
973989
695816
952254
539481
336335
44758
562380
746132
44336
411520
25758
610601
908033
741243
402627
3863
555145
593342
917807
914096
569181
175683
705149
701476
414643
143619
149311
714436
202305
974317
148792
515772
797888
278293
372003
389916
411683
532819
623830
463005
279287
203720
658247
823812
256167
720027
79209
274132
915725
83434
784713
883986
587727
944278
967131
37668
909895
402298
545283
352005
850418
795763
365006
38042
898934
690449
871239
654151
240551
727234
449504
136069
69655
45793
639975
683214
666174
429589
499161
758858
999430
53141
905451
439387
620941
168592
58024
302425
376671
70926
205316
303426
416023
552072
700833
879714
444416
904963
545936
762925
237603
816724
778169
337640
113534
564022
936551
943187
196410
750447
807211
534437
554983
784206
393374
321945
887136
280585
906993
235257
695683
298638
179214
361313
477416
35292
104803
791701
281510
600983
720970
431643
411892
914572
8557
680364
859796
269718
558631
164971
62681
912480
373418
963672
666782
526900
975426
450667
722666
374991
724731
665837
814819
452595
886483
451516
783030
767647
348588
591627
762445
647337
306701
404943
785053
395411
434809
313049
253391
887927
216779
647956
957603
928553
175460
315195
763333
231864
392972
385350
837427
354175
518621
759851
717285
792133
111345
841230
917817
129861
78140
253158
926566
449115
941602
267695
206166
888756
814510
52983
71152
159152
911653
23875
439303
169674
936107
246082
215752
85297
428365
940313
88876
662006
666033
954891
408484
505756
889618
526372
340520
217737
794171
491837
41975
351518
616686
710015
438267
892387
321304
595546
501146
498700
343724
765279
362987
286396
198991
975905
316124
839082
291501
153176
811719
861312
441419
420720
711091
175349
265154
365988
658146
904737
807162
785661
140125
469573
600590
590834
351892
261859
222389
822460
411785
82231
32593
749025
535821
258613
532849
318210
936610
264573
667336
324844
974902
125194
512171
267548
538522
65821
968219
595288
103658
895548
154259
265761
565621
339534
66122
728280
691702
10243
652265
442235
485730
57679
360724
96050
47694
692914
447972
837990
555437
118476
878291
382161
871963
632210
960079
96867
418175
129242
911935
986215
406126
612064
953840
675168
49690
168634
311286
314946
982070
68220
550283
535641
444881
356674
339680
44832
749853
28537
955034
536741
273089
594234
480746
27373
318283
150885
819705
167999
400085
450215
917267
744695
780906
726942
360831
933100
237975
89487
182660
701410
919342
757072
339573
985248
871437
999770
105106
30840
968780
19541
998631
89510
525315
496663
436054
637830
101534
120374
34434
381173
457489
533413
494063
775249
365983
609264
608046
195676
444747
17265
284026
202223
726799
456567
527643
528879
842534
119019
300279
745748
161532
905136
164450
779455
449503
984438
761540
776736
169679
911020
791569
592729
766254
892613
435374
79815
408045
582212
570944
23700
532532
233356
903729
124083
333152
235137
495698
906839
68889
258022
74484
416571
463894
806604
821759
41236
2675
262790
84932
628086
530493
918694
319710
401992
496347
885653
642906
609475
299765
141607
355029
852030
190716
57910
68016
771685
621342
351622
106875
187255
624466
946974
678720
173790
444046
220944
68205
248565
741274
131152
422294
996278
497597
519462
424329
363388
746138
663544
870080
671322
166180
868511
719242
426487
839204
516901
587729
433595
350225
245074
24891
249875
882979
482064
376718
304879
491397
188043
289132
383337
482695
285691
737667
121543
763102
798363
290112
152783
863095
558395
27679
288787
185766
288848
113941
866395
509242
242167
111844
173881
273512
245372
243266
967470
12765
810159
771079
211602
686617
795304
760062
671040
306030
764937
88083
68141
563951
337614
39693
387653
81439
626053
167827
623032
89588
600771
478905
261604
105023
173733
515384
67667
81247
711444
226542
706943
552145
623871
646509
347157
215428
562826
803845
911440
827991
72454
494965
411775
53587
858359
180445
833136
232989
588711
31462
467883
966913
821203
282276
796612
438010
133735
638830
978619
826229
68606
452817
238468
635497
739055
658155
171050
253056
73139
60212
867395
937276
692946
920454
514761
270759
87665
320291
957861
253481
706414
538765
547230
546915
129876
280586
920410
376150
234547
743060
780194
255093
531792
76336
138432
217617
52319
578086
927752
659206
552797
648018
954876
600829
749809
343393
630188
491519
40652
499374
397949
770634
899222
148038
928265
919953
538931
172113
11393
416697
607902
518066
25396
814060
749931
168967
805211
490578
536506
641022
860634
78758
291630
775696
295177
824546
633027
231675
474201
22251
90931
286008
411246
102005
614709
40159
625862
671948
507465
642317
972716
118325
689539
754717
44366
211219
32137
133508
277056
962056
386784
710095
649662
868680
492379
828473
859647
983474
284158
169323
197589
712311
433961
201353
622567
563572
194107
840589
406403
435640
512940
395672
822977
305734
614349
118859
111400
334382
736953
227262
989011
633151
434074
530591
816137
744549
720726
357772
764238
190183
731912
896905
675087
254469
116156
353669
925312
824088
646111
224946
903303
517820
538732
694615
978103
132459
708885
37113
607473
53696
903662
400040
769954
481310
597010
447263
179194
220713
907332
936150
174306
830904
661341
464095
494597
441187
131866
518551
242700
903216
234892
394747
466648
75808
461722
411963
519966
821343
757738
844679
27080
45656
754039
149378
168993
523548
409161
76191
757017
317757
280997
449244
879162
208731
61646
280479
811823
346480
105213
727636
202868
103659
90326
425149
132752
423944
410904
617727
640375
208563
506918
320015
390860
700371
137879
625427
324283
343616
187793
249971
67167
496402
984751
169347
647303
17939
183291
919584
479507
212079
52922
303365
453362
635794
712113
18966
142451
664601
14558
701380
73994
759307
279573
170032
155138
937759
133585
169435
64481
919703
761189
578405
687952
280660
620578
156847
525988
765614
475971
918766
767298
307254
705005
2206
566073
178291
497322
128711
895832
136021
369895
743188
90736
66679
316531
964884
679872
772074
329113
33701
803447
529055
922909
731456
762935
131636
937717
300550
432279
103796
344908
67672
826471
376429
856131
621690
737874
94472
611457
89863
847302
107723
410301
272373
61459
79365
935596
408283
300487
384025
924965
689377
928972
924851
3017
522605
24562
100248
18618
389092
73008
668582
231555
463083
912350
904461
841549
165073
865580
779486
521983
144447
925990
579413
196445
343442
754854
928315
819034
56585
545484
928312
408748
188423
95767
746328
708455
11327
565279
401088
275590
285797
184846
811687
467565
450102
524729
462454
628985
944708
136187
70540
603117
891283
760428
208191
66783
902096
510882
730334
95260
986472
12882
535710
445331
970630
929454
550796
117030
340476
267728
322527
790203
653609
463506
686983
506336
95828
554789
242212
439102
957524
157437
691765
49033
827543
30295
989172
828477
116593
414694
686551
290743
114619
94482
21313
693231
23000
507382
543720
171195
759446
65955
66356
899516
540015
487488
121906
199313
562283
197093
60312
747021
281622
933247
389858
565609
556287
357815
309321
939599
463628
485356
976765
787211
497645
828212
913084
558716
252086
39295
960841
246773
636340
94952
135285
719713
4529
929989
200214
375025
203472
644954
728758
314631
193607
661646
868206
612529
76090
484806
123254
150057
839622
394042
225906
936038
609741
817607
500088
143087
461737
410425
979331
734480
907758
523697
205398
17753
753283
979335
386731
382131
897977
475687
301541
32964
952257
905102
938455
505594
99550
739815
749001
867732
313319
278377
373183
74829
609964
284036
306463
140045
375043
975169
86233
459372
525058
336748
968049
364699
58057
512215
362784
626628
38920
593864
296152
320447
490263
269713
346975
546894
490233
772528
227177
487371
95350
589632
99700
974529
937420
953313
131723
934063
231488
877521
568292
354539
175848
416724
998555
851096
817520
791134
880074
745750
32606
15257
233166
293429
544986
8737
577153
625923
683369
614721
475403
513100
219362
852092
755708
461878
121193
797213
966583
198598
510899
341226
291596
694061
539178
702142
423460
897856
88686
161798
411634
474954
280914
255434
128126
390941
683311
60580
433147
50634
410100
83599
452908
194446
550220
218964
682468
624461
644920
209200
609709
877022
837364
309749
842874
175789
35562
981070
866567
544465
553449
441215
955035
69938
238466
415609
547836
622448
592810
133835
103046
569593
684608
816616
947240
470369
19046
499020
883304
836632
253939
741766
597129
21373
240024
523526
871577
925781
166803
32498
798074
698010
291517
18809
412679
118592
811025
353033
895219
75355
648457
223515
831354
836336
446512
573908
969145
239341
202879
383064
361778
318396
573994
181687
275847
686886
912475
276730
651893
760976
608277
800665
904368
63451
85104
200329
674447
451333
121130
204726
461145
878411
29554
162347
667537
82559
51570
216595
811175
816947
581305
927232
669480
403090
381689
818168
886001
739548
957056
335017
917252
956983
906079
530658
965389
132134
527276
977232
527764
333177
173093
847929
485087
766860
801484
69485
612668
120905
936324
533106
448794
657772
920585
150224
851782
963451
344615
930216
21686
436885
209269
496546
518739
373253
327187
662771
720784
592994
752894
463977
905921
619735
542083
482456
860899
549609
828600
365033
367721
77657
739690
277276
564813
533742
752606
721653
931927
861939
121232
929607
557804
50001
669467
825763
785500
615521
229287
574949
929370
645499
867536
161098
614659
777980
446529
790253
503039
996360
518875
740830
119432
384784
829584
251536
622832
172304
599329
50512
320537
486695
541042
881630
931811
214155
278409
914248
17003
587593
276226
446547
820648
198942
905036
633147
434966
264699
390575
414624
271691
598423
59686
719452
572824
761256
91717
582562
122694
334166
110646
165341
415392
77999
866572
365791
604429
890916
537436
678371
522317
693884
912321
272217
996066
65130
646495
793392
101779
933490
328550
947486
465681
29684
496666
999069
806487
802688
526302
979454
13250
750612
430933
922895
987245
464947
426044
600453
950530
713870
375203
92881
920030
132175
595648
890438
159409
988831
415302
666984
809099
737699
835503
590418
835219
417802
238445
231905
526239
57761
903588
943429
79008
412622
475329
702164
725685
435869
838686
261695
65761
883614
882775
73469
166317
337293
743155
302551
752063
728181
385920
360228
86346
200909
699736
545187
278705
450583
756125
771821
370455
305693
740786
379823
476873
433040
106973
993211
200246
99974
248550
631177
134449
49670
387991
704656
488862
121236
231103
936253
70707
16928
601848
992873
483169
308048
109343
450527
96253
847566
729704
203952
277594
279187
112164
345797
265701
196218
773001
421076
129829
53318
76815
476106
550640
343111
706813
813811
820777
381637
175377
165530
362335
37321
488012
90400
851022
507498
368025
528358
262518
920574
810934
996003
93215
41681
958493
478011
622485
618972
472686
186799
200596
444765
19310
437328
126398
847109
943349
751267
238017
888774
172148
407978
880064
649849
144202
155579
564020
723002
353484
196909
357688
931935
575387
829484
17064
227795
788484
312245
229540
87028
529579
45841
485994
991073
122168
542249
921499
344426
238205
818144
40556
411018
318753
127476
300780
110680
504631
122629
100609
30543
151027
744954
952204
426830
204485
636681
122716
401730
846081
514895
819278
151253
890493
200919
127062
736199
591484
421644
773400
616322
303427
752229
440315
501491
81751
448965
896995
898129
658346
269315
288992
849351
880159
767106
368970
603672
35743
889569
552216
173077
516838
64160
221570
45836
277872
694557
637158
636529
142221
777076
101307
63379
915004
39518
454602
177099
767981
929080
677970
109580
777749
130819
438665
768873
442640
552708
269525
506350
890228
138696
255310
207475
266919
73402
667799
805252
117547
972511
685723
645558
816557
205227
465544
613889
61502
85197
682446
858205
668955
727468
536073
186166
57786
775457
525572
923852
443510
45511
58668
716060
229262
522040
762421
899494
615649
614119
339730
81396
688309
137066
924747
732170
793321
641987
10382
822344
63006
908539
765516
606500
593238
508123
768766
715534
807141
327183
255722
801593
416315
892929
340733
724780
442935
525009
348242
397567
612797
73663
988661
604823
284791
449022
961654
412399
332186
461166
449162
781551
27535
515413
93783
238426
456653
366487
379303
313405
336131
763398
329883
976485
657930
229175
147758
643526
253139
181881
136028
366153
375034
425797
941536
282845
668076
589645
743211
569157
599305
987837
5802
261519
404848
188674
589486
866506
372856
834685
422938
813185
169060
366544
177026
81762
28166
493496
711282
635645
132856
232410
707694
986601
294763
670463
885383
917166
417912
129283
201586
738683
932727
572799
75251
206558
307317
764004
775753
186979
67726
570864
81374
929220
169668
740863
96084
151063
36271
315721
70606
702905
265468
450675
232431
862703
205932
542656
314971
628313
295476
382256
488095
953623
623585
731280
654779
634816
831335
812684
173843
391794
720505
790818
717159
596579
685884
267795
505341
812226
678636
100474
457933
454757
814206
305908
720307
514982
521166
947814
682748
606044
116809
135614
434229
387329
924508
880289
707852
685613
586231
571455
26256
468257
979690
395613
228108
114858
187315
964188
504542
20408
925540
69486
919457
805122
649789
877986
66116
447490
160140
81198
350809
869570
479119
365271
168879
506374
497945
914575
835994
907026
715143
298498
925723
86824
141161
416617
978544
356474
28531
37386
889117
949457
693321
258298
370873
342401
618405
78082
875974
399646
786142
981276
59595
214282
510403
999203
517220
60090
856483
453020
872056
242868
226612
683845
412384
862459
196476
915797
347649
557901
237958
392883
882789
686466
289493
739026
885826
477424
809259
438470
836630
938048
206393
226436
749567
166366
197563
556096
329490
757496
120812
869399
983196
192946
734128
676710
388205
49344
530417
403469
768302
503931
189472
336263
825843
494112
358381
403624
564308
87635
234465
928530
412784
754567
231402
129120
912224
414816
727949
845700
704640
988625
379045
353324
248759
302722
507714
849505
529826
697617
96605
65874
716677
709956
581993
741025
547756
470067
151052
253350
462055
993320
86930
391086
375815
377719
381831
235286
818895
270235
519393
221303
891239
708033
428780
5792
160770
14206
202770
843255
962183
442555
744707
631870
290470
34279
313877
577754
518774
527567
930645
248432
504659
744659
990021
730755
623018
112481
820774
622289
423956
609243
888549
336508
966008
835091
704262
361774
543804
223160
293891
437134
348794
880701
420791
973179
54360
696937
647024
66565
166543
604051
989316
822052
588247
132283
105592
191349
767712
249719
981383
953458
978881
498023
113305
688895
611804
161679
125481
705144
150302
574601
187173
808086
526051
357586
601994
681706
9593
349993
63587
421713
131977
103036
253619
951671
173262
793226
868438
101144
838950
378539
584433
728660
41131
60505
102268
61861
252082
354510
382279
820241
851160
566169
294690
637039
654531
518235
265931
710411
906762
865720
780838
967791
278314
973284
477863
190310
526051
742001
334814
48907
696806
525958
903451
506088
329962
431935
816129
168450
165245
561188
191302
714230
261214
136383
465453
447335
944442
311717
637332
378199
237030
236412
265857
522984
147110
976611
687214
190623
514752
111424
812657
749238
529505
447754
219831
128969
910764
241714
241289
304834
43648
130643
895395
768485
901802
778676
529484
487727
654987
799996
821552
715191
647672
184373
252572
93654
844356
72546
949114
977787
329688
803543
720718
695502
296273
158872
840881
40288
934108
968776
167724
671169
623525
126049
611803
269309
10465
731335
378932
865610
968231
483880
801693
669043
92014
475737
301809
781253
379702
10841
169601
721304
98525
591356
874843
458032
149880
657141
854047
125004
395438
984086
195699
461191
923620
6401
910504
451274
831242
305893
783974
822927
462923
143786
657035
245618
197197
160233
975481
237135
637905
239471
954681
886930
433093
271447
121720
853474
702983
435858
903977
454937
678666
585106
95778
619695
893987
393497
790412
95060
448360
34901
73061
34832
481636
686310
828617
445789
588669
668880
339550
301645
710246
534802
664722
723827
560034
796979
364371
498501
325217
513994
155311
631745
394805
465714
464435
613450
851153
309138
638342
906043
591530
925412
504327
938959
449369
610795
537815
111287
69120
442401
552141
285692
757678
556724
736645
719559
287017
966259
372972
726405
765074
364845
12695
492435
233239
764793
568196
781252
210758
684610
814481
857809
423627
179999
717181
3849
350671
445738
551460
513607
319372
378546
17271
843953
93448
660044
321050
351352
213912
524775
141803
37753
962998
766939
167485
7627
406686
688429
765421
782065
428149
991956
472104
630977
770077
279155
270534
268081
711070
269425
924774
884924
342095
834187
591355
365079
150324
17591
394808
967583
560980
489446
289165
238277
999066
68339
488436
135277
292832
320007
902981
681164
43621
999690
994368
828628
348384
686799
925470
866107
603588
758365
957074
963281
767629
611551
551705
927263
106124
99621
972010
267351
173218
856673
504925
231242
18644
232796
722312
563578
174313
749102
384894
398351
926572
28859
599979
122752
434241
48467
899180
623394
438663
697566
256064
131596
226202
563392
712499
140179
999
618512
340988
987939
896535
498794
863105
54008
387920
109770
319003
455946
334266
57636
22954
262551
705829
483878
496891
927096
57812
204221
412703
372750
638678
902269
633499
592427
356063
23237
106648
158596
740428
479113
371634
762925
991271
123632
502402
201280
563241
485529
582146
446138
517757
205023
197447
657278
847935
36323
286811
602337
149374
389889
406927
859069
617421
665644
870484
97594
904918
771549
58211
158456
748825
738390
490717
374382
17859
703168
744907
784164
273229
249933
842923
644101
395401
557129
764302
366645
899600
987245
982166
404546
241983
70187
15185
8483
279825
263986
947513
310246
547758
32284
733427
718630
835967
375294
705645
933492
771240
514001
331307
134948
135945
8602
625543
657031
414762
286952
437907
591343
196627
580950
674669
844319
747552
471196
662990
656718
979878
862217
544858
689063
387425
461801
919185
136581
595241
438105
721437
53844
665304
812059
733088
174895
901756
398972
70571
380872
146522
502395
212921
437641
957445
58311
434300
744386
18272
625362
561633
490741
761984
315453
652113
211058
56158
226474
516960
508584
87346
529841
754429
453226
883373
879795
944525
631323
466581
440540
494108
419161
524256
456600
538247
81239
959343
851974
305900
714363
966703
742552
233175
241627
876399
348045
708423
661892
868737
605210
124374
98229
483440
763672
983132
747474
232642
911106
690014
522765
331833
960837
916010
406602
50757
756501
704217
90454
308102
268156
851410
889551
710279
873377
928849
445044
291910
998736
583216
787021
635206
239433
59073
339074
868291
358641
863500
118576
225697
487008
70552
219664
412659
342265
875215
362862
53883
918530
16806
703170
495123
207231
818130
196662
13207
317976
567747
855323
88634
842346
50248
933093
83590
802269
546356
758089
179109
541326
651011
901515
41387
414111
835322
969303
766695
532492
674474
846644
643737
692758
989855
360645
7959
467499
347521
449647
746935
504168
226973
300102
703558
96879
284271
488959
841380
232405
873503
639162
555463
83376
80559
259347
949160
399916
500537
744429
560972
160655
305139
146804
884784
559249
106438
548452
808111
677729
691597
559951
316755
83476
670977
105122
770648
967406
775186
446928
359887
592016
283466
303133
140188
415842
721070
235875
111561
303462
830644
169141
396931
173793
710757
929216
450274
240737
256769
448026
160879
258217
196940
548179
788254
859099
23228
882723
16910
497653
718831
58158
574677
56154
814058
744833
923739
444500
946235
911390
248828
882251
217450
488148
387035
106102
898510
954680
941248
580349
427380
18045
138180
474246
779068
247186
970277
343022
812640
667257
105748
683265
447689
90400
495318
178759
841175
397310
871152
94020
685176
602020
103794
9635
87216
562644
670264
102238
121276
762916
768665
105072
502382
814233
658406
741478
145926
299920
673507
716804
785135
606185
144495
249801
31226
138874
462447
811908
104453
179038
97090
444652
745835
804322
941876
459224
25630
266422
583464
796318
35300
111871
985387
933671
414217
590935
552665
820392
865948
900360
538183
244376
94107
196045
2488
475342
743426
980846
461374
954927
606354
313079
167031
681054
339814
693747
786492
912524
386139
668049
333595
268601
824233
961772
386167
386862
449683
341952
808782
448676
263214
32979
270490
715034
143775
335781
94619
794831
938620
991507
376795
159274
686112
730993
555153
896921
811914
11012
879033
914549
817800
697868
214614
12299
576824
286836
520103
503646
905525
925442
605296
884363
133522
851856
977921
646324
669566
32544
270636
117097
177544
716317
37592
191698
543666
896813
266162
18434
783602
413932
592761
308978
62210
836505
482616
119288
66379
791301
28783
378018
320229
993393
60478
519179
476055
629962
862116
483240
113686
512928
761082
872881
131325
852489
177186
691190
25153
476438
882577
915940
772823
388788
444663
600964
349671
458600
639070
412895
146134
38852
8988
151205
125860
958337
694061
355406
490218
822148
189407
414622
167649
943553
200868
855921
864997
473472
713379
61323
117120
771297
983565
405846
922805
757074
662630
264725
486560
592361
27566
136973
327279
972544
303584
164888
399496
773361
299625
684704
182319
292065
63947
753947
390878
411036
268142
357836
591110
171448
567350
742578
232743
935276
636073
293832
395042
581452
214938
671416
507787
133607
257603
861065
579390
586170
367602
537883
141617
868933
413787
813860
609401
831123
328689
357022
390331
90706
317376
128847
764075
988401
429398
146354
377223
762844
846068
157125
746339
389219
22882
220977
759152
96952
20322
750336
236599
373971
208726
600877
823492
106349
259496
481530
727346
259960
515360
339548
299209
329191
480652
381066
632243
840378
282363
468371
818430
542549
173886
889867
319540
358649
382952
837216
414816
414733
421103
492867
710272
274768
826093
679968
733023
571129
18449
955990
714191
29128
946391
571208
889757
404383
125384
947278
436337
796484
811362
18577
350097
936648
596539
284982
128791
33276
251763
111600
532226
989909
834049
141825
72882
104428
858568
61330
412287
685013
937172
876921
745658
886527
793537
980470
382714
326707
281017
164330
141710
805415
44153
834804
100479
103181
321703
261389
922541
488576
222748
81375
606286
142416
273810
160202
544631
165180
900382
392385
53387
774643
169593
652963
699928
686476
199999
88453
863431
703464
579473
140272
409418
32645
724199
135847
935849
581722
920312
972886
384817
757076
948880
758604
835671
748743
977648
882504
629460
564483
811215
659410
643540
927016
924528
384836
492393
367635
886902
186362
800658
283484
602808
452898
212170
738823
771645
243292
26473
215997
794120
44920
740228
78200
647543
324503
929847
398179
971274
849318
880037
230768
605161
526728
386727
528700
401965
892801
641804
414771
669726
835895
142779
723620
865106
458532
792313
180628
520609
185944
482323
677182
115053
65195
666398
125877
484450
621540
759967
162450
720143
167395
325779
250606
455040
110491
153506
68297
469099
684934
842113
280110
470566
138899
903532
21807
140466
693474
400923
530078
572215
426415
877824
981896
177247
889071
893815
656263
559420
788767
659862
583258
408284
713597
532087
760738
6710
10189
547236
832535
396044
105998
117580
228123
189599
851182
180681
950675
986737
552575
315523
600153
440398
95413
53276
845419
209639
372828
411253
131806
322929
171677
603084
611541
797017
653016
871507
916907
695364
183551
628271
311893
238769
350298
447971
422660
644855
474118
919631
836838
581108
805651
555109
143046
318311
277570
228843
518350
775848
700226
693023
765961
574010
22358
634433
754203
242120
134357
372471
120493
358799
359284
540167
937140
86058
641054
543435
531994
866877
703199
883654
65001
645743
210473
342303
831104
917044
660688
779927
773469
105832
849714
85699
796061
317725
965480
824633
60052
529944
521382
589159
679836
797964
988193
603822
588394
682618
581342
674320
67800
436491
375335
889628
203576
531237
678303
528557
673799
251213
321030
906591
349181
126559
529446
759860
816150
956885
828778
700112
432133
169095
301140
40901
768706
318399
437255
634094
176818
106490
199971
508360
837005
662565
220584
348611
89597
340188
192459
294881
882885
702085
903261
602619
80489
441911
110851
157524
125636
66291
586198
490717
809949
557476
275619
105253
813198
354257
720010
390761
981676
273723
416791
621267
150084
554284
137453
897813
29510
585167
667064
987825
73991
913216
549454
221384
345663
125342
129191
242028
371702
302049
603480
19690
62512
821807
957830
580499
938154
521669
199083
994460
21309
951898
123096
202468
381194
17055
491131
56564
87324
119492
926280
42658
210068
742703
174252
394390
953977
705971
461884
327888
883792
848172
685157
819137
209123
365670
70627
910324
589019
179540
449623
294958
801721
791896
588088
136140
204366
948692
175942
10774
182127
303375
452766
743497
923959
242458
883001
418288
8484
710751
872408
642559
39078
412458
539214
888235
162582
264939
4305
61649
742017
370020
7282
698202
674039
540669
551039
79937
410300
149436
457077
713361
805277
867329
375468
88596
886632
732226
545039
725994
610083
273898
659736
271608
86729
727840
893137
385080
255479
185137
159062
707592
661323
202506
669463
881045
699046
871059
720932
638765
541700
342425
169455
943301
662553
33336
374604
623020
241450
925353
233237
872005
510731
727947
167254
118781
257594
891540
80760
442966
718299
105531
598646
595639
830336
587833
457541
520767
923745
110568
66595
51973
118950
677462
572454
502279
659490
303898
779229
720792
177275
471440
158838
884731
955742
445051
787284
24610
584344
845741
138194
116427
357186
980853
524486
757498
789272
857665
952025
560724
505179
361288
478532
614783
489298
604517
923864
114717
292563
489695
649346
69887
219912
66336
40199
568001
27457
265251
38042
641240
918972
197590
643611
946346
86179
163454
157357
144762
219488
632248
618101
886185
464970
348253
181771
671297
80404
973066
538068
63025
687762
263899
710798
947377
455005
819549
860978
290753
322024
652270
31800
336781
167278
376675
78242
189654
460405
912128
159910
432879
500926
428692
454152
350056
295354
439710
286981
555334
142372
553609
777386
722139
655490
999608
961004
755856
323459
758824
836637
146056
11169
892188
646294
979202
942875
3668
182877
57117
306204
752164
724038
913505
446739
685792
921060
921669
443826
332621
876425
120130
992256
770779
430710
907750
724685
194514
496942
558699
464793
143998
273204
841149
955182
996348
391017
611818
696818
522377
296969
11979
440814
418357
561288
102060
839235
251487
921126
443982
38848
833501
332038
238691
977109
955907
692890
715658
48762
701994
435178
474003
206145
619853
287891
964264
104432
95702
813757
94022
40530
251443
788425
339661
84079
486294
151799
554548
505056
510936
813786
443500
361031
900670
105915
462881
414580
142190
896770
959968
970272
979043
571769
341138
355829
571110
528551
888740
829572
44181
292513
816336
196126
111888
910821
252459
541722
129338
814425
971957
233845
326089
244225
748858
187785
805849
254362
331464
798613
654443
759338
361516
454702
976464
65729
327629
876492
342145
278795
448081
486587
568272
137585
52064
380065
63444
448955
205043
394872
736997
210484
425477
268436
426830
883617
938514
669373
944766
371922
402477
418610
622236
309732
170831
396962
334038
764392
739254
527549
30476
16568
498644
643387
639967
831654
695238
554572
504587
277604
801724
129853
611734
294167
268910
880334
822201
947878
838770
580227
826886
677825
275628
799869
552017
670586
120616
628656
259906
707703
529179
128357
599639
348580
244797
333029
391464
911277
645880
924064
420203
946433
970898
479298
379154
419465
499462
150855
609751
268043
483650
690472
630908
811371
693560
760167
669194
926307
377844
192585
592927
732700
143599
876645
594912
568436
572846
547521
649423
410461
240112
665137
407007
685418
306338
556589
927650
325200
416828
666578
286853
716033
52814
641368
609045
575264
356487
150535
821612
321894
851373
98492
176775
860778
636491
319594
545321
140927
874646
572281
2473
219105
821093
140626
960720
69072
522245
880358
319028
352404
307526
199873
149885
918375
846945
55763
232950
457772
472749
651729
835192
801472
492629
705920
721806
992083
640018
528136
759223
480305
882875
645238
932221
827090
369547
303374
63257
578049
293405
266021
825562
501037
486444
291933
239620
338060
290472
496298
625479
924996
133795
234193
643450
971481
113594
521974
442682
327038
419362
532092
368408
509689
628129
945133
980761
728654
362816
757403
60161
524009
232880
905489
862415
887263
930192
94440
609516
300486
1789
264983
423097
847490
895833
932721
842759
171984
729953
505879
779713
374828
306365
362217
997641
31931
576935
347108
740659
957995
600622
539320
687140
854530
174264
60297
990778
784972
974077
270406
956659
334343
301346
124927
78260
169601
8517
655666
325102
347878
155219
209294
690803
903604
202260
531052
917792
367443
107352
423547
94256
332320
615949
899715
301227
915376
255359
141209
924390
974564
30245
785063
141806
176277
631286
417056
37450
427494
74640
345328
240706
658731
142301
801390
154324
36863
869870
319365
198981
360982
468913
249586
952566
176086
112775
449048
511275
537734
72889
858434
637876
75144
598893
613195
608024
208471
519199
435962
828423
888085
553685
356167
333938
335477
406379
412966
267889
809708
961556
562987
300080
60782
622028
674645
459812
719897
372713
845244
236669
989314
714766
505823
666250
641558
652580
185149
640545
432109
549218
676797
652348
277964
818049
519973
556097
262113
348866
124922
179785
449661
371364
797086
992883
792725
584091
145866
378099
368437
523102
40774
449724
426473
453779
622131
833762
682759
742093
694792
180958
726834
86989
144566
5750
299642
169158
42072
154141
515676
111435
609606
309748
356457
760730
704373
147824
138516
264540
672722
180709
131751
471365
45182
576812
983722
916389
724712
216604
722737
326196
491851
814897
965662
141167
539453
418333
107873
64031
796503
618063
983417
895714
442994
144584
990438
559603
672424
329320
380386
681108
102762
993611
162862
893735
326552
579657
180516
726676
314070
696115
997450
802047
635387
880370
523506
181435
420342
87771
945420
297198
327348
83810
376580
310202
206105
680767
192222
227082
451007
411542
907653
237683
743132
345091
133359
957755
514573
503770
728211
506287
531058
941313
174359
895570
10306
888504
528369
458383
172184
74399
465911
593114
559309
489974
117191
574427
859050
66988
884173
437726
367582
776684
870415
820295
992114
320390
784224
445666
663332
699367
419478
503802
489401
945835
953172
645417
115554
300395
265705
498815
763981
745068
91845
426955
85364
410729
489367
319806
592580
121529
495145
204955
625324
684782
516447
496542
597686
249593
635983
289100
324287
330378
691608
904064
18562
479984
396018
236929
474213
358543
960773
258231
371253
386234
405311
829813
724296
615224
987980
374357
206344
797082
43646
973494
595751
748157
4722
393198
59123
413768
987329
338066
386519
464821
320130
72795
226580
830850
213909
582079
861593
115974
318168
966881
157238
573389
991560
429522
914997
54373
164343
786658
469137
908673
315253
761389
662151
288364
62969
764214
753040
337099
916861
718130
833219
637262
188583
11513
282342
412587
381159
75324
453342
98829
110251
868576
577986
43654
267270
598597
492240
608220
18944
676792
831777
518479
346779
482944
944460
209632
765262
896294
166372
98303
845387
942581
71304
491941
346410
813319
2908
793671
497477
303144
148278
842429
420604
112667
779688
344309
868660
370139
129873
96502
520146
874944
85047
938926
750034
955064
688006
591851
498443
914472
927748
143111
148681
274507
327229
490330
754175
936084
889162
90216
686233
624548
954817
898503
87892
819009
539024
211919
166229
991543
618531
333905
602442
24068
549164
70315
895489
900461
274633
331143
74865
494626
546289
450377
912511
491655
327705
223387
531636
655585
994496
342783
372451
610172
450099
125813
539539
117296
335227
406970
461090
761820
101698
979314
846305
864721
703657
266660
382205
952637
341122
475416
874823
8036
259919
119355
764907
241503
222334
797920
380849
936249
884385
407438
420149
599916
782794
442174
918839
963704
721869
65193
318529
898540
461594
178986
213084
773089
421241
364818
128550
265044
107767
429773
972746
217330
233678
183323
89472
672887
331670
16072
842100
722817
240941
310214
451568
467803
679036
859479
398693
978687
889031
35367
347269
549546
103643
682296
953958
669070
218968
789404
588364
990799
706102
801406
28896
206262
668830
312781
347585
905157
804850
859042
186978
444676
620046
352545
966775
41958
268564
827469
56045
152803
937008
871264
127035
423647
858347
610697
663554
615623
61816
790693
618768
9172
180328
880729
429755
611719
893354
701539
331437
292705
280929
550617
963536
681925
453479
287916
450965
795184
537943
944494
983821
551284
732564
380835
958038
427037
756272
92525
935396
403067
917100
817105
34811
494582
293690
313242
248103
820877
433047
859887
466305
731366
91843
895641
334411
291466
355002
943891
592619
616046
528505
915646
872052
678767
857684
663855
930039
751226
136903
231237
892467
176235
409626
844449
803213
376356
180028
332529
540741
87115
901046
431547
421474
385540
862055
809477
649788
347411
504748
676533
802479
812315
450202
111457
713150
544871
282286
942099
766847
211885
664506
238782
300529
772837
336680
212148
178447
119013
245760
166022
809197
784329
999914
160974
857923
447344
663576
160125
129681
503769
997277
751011
117384
354726
765459
504189
338026
292639
221564
593252
798160
89485
703439
319087
130882
463062
828868
35152
328263
826250
576195
514752
773550
972507
97300
857263
422723
782511
426206
585518
925071
714510
976215
144300
808614
629772
473614
293950
902844
634831
108402
758900
2123
340255
35000
626239
663712
598058
473287
521622
978671
998449
171531
625829
710985
537164
236456
128050
22695
735629
921320
735337
695593
276664
494834
378937
422432
450056
977863
578096
610155
568551
493202
496740
171042
120946
81802
469997
120006
443436
150240
796805
852577
251243
408790
921459
388606
443795
351451
503262
578683
997987
478557
446153
183958
130629
476489
722896
430777
833579
645910
347279
223572
612609
552343
106418
377932
848928
706030
584075
779219
716658
61285
690242
630664
254913
927244
464828
912802
352454
831434
188872
154865
291733
869479
91057
698314
207100
358418
596687
952124
798059
280764
5212
917171
494361
154441
326072
411940
870485
169260
82947
473800
691253
336125
590603
692802
959807
260313
384751
187964
462623
576183
736208
10404
918614
519088
638981
615712
567241
36499
57670
597483
548288
330220
38139
299651
627870
787005
940119
79910
478442
23719
373511
252856
425070
79499
259781
309796
479514
875260
399311
528439
234764
919709
318306
667606
964326
411430
544220
978809
521834
265319
790896
55736
973206
583985
423026
956861
932207
213731
960192
419352
925889
869604
387015
650482
29787
442890
32110
665837
200982
677692
379615
904546
276264
833546
521349
640982
817686
732771
273981
107939
967341
908190
123101
301221
913252
247767
235460
620219
195723
508462
185646
245488
125144
489999
909592
608882
23665
670905
650382
953381
605803
615376
892259
837640
224610
33316
806150
311534
495063
334916
215584
672107
190088
756913
527733
327146
498108
860182
607220
400491
409866
603160
322857
60100
113751
167364
680804
512238
841913
891263
19760
25669
237435
478520
410093
885336
265987
833707
762151
995548
594198
7011
261432
152250
73388
263738
867906
70236
791576
768907
184795
977775
913813
419627
609718
506714
453182
862650
120704
742233
925236
384019
656253
488945
598292
624924
965913
386649
395922
341009
97033
933057
263458
251978
561693
830177
276722
834744
255921
617897
476120
241310
652022
406147
676077
44508
463063
977236
162300
282210
166626
786714
996349
850349
46260
910254
536463
648919
136823
493356
113341
46741
320775
508600
628598
617323
875850
235787
354379
24495
983319
834336
450523
414389
126811
847421
262892
840649
309741
59645
181792
140221
933537
761140
501211
458912
639282
625885
901144
449996
983173
807928
357849
435763
252981
610846
33038
485977
358041
996699
344979
786498
441015
946234
956998
363343
730442
157693
332830
189530
153219
371085
917349
510819
303199
824275
918550
734887
953165
620550
889292
886306
241669
188802
656546
903640
286566
556668
20363
458422
511827
397226
696125
541610
916444
811920
42710
760657
724263
257358
704409
276326
835408
728665
222424
90161
197721
328030
171478
862664
881893
634464
250966
933006
707676
143408
817144
960881
454418
744025
449476
54178
166462
76963
73529
313931
367224
311381
359665
2698
962055
409801
312536
848220
932096
879710
629237
469413
95548
832192
224951
185969
590273
220245
510705
865664
536436
965043
236762
453372
565884
909629
557611
272024
681561
922362
60657
437271
70773
852028
529832
307565
52492
715128
718523
780294
870191
921886
839971
180884
399829
645267
794328
671527
354029
54731
683850
770582
158722
628348
999556
939338
803853
433422
545056
204598
21159
823361
480854
726395
513411
30833
157471
532692
775409
875709
672051
536356
830237
534073
936628
972395
76422
178355
828329
621919
326919
230501
285605
771867
987923
624739
624117
918415
260419
630979
819967
596475
358075
139845
699743
914129
308191
406568
862839
383327
726814
975956
322064
168695
405881
354728
19045
245163
413640
136874
617247
956592
521555
689709
952565
834016
368836
328550
816604
131341
854034
79024
842230
159757
990171
497202
972319
216651
609523
4162
638984
572650
692890
738657
473509
137971
410436
379284
746203
683353
716320
589357
891711
108157
321769
40846
287344
97769
973839
906560
576854
759908
40590
588833
481475
217223
252982
593515
900647
225778
970216
792486
472971
377166
485032
93374
636106
360088
169376
237997
260525
922595
182971
385656
551372
375846
735538
374543
834402
602257
284649
235221
422865
532532
636846
216546
614706
130193
357234
791487
123868
377097
303369
730423
801011
523943
444037
482983
144633
387946
310991
895412
202102
376130
716988
674592
423863
641202
105998
223743
547851
812404
947936
314630
272383
961197
878283
226631
127871
722805
281073
16901
443950
623674
885663
785692
680929
406353
10387
661690
7085
897165
857827
244743
255809
145872
713261
906501
219802
942350
151464
875686
774625
933143
320158
216525
341211
383072
764108
571028
576081
21639
633360
83376
984570
900135
56804
78827
706514
816889
451722
425841
107209
25565
21810
808283
708581
961249
956855
896218
582983
653394
840398
38494
708771
176743
799145
460422
68402
109041
571478
39916
324123
937579
360653
125954
916353
802219
683469
961459
25946
693909
999989
300359
829010
747269
167759
64230
744293
792852
867607
842302
151216
316876
747891
939112
910212
139137
891644
314154
772698
827272
943711
784419
634353
606961
983283
380305
978901
445430
89784
136296
114470
962967
663098
748934
188215
423686
558771
388645
757533
384348
316454
783972
826486
509855
461881
929703
549771
234013
643437
801071
180258
294425
251879
709374
144707
874859
151576
343586
278922
289104
967866
77738
968303
360724
300522
45599
487846
787560
970673
224718
466871
193092
463138
977443
913894
755644
211087
360871
549674
286487
786929
793025
767511
708703
734517
391011
161989
36720
425735
499397
744806
949274
927154
551253
221140
352802
198375
996232
427122
160993
252923
156431
589828
665258
509665
465040
621510
331439
763800
896167
736164
586396
475036
758901
368049
408901
38836
144175
499077
888755
374587
81482
81378
130533
29670
939335
883054
212824
53920
364050
696929
246104
788492
34972
219470
22979
68381
879609
948489
450750
667874
972503
945003
899865
739289
988948
320621
367581
853397
187227
237341
419620
869783
519839
459923
417956
265717
115530
906297
656919
900025
393288
922260
269739
142595
369173
120243
697950
423482
397539
920645
110508
766901
426742
476757
600201
273900
634779
208727
292597
331660
441442
249167
976648
104093
134961
693568
13314
623189
527655
684197
553287
684033
10565
11420
980451
905587
937971
236286
372477
509594
636974
471441
505218
639854
73207
386182
198244
143582
560217
874510
204333
177179
565218
976351
15283
871141
442711
452033
165613
285904
195617
334046
795838
593034
853644
338774
562538
278323
938424
543158
14287
690921
664232
337713
523230
875067
651980
159676
718693
865401
704236
556778
428385
671211
677734
858116
10332
90923
54338
587676
565179
60580
114208
432359
494229
678041
669492
491227
31002
460129
595686
40764
853821
936214
34253
512045
494435
349906
641682
892278
639070
907611
12173
874075
108383
408760
803722
735871
656192
849589
982168
380733
298365
739028
579606
958533
231503
253552
81101
384259
38289
299474
3496
241680
253562
23387
813349
227755
980448
144204
469906
868873
475790
398548
585408
533703
219414
715783
655159
943038
370637
119714
306665
752995
471331
77040
389381
362360
639440
713677
622024
593783
99909
169801
243727
787752
956392
943750
901079
450904
802673
568883
249750
544042
872263
484379
421486
166259
475077
742477
270018
921611
274742
867385
256778
708351
774478
71047
447223
818484
183147
622557
567324
5291
870847
318974
291535
684830
90239
481992
594263
887762
333635
142104
721676
704672
395299
482201
215207
604854
846379
419437
648106
330145
953415
750701
79465
889785
974376
960305
16530
340301
819672
692332
517503
34036
643136
926782
288654
806894
554804
750297
228713
835737
264681
458060
633272
865064
202492
501340
248954
662111
124496
733914
593570
200105
638444
755813
285192
668643
56994
551517
99012
882826
272683
305945
64496
654617
107802
74330
547995
947853
475204
987444
308915
561862
360758
48740
411308
407228
254426
550322
565948
435165
37538
511977
723776
443167
290634
880127
927978
130298
4241
591345
18919
869996
242868
1511
14295
184553
824827
138670
950795
259509
916965
228003
221705
876959
416131
588388
521004
189304
94662
830191
66169
459401
341544
120135
888607
884054
525585
281703
173068
596058
198441
725755
516044
849015
294134
956585
986909
510152
381545
366587
453174
974584
6886
858938
694494
739572
646924
307752
177427
270148
836221
683252
373967
795298
981731
97557
928993
438168
811122
24621
527611
839206
117819
340479
410054
76750
601562
184247
820555
512473
436320
730659
231543
706950
882755
630166
212432
485067
393305
986669
565726
272967
643169
792227
775612
120385
329585
938408
880145
12067
671662
330669
662441
945746
267168
275946
473081
573266
274436
90150
694364
458317
980851
226110
397644
224987
492272
464834
737044
866580
947591
934464
940067
28840
302870
203017
90952
326637
860131
25260
532880
874895
91643
144640
747701
892783
594799
739036
610381
352647
305062
974986
661499
224676
397439
703658
206146
214398
582379
776128
74879
613748
977217
231798
753420
772531
727913
396499
821421
403282
398272
604080
206032
987490
44759
45027
30286
484306
204079
752758
632610
743089
749113
947280
173196
69300
632704
132237
56046
488205
37960
2852
32591
545776
334719
850513
737871
161929
35983
834470
188544
367193
881440
766624
704458
541769
911875
874995
90238
504311
403516
948017
683012
227504
860314
1087
163634
207872
110675
375771
170402
385144
199960
242552
673761
882743
273755
721146
75905
234036
753884
355274
290942
546673
272017
862745
379349
374944
240319
687903
888122
885467
514144
765542
776425
440691
179614
615928
63324
19227
441618
889130
86517
550238
629613
835269
216424
132720
565451
783369
485472
107471
172609
170173
696975
746309
875956
725334
640643
607273
215883
850243
957696
502498
190646
268508
733894
339037
149639
175875
919666
243005
54861
842938
642821
225266
255301
988417
623113
205521
981056
246967
217482
561902
408125
747909
683447
295250
156003
579441
460599
848618
400470
956760
613405
767935
476549
165732
161548
997110
599385
562989
760064
620417
675751
241190
365735
709356
712086
184020
468942
456663
584325
9785
125863
635854
487116
362189
228515
286175
53344
605720
937032
131029
637478
221821
817874
659152
162164
501453
665184
76201
189206
503357
497672
368221
444039
358082
852608
355291
618446
769855
353425
666676
723233
128735
705389
553251
909395
306697
676721
376301
335215
192452
455838
284081
794850
826531
773920
351111
941470
977105
190682
779747
49525
440387
346749
728385
81101
922215
243779
569354
576124
891791
408160
687690
202081
501183
837514
247865
315973
600999
787316
60626
484536
390642
678794
931731
112235
84297
1101
72557
232232
161966
12900
916769
669514
60924
671942
397790
907988
594477
446677
59521
839458
533977
66496
37874
600322
369027
182514
421243
734084
530637
50024
375346
632353
595846
655196
572728
438568
508881
922054
726732
238517
514909
611346
978111
432430
492816
999920
101852
396075
194765
725941
29616
575719
742213
787844
29743
459857
369009
95703
78626
569131
765332
340006
410089
66937
75490
87152
176145
528429
543523
810236
894197
29585
650331
291508
336496
307928
490344
438081
259058
193197
441052
338378
313572
72580
623196
732895
97021
479061
73415
129409
134027
878634
80798
87528
932460
626819
130027
443563
401137
800378
654974
906438
414381
909753
905142
737600
919639
547480
854871
422066
890295
146628
925621
332506
144402
542882
417075
890387
879170
918990
68031
317438
714873
856452
345978
329477
80801
669091
766672
663760
468021
101948
143506
750305
715145
891760
707797
371842
500840
886422
4479
299156
764127
545173
952124
404204
725104
310346
412203
443286
939779
742752
722463
193959
861451
697920
338346
645867
295536
789603
181471
910284
849104
649834
406213
883398
705569
961308
237546
277777
819264
410518
3999
637932
942163
896819
3320
554294
34247
900708
882667
42755
593653
21889
363412
638073
365503
91290
353673
597657
646157
850013
403119
175669
239616
889634
705282
87825
187501
939805
390891
259040
277812
339784
511378
872031
667101
912697
642817
568726
850954
511275
192865
962375
28850
323474
72369
817917
76387
171526
544231
250243
365917
578492
7536
693583
106752
726026
280785
711162
928215
619965
865079
861024
55427
717840
868196
461002
285964
914313
969404
440107
458906
887617
698315
501979
666967
466529
399899
400451
193056
148517
830893
76191
461997
192702
616053
966066
172724
633124
274737
417906
465036
256690
301327
66990
797291
133437
724077
523868
507222
289488
972942
221263
554462
221427
460097
539819
859994
856931
869391
707286
515048
532931
654043
603401
704414
76094
727349
310099
653723
518403
787770
237051
2144
437762
61774
661951
722480
713668
892987
498626
205764
370714
484137
26971
679430
997257
246958
561065
32693
191184
312606
72028
771306
44990
932710
90459
166733
18492
5445
422118
708695
757956
894565
58898
777257
192031
1236
328395
393045
436522
978260
61732
316068
567348
92568
716710
357483
848472
427793
745254
454352
875901
706780
319087
138339
86742
610843
583734
889600
510533
568350
642067
234573
444743
366568
85726
724091
975659
752764
797972
830513
875659
449474
706185
980977
223141
203091
908859
892956
659354
601454
80814
654114
980451
547611
488492
517912
223825
145849
854475
754514
460704
219406
210763
697100
475797
203456
930324
826152
652888
545569
544782
562289
740624
490189
868135
135343
402872
689101
753850
731188
206737
489615
244212
441556
200604
180024
966734
913205
423735
710667
523409
723242
627204
485559
430334
540616
648017
504232
156593
40442
848110
770771
37249
13
963906
610797
583445
24878
950206
373662
35978
307352
437225
705919
600104
690014
983316
954172
567193
336766
64284
975424
229664
988214
428746
137381
991588
796703
971460
138228
385093
924737
550167
155579
63317
820813
841931
997002
752387
894601
523800
73800
415909
463288
990304
394629
860932
275485
659635
228603
17193
173431
425530
980535
638239
657259
521535
259516
245217
700929
435097
485018
335327
543170
918539
924696
181229
284733
532089
830117
391629
824109
604743
41709
387330
417211
265303
45113
804894
867565
163851
885086
496921
700401
75817
815003
279189
768061
88369
999178
549639
809601
767036
349636
346226
578805
912237
994265
948483
285525
208210
265182
64312
631557
195184
129173
30986
484635
440039
439663
481371
269208
123595
346113
958347
786837
514767
182312
762296
957381
374346
321337
712836
474084
774616
727230
608639
376095
695995
9293
214418
172475
97562
59958
343226
280925
665392
567904
938039
600331
451041
286854
834557
158735
753400
345872
260125
162947
626604
137151
979437
57231
263058
132797
693277
565038
707201
417471
574691
406231
799624
412571
898151
5102
126354
917116
405753
299025
201689
524436
872234
365730
959994
588316
5206
481215
882609
286022
958239
439738
699816
61962
368437
635654
392312
33444
387446
918868
112519
707126
144898
220416
981604
240125
402425
556595
430651
622454
585538
58422
370162
96478
816070
445468
632282
701239
543705
499560
872987
98060
976424
487237
407419
525931
315659
630440
109737
57129
620054
81650
103830
165944
818371
859148
532039
940032
880167
737635
274632
307324
417651
957727
954918
649604
332576
200246
614489
937412
345984
655875
724102
867201
13103
632236
200771
792335
123746
989805
108279
911409
142976
263003
406671
566419
950488
472593
537703
519155
942123
26973
689494
333743
6993
240442
158818
993527
637618
600173
17511
222612
142503
191912
447464
851438
307968
116195
744464
168535
354949
138267
41945
985127
442086
579305
253662
689412
161265
938747
684427
361248
490764
171900
424702
64322
394371
914251
87938
236928
563284
895381
577362
123327
982052
23222
46475
96861
220141
490637
113153
89883
820952
762439
504926
299278
921067
433749
518050
851993
142870
553627
264164
806734
330342
687346
812631
755395
544796
769695
637846
31334
90187
857920
58108
984681
784139
58258
108266
258596
765282
631899
846076
331959
99021
40602
646965
681236
382636
329411
421104
495810
885441
610260
936120
736116
87514
23099
739306
169215
454558
426981
917864
864949
634616
198888
230219
440295
626635
109290
988669
513676
259824
740703
38471
447124
774507
657896
183545
543108
886239
791779
806828
24044
159544
775845
728271
357075
489907
658131
174637
279160
218758
792215
706879
484450
793809
973790
171797
197164
309561
114841
365767
378476
398316
641216
977203
703790
682462
721319
202105
170781
997448
842595
924843
129912
799563
454240
180530
687
559739
657139
439105
919592
991091
419461
9755
873821
238712
627136
265346
767708
725216
679412
41493
427270
729826
518716
373444
696358
639650
660330
944827
536755
457925
349392
866716
721510
924682
417307
803365
830505
724214
422656
185966
236336
821604
61981
380481
448551
729916
71747
983627
651265
315075
590004
689039
666711
669728
942760
131267
291912
207171
275118
488052
86089
487663
935396
323462
544094
657480
154727
792779
849992
601966
417028
941471
39845
71882
444278
680056
819296
287519
61805
537853
168616
657025
533595
825809
917444
173662
407052
23470
126579
252852
959098
86364
768416
732859
975535
785647
905139
258161
782523
278196
457073
533033
957971
268424
841277
854556
273852
674916
697116
822683
226116
4735
340557
42040
818143
998396
747191
57746
39336
168808
302121
952203
446934
98752
594472
461949
55992
798840
667348
735400
677831
108235
725291
580387
132316
862471
544512
856958
492344
856013
416170
212909
160031
27836
178244
881250
609622
668499
343268
2420
299565
548324
695930
673117
144337
840760
703889
254496
231900
910862
12860
477937
890694
432743
179256
899163
297407
522843
972990
536922
870468
233404
710447
771824
998257
184760
252606
494232
370628
607485
223589
302763
926847
363298
920230
618731
51992
920079
153481
90772
142555
550599
461961
502549
794384
348957
839478
601557
189454
697155
383030
617358
681923
666687
370555
981289
425668
491033
540458
255059
797900
678766
247740
160223
342012
211733
639288
234849
18788
793787
432541
127003
591259
178018
478166
745258
986408
894082
617671
428972
411367
719431
278344
356977
137671
122684
317880
49964
624157
306331
368113
55382
916690
703659
199995
511210
382816
80457
496873
592104
710252
924557
518168
203301
279776
875430
878905
36320
125145
854487
605628
648609
248506
482352
438764
322142
334684
706698
945937
555488
931034
349379
26930
731549
180337
526356
862462
542047
609588
323669
856142
839417
414758
656274
12014
265330
581939
239705
603721
790401
84752
308217
690791
663379
907449
526580
37378
148077
13612
759049
35591
208486
618592
25782
167049
124533
277544
877951
716184
331675
208002
464580
253314
351903
977464
155251
99932
139034
861994
343933
509143
341974
353734
31799
451006
709318
785142
979421
598402
596885
864128
795899
426586
3246
618141
829512
116516
822348
198783
704815
180529
365099
802882
133378
826443
995037
827039
587143
504195
432291
1484
775042
344480
336792
836552
114108
319724
270903
594547
402094
974296
388146
232362
521464
313661
688984
526298
4157
190454
557916
306435
931426
288359
191522
965431
8112
857384
379099
12552
576590
76396
44304
865568
724854
808772
181632
698426
162673
825464
172599
111687
680874
163719
726955
941531
357724
693276
82683
950436
154976
845892
172881
715016
163341
923553
116274
759964
801714
34128
423816
826821
971143
159721
69665
419327
831616
439160
944219
641115
872539
48817
718670
294833
581229
557508
474456
645662
21549
197332
987320
732702
58633
830974
546129
188955
382411
938206
109481
487910
194598
643247
187339
634037
311154
450743
2952
658541
276739
384900
45417
345853
187518
434620
868569
696029
619752
485848
413994
435193
361808
101047
914043
995187
16238
202837
478895
136662
870525
166211
560437
728723
322543
969784
684764
284527
632090
604116
2388
167845
924637
872632
228427
20328
846811
841194
123671
502047
715062
336683
87510
205282
952311
800404
829088
581947
317872
632421
602144
566076
897113
623585
259022
704661
74282
826892
948698
82634
603145
818010
729172
287423
755788
236292
395159
866562
775228
160609
844026
92129
699038
755955
211525
469836
184157
12616
165764
61089
50813
487666
201665
35352
310156
92002
966612
293462
436321
370837
917022
40210
390026
393318
722390
33198
688532
224124
748303
806783
375788
514484
920072
698320
590416
469340
615558
143299
385680
540187
194408
94309
514612
905434
214276
108256
424157
682196
85423
140136
132376
190530
524232
455731
775398
699821
716602
344031
254635
242040
176719
35523
21548
667350
924147
9889
445953
689171
113384
988874
53594
720285
929820
222591
767350
998985
222638
529918
100712
873633
952983
146597
750944
63590
913557
769223
648906
114009
520741
183036
912299
419274
398371
611011
456634
441467
496813
704991
738232
967633
516843
648755
543367
724817
637452
99485
262991
167655
606192
136319
810934
146387
916503
115153
313510
818610
169401
594562
818862
43015
928210
301761
342614
163657
191134
292200
303002
933780
240029
129247
322157
390929
689160
136066
399055
374190
410052
179290
918361
747612
428812
434060
606222
432803
903890
738016
704946
304956
188398
839896
458467
488550
569669
529052
193566
157811
939222
597775
283682
704887
769646
887364
876174
77098
40750
750229
824441
933051
838180
782839
850507
860044
777053
204011
312590
247906
185835
61597
375751
296480
332160
275589
220643
281208
966515
730888
535108
292023
98181
783143
846163
158630
614353
22152
687506
735651
602656
945079
799307
324440
88820
904856
417854
360995
923187
448623
729180
500557
869147
90838
936959
46297
904212
906694
60416
195349
838011
59451
367585
337859
47506
272895
765516
186997
580731
873450
927156
186120
285593
448201
820673
779931
357204
345001
818644
263966
353011
170589
921103
922331
118559
336685
735851
342252
819575
749886
833000
459017
389331
560601
229284
558885
191931
736671
800245
471699
223034
542016
742608
404262
256734
544511
159091
276999
321697
623964
23128
549258
346074
536577
123648
284347
996264
441033
211363
225422
92214
44248
635426
86595
969346
380801
172821
282038
623365
622580
820111
79999
883540
767338
466460
741918
700118
753460
612399
346534
654131
585792
501060
983716
23882
343592
49600
779426
561595
412257
450346
700191
116613
737017
844334
207447
569427
353433
993773
445443
716819
119993
914394
599637
716152
463296
336619
6926
90971
678793
177018
716389
336951
783177
230390
224351
431149
535289
893570
984154
71124
608690
996721
90412
623116
284415
656551
135615
228066
255111
301135
321038
553521
49642
783805
31200
733492
341196
327189
227456
117686
875711
948730
518085
962876
462839
72191
401624
625566
345052
537926
119796
706480
787544
158659
400992
876717
119809
924647
3623
122430
856325
857954
781691
604957
87082
162034
797084
473456
290389
308956
238390
183614
268136
881768
480376
579401
321208
973275
647505
128546
157200
204134
425506
383503
257286
793313
306328
77803
803740
230003
348127
452764
642171
58408
911941
511045
669809
61451
2284
256389
611400
482845
483184
713257
362412
185084
899433
76213
890335
1822
184656
516046
445060
966174
696596
583000
576293
462340
880559
109647
501163
902534
737338
836203
66987
690234
101295
566820
408086
290489
976163
756452
333019
227314
20812
391278
311741
399359
870072
605783
734127
850607
305428
866407
523832
847528
290671
418726
879725
792257
596765
723395
526931
584927
502929
713346
910845
732945
958336
283136
621842
87179
243886
246202
923537
693050
149923
973314
869708
730085
103220
185287
669855
6358
891745
290358
301623
363956
720022
148577
485559
502861
160630
745001
286202
192166
49328
523877
220541
670597
935766
807283
274510
68327
762072
811590
889481
89360
699202
537665
234142
591111
322578
68365
59607
620022
620208
782112
30703
386323
423634
865155
985476
775442
549737
293428
498642
223764
242766
112158
237496
30310
776546
965128
37670
354831
165900
658715
365337
314870
517493
941562
255597
970328
82473
915351
614720
863999
88705
98049
217809
772184
3741
664131
305180
318012
454762
358827
900630
594317
425732
189614
987999
84074
558604
166851
677114
938371
132993
536596
719626
81500
831712
777210
737368
791333
801357
546306
602729
758213
795117
862341
153304
245742
699870
42871
282896
802427
179333
497578
423537
169032
157407
829556
569736
508702
765366
231972
776547
984178
732132
672670
694638
543995
297214
391262
612235
703952
284334
339675
785859
481031
249049
595978
699053
884460
450181
496002
467612
22174
130677
785713
774848
758488
480308
727945
543483
228210
190283
192816
801147
525682
415694
493089
216161
13507
777164
459478
651189
264657
185926
723464
243673
139718
277590
616490
637063
454693
423339
427280
361025
6722
909904
152802
124574
223776
731198
436314
290964
451821
891360
215123
263513
437532
903471
186789
318625
607218
55889
914885
212627
243752
97352
963059
786776
679395
586185
991261
544966
729239
706495
873369
733556
890824
358454
160994
277414
577619
131757
972999
287723
675984
730333
702218
284169
469116
975948
637382
650650
202887
91281
935129
511209
519336
150829
924658
737500
939521
660274
821280
32674
487955
374129
350881
593793
529451
951575
965952
897496
282036
913007
371558
114494
754008
176168
303721
182463
941803
798859
76468
597823
397709
996405
689805
884655
686235
414612
821339
959942
626404
212326
535031
131997
970295
345276
184387
134060
151640
451209
292054
517363
641011
257254
186252
592839
783467
157018
394080
900859
132876
289479
102039
220650
752899
702082
48339
92532
361670
409358
45654
774803
226657
773555
288188
27559
674578
968915
302639
744052
681143
340827
654972
158578
779950
110811
674532
597945
132413
424151
457024
191536
942272
166733
69979
321725
780664
474687
661952
951470
459958
983146
297597
599958
274624
843358
537215
123852
284210
744556
96088
174288
361112
650031
92662
571348
225011
453660
248414
579396
3989
147437
685761
537115
933881
562769
145516
436093
268663
551904
802302
864590
154218
415312
711003
42292
492532
821207
844165
818816
653585
191624
998157
38239
75096
671421
523000
867848
156823
889484
933862
766091
859671
947249
264864
402597
130236
652763
92352
662813
993265
188127
596403
703765
32262
443769
319285
550555
676679
290756
458989
305478
275754
975470
342283
705177
571034
324692
722937
32600
717387
365411
138498
684105
987275
580965
562158
520074
299289
720605
632209
346334
530467
721047
311759
567444
299875
653195
925953
806192
740996
936479
81243
942385
881136
469147
888426
759804
419578
776039
684312
786826
53636
585708
933404
64477
699334
389102
517822
613976
545694
393102
27371
664622
632818
8012
234505
74858
504999
646524
521372
560338
290907
495679
779922
15059
625153
395710
835517
196003
793549
688113
51468
562404
895904
546764
314539
998076
728947
421924
638001
374503
468313
531517
205769
96903
455562
461506
373982
992783
683596
231191
527499
604595
447887
308389
776263
880803
955896
820108
961997
244739
741893
816879
853134
363125
361339
655717
432024
887621
551064
80449
846104
820967
658697
957236
230082
249520
88987
25527
215408
102629
557999
314430
938419
935207
858162
681975
868805
194588
670131
371858
312145
89548
637865
714443
495992
796236
765669
975655
35756
195323
106990
667384
687163
138255
177393
353464
820816
343950
491507
921727
393336
140907
306158
433359
37517
460344
485612
844114
422089
32968
698152
297721
552690
909654
33217
148734
154959
718017
423336
309731
123446
713029
606133
951711
974256
427008
586741
75905
379763
902287
982215
812962
719613
327414
508271
980385
911211
609934
897666
456357
150871
383440
280167
496801
91756
12949
756136
400298
422958
517872
295819
775165
668263
403415
827413
366213
19379
929126
947153
807383
969557
556403
118379
828341
730469
628473
453192
634305
935995
8696
285734
465727
62517
608778
705272
381710
463637
485068
656962
359060
368956
701742
790498
196263
763911
1887
733803
575167
97670
194416
609239
811208
951407
372449
973845
796134
659058
758507
791622
461501
714907
481097
745880
594745
384848
820858
193677
106667
423674
470599
321146
89276
870127
314461
642082
71685
571299
792104
840422
334639
92647
493886
158143
598444
796095
20917
175015
147791
626720
846008
860841
691828
754938
104430
223867
466572
932755
171646
149733
323618
787566
432457
658538
700533
217690
402365
497474
903521
38165
435489
96643
9090
970094
539883
210296
264009
66557
735349
52524
734523
436216
365747
767272
445338
336458
209064
733489
779731
815319
313928
946489
751070
597294
144303
63437
511650
964291
11191
55441
975347
703483
313899
963007
441839
633937
952532
961747
63452
685799
315730
189844
670150
930138
924404
656075
640603
277318
354073
904390
718708
386894
875278
351122
740712
330755
76666
438844
650563
974258
667992
126112
321726
779626
798103
627751
539169
861686
59147
328280
38057
706886
571965
235464
213293
118306
163836
426969
739874
486407
274815
227436
646635
615204
953447
774909
812749
93601
631745
928362
116799
477635
908851
910735
317323
328008
824436
28871
8586
354262
286380
763835
617183
423686
957428
493211
215563
675109
910654
926099
107411
65956
697809
531292
508850
970263
620115
120778
105229
774353
305403
399832
828289
529211
335995
267099
790721
99326
836354
479837
209937
965382
357610
320619
209261
168311
152782
829499
347843
804427
467727
356905
118871
800729
661893
202312
787180
968424
37643
226123
65395
150272
514068
225944
292877
146397
911559
422729
724861
693420
101740
418732
293031
77015
128450
126665
18131
387643
953764
170141
413311
274292
416141
673581
593323
233990
406974
47056
986451
456954
861919
557134
309505
100500
912172
184954
808669
756402
267828
163923
229200
328287
299144
106556
569043
47368
482091
446019
701235
323079
848342
949668
617508
769379
191427
473985
136560
238821
816882
238247
120249
807171
845986
562033
855399
730434
158796
368818
191089
295724
989691
907729
277330
17935
521686
58218
593189
676636
917399
718262
84338
120809
528585
28543
75006
530700
367283
767688
535150
494998
407178
918782
8770
328385
628890
23951
932164
236829
466314
194712
705510
403978
364948
151438
564989
344090
731369
667932
427504
63455
360871
581138
488248
373226
590979
559576
536136
402132
556632
848080
479409
606190
726125
13967
503072
938056
769752
21483
851340
721560
180156
374228
502299
340999
692706
500954
492179
413117
378463
309536
592813
280782
289631
401581
84988
452257
46545
778123
691313
847740
634251
838106
457984
282492
965330
478351
710824
236271
414393
423093
61709
108313
15159
13511
32345
588650
620785
992716
505123
439832
468268
261748
556615
688478
249964
401969
724237
280639
872844
902377
127544
762753
247890
962691
416102
150486
241887
640508
358093
276656
727252
102595
107396
177233
712581
734819
732152
928103
195040
181733
699598
172189
151029
376562
532280
849770
432574
978740
982945
677355
873251
263715
291437
164966
830035
912862
62450
797780
808961
961095
125084
245189
67737
741773
207478
443937
534558
889486
632154
710819
180802
960095
92440
672819
262984
241821
110597
930375
550535
596907
34186
455365
905946
26228
774202
270832
7499
314525
93544
591699
796886
295857
134758
12208
776345
835789
67324
680774
495484
680715
729389
819998
286691
375516
497058
493463
271515
946306
391545
42845
963069
40311
769319
850168
686722
190434
498867
593902
938232
452027
257267
744060
841225
91195
940762
564540
402909
781969
639616
671969
916289
683577
183676
423827
725050
900428
507707
283315
207897
346387
335092
998699
105361
656694
763073
359140
170855
205553
400414
936065
974736
4209
643652
959984
664869
702606
376986
761512
376668
579949
29594
361495
485472
518654
129535
694212
919996
198785
858551
537012
220149
355250
793869
3066
655979
399421
37339
270764
971028
207872
350471
982421
18439
71512
286855
656013
899794
393004
90486
635428
642821
332249
806218
318647
237938
174251
453772
923637
676386
284155
612973
288746
867571
325931
83230
602409
466158
70313
240090
149369
572847
787041
705917
911592
426431
374600
361861
413957
108380
369590
909509
420
46618
496163
13871
174386
959636
911988
889148
341254
913454
990450
186167
70048
754126
474555
900091
798452
751089
264362
489185
35857
602396
400132
727743
600232
572286
352610
683424
744554
619904
693151
971863
34036
112967
715928
831837
763930
459674
596482
941852
971969
437883
348854
895855
81966
862990
231143
473866
408072
110168
599745
327845
266680
448067
852009
717412
317003
222917
864183
943799
171425
640085
249830
597086
975646
231967
81147
404013
252328
449109
888174
780662
681139
733659
709918
992083
286584
156771
528652
12438
499569
586927
898220
436534
327278
566389
189528
188852
625587
11860
644951
278037
886187
140814
598313
263208
992980
675891
197769
12568
184794
357119
842116
305942
151409
392448
953477
347633
124805
451045
454648
989334
474091
55454
642453
705772
171901
540751
520104
406616
800439
220974
982149
504288
100044
111468
377737
42418
901776
30891
304145
484220
788188
655712
759537
223256
643471
412989
409601
855808
524795
921505
772005
278958
727809
347590
413457
974752
323889
457049
205535
618357
623372
562244
294246
105933
615979
727500
542341
880371
144089
677706
14340
483494
535020
121862
970877
62684
471173
318704
1698
288329
660457
110916
828346
461157
903069
254323
327055
780669
406917
332414
197414
796262
243399
945555
942991
287633
644404
192572
277150
433516
157567
523146
579753
564517
822955
328763
760432
18987
512731
832690
120929
726714
618157
41070
814061
317200
335421
359626
78003
498833
180230
245019
92206
513429
931669
692830
759054
87162
650438
268991
364062
285389
755735
785269
891938
14521
712832
839822
151268
304801
367254
679295
813674
258271
170845
996852
795443
256771
411369
875212
325185
790264
375102
529233
455627
830707
649912
66633
557887
803444
319426
191891
737460
730673
101226
707232
646001
335189
660588
699787
569554
927514
809991
418847
250563
882731
249478
817253
267321
192508
418893
529046
430143
373820
657694
19676
648514
797168
588338
264602
349401
419939
331169
753674
820914
184593
608495
242496
576857
465550
62587
260879
494762
443145
279792
103536
478754
440165
91658
827147
78124
558888
408557
721381
901324
137275
38372
492402
825627
559780
387598
256910
968616
990889
484311
971627
578506
938707
580070
569993
388835
914498
523989
99239
34918
123958
565536
888083
949602
655416
623448
962644
417571
94460
640196
801413
597344
948046
49637
190517
151296
590918
171566
370910
696990
886520
170720
593393
94629
544626
540654
614231
485771
156814
733908
655718
872358
980294
179701
373015
383035
365559
880522
245489
763764
228589
968426
54943
479378
45095
257012
968037
726246
43351
676048
810695
428093
100977
777510
441444
649963
662523
724876
71006
215801
459004
852583
555291
910843
639676
479267
869430
411460
661015
807599
297561
47938
908656
514090
33069
65431
674365
44583
108626
989539
26504
39857
463650
276552
132703
97507
611981
996291
532324
552512
440512
288292
661240
111968
358002
429095
150606
208625
626058
829458
873181
379454
209332
510261
271514
272564
881664
335510
283895
364212
800181
541489
337277
703481
936824
493805
732588
759185
940703
103820
872902
888642
745627
827470
992367
329372
255602
633463
920710
867069
899723
875191
171402
264894
66933
385204
998014
225141
852219
505693
55213
639297
951126
965571
595499
268466
170472
472423
551728
584869
257601
57141
355740
602630
888891
433133
622787
687517
426344
735728
250271
697517
140197
78675
659521
146502
301608
757008
790006
325839
440665
271928
632708
94595
98247
320709
564899
99029
523995
423925
656941
994751
581060
898814
75860
4621
603424
344290
687556
481464
206215
371205
599417
583348
863844
592972
936120
456003
416879
195234
993935
957170
292154
340294
747665
524164
910435
239689
328431
869208
280356
449973
677050
455279
644636
404714
5199
575904
52175
671328
646244
647123
797427
94010
417015
1890
421897
204523
182048
108844
779037
124216
259382
350721
291545
862899
391291
581134
119478
765869
840097
431617
151157
573062
999179
649214
316362
193913
814350
224201
535531
108408
313307
553543
856466
141864
176319
625485
875141
522213
382178
973723
617791
982675
480755
761553
109087
665989
970344
850013
318292
60314
42553
141254
358572
420026
726590
567901
474831
311042
317881
875461
403505
325604
558938
166284
206714
828247
776434
394771
853243
896329
359932
416679
744171
463999
247480
915728
257747
187569
426733
620825
249747
712676
949440
130274
963508
9062
675029
294836
17807
835691
908500
286941
635655
340849
907968
810599
511887
785415
179995
102446
376735
527248
990675
985492
732129
144580
415794
462276
480617
291261
303067
354405
603447
163009
555789
49427
231731
912153
921890
550280
246981
922535
191338
414146
41284
89077
129232
398324
601855
978699
580966
306348
166527
879228
200717
75597
168642
490763
408004
697446
4698
355965
163976
545486
185205
528930
153315
628905
500038
387321
599725
482884
113250
879513
537872
128696
79141
446917
529646
109082
682990
920962
789805
455060
114129
754907
501293
168254
515376
699958
871481
659354
799947
597870
228246
374343
982015
68536
418301
47443
325095
822859
615795
557671
179070
583524
970406
383999
165878
475959
184296
45699
638528
31960
386918
479805
976742
676246
888459
881627
700439
644600
226254
747588
26041
228063
650926
959922
847903
534604
668002
346557
281552
288903
90533
13185
176782
663168
229359
780439
978772
823771
788641
228435
791880
648503
256272
858037
718417
897198
273267
951826
43946
435586
73465
939520
70158
548278
897059
553607
311581
714641
803843
809304
313186
185724
297378
795603
119157
612529
319690
221583
63347
810958
356694
858321
637666
826164
500943
555076
814763
442497
618086
467480
568314
457679
128862
712793
635387
436526
140230
483064
900931
52583
561442
890937
329695
478707
962119
738386
298429
96183
716066
548545
193144
314556
620452
875556
439149
229697
114540
94697
29448
802939
574377
759155
742224
640092
450763
576890
170012
819749
136914
949258
780363
250619
517740
743622
451412
524316
287515
487081
534300
576732
565818
135491
37134
245533
881791
981795
809664
685689
437103
399534
674931
684930
449461
699801
984766
575602
786881
971192
854717
500442
739684
960982
912900
496893
899320
31506
897294
311017
37155
690869
69715
878923
55944
353851
967486
500856
311572
670288
411923
683237
10926
668021
640945
499371
88704
977870
495215
251106
31982
893073
628402
24378
216442
672131
593357
202441
245689
148619
779846
978921
786141
621056
394071
103587
100896
882030
898558
883073
339244
15692
599876
353058
231124
708713
42207
338454
42588
593238
298064
564538
720204
612909
785437
229972
742349
335243
555226
82016
446239
846909
253153
707486
737363
357572
643582
308372
504307
942993
846186
523210
891418
251818
142729
91454
3168
347815
250408
421025
560909
618463
463777
151334
33339
898095
718537
867168
414915
824265
413440
716530
678245
940757
295874
416928
267016
790514
789341
714881
268179
178881
153016
870280
671883
986216
151614
992054
162980
114830
594582
235806
797835
216955
5527
409693
530782
131356
237922
378216
649536
657655
446012
655206
915777
583107
909489
749730
155020
24213
508991
327087
13739
750569
77924
860217
379662
731993
905076
322763
711743
615056
600303
602843
107344
454747
276750
996050
79299
34123
976908
893853
741534
691133
175615
96625
414078
29089
899346
216753
347292
267008
244883
898647
258445
281072
415886
81819
204085
967379
238176
768580
402603
655883
651690
123967
463200
126383
256102
796843
322170
467954
749686
363563
464282
581730
891498
298881
565399
842629
900875
546165
651170
631378
432009
844814
767950
797426
882964
774982
71453
970876
141291
782950
357660
889903
242861
524526
922966
138837
441771
29170
927136
755507
739246
873279
845710
534077
434130
406877
927029
441029
893661
972921
317548
508091
274018
781778
802696
84608
802220
26292
445340
990469
904836
68456
591368
462661
314827
373754
386416
292967
524412
53452
776813
52230
941246
296991
292430
763422
729090
712543
384539
76219
53066
753656
555827
935345
971542
979012
401043
523299
633623
663404
265628
926700
704891
494507
841869
566318
365696
25507
554841
487493
253106
593804
517585
63953
527642
707699
504402
463998
329200
502122
508513
392056
646020
876842
509429
891711
390781
2085
359867
929061
405302
673721
303078
360734
837844
306893
248333
682394
84518
245820
510403
512563
604753
662921
573299
176806
950679
608213
233681
647054
19219
274480
46050
784021
967695
256607
28587
264559
714234
332766
367124
274262
742308
296701
778152
606194
369140
928899
523910
776291
552645
715704
838024
529773
15629
243205
792654
288967
810785
309508
934670
503617
660317
889564
509764
430934
232358
857592
215527
2396
761791
682649
360458
503870
538892
801241
45205
196240
929836
548668
568301
389000
449717
326110
19832
212228
306843
590886
179805
377724
637797
800536
320733
48641
836038
983339
588899
194781
273825
271560
916033
651752
967166
15586
531224
413132
244666
805036
23371
753967
668440
830689
105379
29011
174525
503598
734422
801888
483927
286835
346117
591155
942701
427908
848980
967229
495491
56805
492791
729440
321769
198963
721150
527878
100557
436024
339377
378687
104953
394852
610047
805286
326837
460425
467320
542712
177543
833537
684872
103705
900071
479683
54418
696899
600800
135429
213510
509163
24284
253349
101598
113743
984938
531244
188858
726555
874170
847264
571084
240472
989539
428449
651464
154608
963345
184746
969261
252469
63795
772898
580297
107197
987382
76027
731884
230822
12988
294279
430244
908452
652768
133432
660467
162619
518658
532517
949528
21108
730188
3981
279172
303
943016
887666
454470
724227
98268
625679
223980
941456
595116
73925
841400
629290
494042
885232
202520
303260
700207
906998
420678
198318
433092
250954
771088
806379
265249
689034
728460
861592
26373
54037
514831
422225
253814
608398
350186
484769
156384
41693
871415
21444
888247
184195
185734
592432
223721
769745
765228
663257
122729
906807
99306
853627
637266
619843
564173
755633
189244
541376
606348
768388
600708
878479
250913
913883
702227
447693
117386
409242
330215
380243
649832
939973
910189
8663
677614
801712
571450
509996
731643
434403
495500
22946
944019
214263
20128
837951
902165
815836
243046
972600
7456
499448
790753
988115
740437
888121
744788
716834
873261
610293
469813
374837
542181
462021
55425
21557
360707
836769
784698
807509
426510
154235
110893
234159
700678
715438
228976
274709
30361
877123
697203
316930
278184
111420
963316
146021
493183
241360
273565
927165
455088
972515
605273
359748
587394
512603
673181
105995
35471
437982
567400
265860
264950
118390
837550
172371
850112
389239
953489
473411
812886
613413
182970
403280
503579
188435
982978
418385
852553
400217
260822
246501
556950
841034
845673
559763
189285
778945
527129
248768
564815
168076
455645
408071
447970
674286
679609
440592
737713
976721
887641
325731
467335
110168
622003
786598
813242
424330
88934
522818
908301
354988
610100
638734
402400
550785
246753
908491
946465
42924
200840
701223
738180
842517
218654
894852
755132
788849
106504
495325
877977
516625
943890
445292
232985
947122
21845
48848
888985
489468
291981
948573
424657
399064
234435
734546
580036
415917
405385
602824
821840
707545
56557
314192
455949
862708
234571
81684
156268
507220
634253
547533
196364
370315
197397
874421
135795
335323
434898
543645
706821
327261
504820
545059
501328
182278
872338
373537
393199
611196
104594
739946
951506
624398
703779
588793
737778
862164
537762
473294
200463
317819
17347
427395
376318
579559
887539
911732
452619
106709
414665
788949
846245
520689
927161
832654
686524
405788
907444
12111
124981
556984
709567
734005
67829
938758
322123
804317
164171
473872
328623
886979
811985
347170
817905
975866
986180
148808
265681
540308
590312
742563
838110
618459
44457
762131
869125
84474
141376
855895
317337
108127
494192
160564
933377
863806
930678
965223
665193
746899
348472
716609
214284
241899
211449
441231
968084
76580
770165
547458
194323
524407
181171
518203
442405
419710
812762
574762
736499
620328
190985
992478
120867
445808
870055
442758
786559
405903
486198
49672
556191
633343
720989
750563
132679
771083
61196
211066
8445
619693
392491
11138
204216
333410
47212
783925
347781
279049
768715
630359
799811
11706
320686
147251
165822
895917
571716
214402
152924
429195
247283
420401
421466
42616
625797
742334
691771
649467
163349
242426
653371
773081
441362
650819
547516
698180
497561
17514
907504
531537
688584
368372
704437
135447
132807
707868
298355
250482
212653
314666
456997
919449
541653
309252
27043
922893
59226
935973
570078
800167
885336
928122
206032
382183
227913
133319
132322
723651
352855
980670
69105
395758
159803
978175
388650
514725
505745
309424
126498
765602
702223
79526
163529
387754
101820
282018
846275
720155
389698
335584
936637
791527
116270
626745
417488
165758
373193
926780
403800
703996
218645
176114
811209
75223
831500
83105
774904
162655
596966
500337
923596
319149
60138
430662
694316
34794
522095
818186
975803
942947
937268
27219
80179
823332
390851
347544
556277
524235
383048
214010
530483
373255
103253
409349
651535
309516
640236
34436
184478
486039
5954
919683
367737
950108
148431
303674
260852
671295
117719
37257
422028
585086
315804
179160
595423
241308
982092
511086
776720
993885
354846
7033
468148
701054
852287
963792
484186
365156
558850
922296
259064
763029
644378
68233
49077
83191
688409
487265
781910
71990
131907
25690
963269
784314
190976
450011
75582
685144
248736
528045
497394
881989
496217
574750
216466
737432
187637
383271
354057
966281
716683
680076
916290
841380
19699
717189
189408
248610
511302
752818
365048
331909
968731
709494
623973
535896
469206
402291
218916
93954
552640
677360
689358
885624
173480
23235
889514
120551
6311
5392
765226
370034
973726
970083
195508
222088
969113
423093
238378
915013
82964
3487
156641
295638
810525
543680
658950
884083
627808
934333
554271
464108
581427
390954
888003
329560
281928
407179
695304
548134
434905
887340
502747
793671
680106
305927
582118
62871
311137
756011
577269
654401
882010
360473
776178
370704
244752
359732
714547
302791
92924
887074
892407
695478
852741
196976
153256
204051
203717
955663
237398
837330
692456
35820
871560
495105
129177
698055
913517
637111
709133
664215
861365
942295
937879
299806
856151
72409
60175
818420
659484
845367
234883
669896
846557
134888
77772
881228
397891
797059
7612
362340
820104
603841
45454
253540
512803
353774
629807
513978
530754
81461
834803
406298
45833
46082
291206
976225
195795
749034
874150
49659
159768
555389
342779
238943
16856
964541
685124
676237
485384
177887
783454
959767
131993
837893
358046
743412
457200
268204
999195
750762
699338
841161
361610
472905
532470
966497
582561
321583
59079
82737
190951
502856
236496
920442
182877
331749
803548
52872
326561
536986
700337
695576
382294
982958
988544
919864
945658
527115
1381
657188
217110
197197
955516
848306
332742
890530
322581
786554
142867
992755
393860
248397
523107
728038
351700
620182
581935
189024
111491
522874
656387
177480
621623
348121
467858
727411
941930
493908
700939
580425
886596
260359
314641
992908
196198
746344
524648
412439
704778
154592
617211
10217
152240
200374
445462
78569
794603
919513
45330
190915
541167
587535
456514
916365
207646
855284
56792
548337
873617
413770
888130
116907
999170
491201
517311
892983
503470
502167
648763
959427
954425
551983
212403
394260
663661
149647
731805
474151
542378
348277
790030
351637
244369
810013
393886
19634
174008
169343
873470
922472
232336
863721
828619
594059
846821
67058
732295
357591
18331
827238
557860
779710
712399
112989
943301
117478
326132
618523
300733
839938
990705
463736
786615
895997
529027
719593
779152
483220
982683
632841
594421
28315
985174
216879
192934
271873
537864
857325
216728
380183
982891
921955
909859
683334
739583
724543
425174
278593
499017
627184
300187
256482
473738
621110
468181
91777
62318
785097
952187
861543
820384
5304
66231
815356
293541
338051
640619
368016
827024
921923
380245
772930
274887
886588
320996
805016
15646
402133
79946
417178
92003
560419
452401
874424
458707
736583
924942
479715
808243
134656
813895
595209
78168
779986
557150
268636
137151
461703
103670
520871
243548
9104
895812
1754
662355
751170
27102
779953
791432
867125
38669
163277
596477
692236
250944
768507
671490
367352
497459
762827
467875
178090
833684
682761
843559
340638
310369
726613
201339
321604
586747
992871
3928
282697
602125
706109
834858
492136
393034
807187
999591
259057
649950
528053
637086
883353
210767
509527
239916
955448
448945
821324
892667
492254
559046
743764
512472
542926
81889
926490
938856
17593
986576
960477
110701
178545
732190
740237
459542
673700
630238
495232
254900
128955
431307
394171
665923
466721
936792
303918
720526
698586
231464
434369
406364
458130
714094
345365
963308
833205
164300
90147
374731
852114
329848
719866
530456
552273
885280
699547
195630
109554
515078
215892
915399
919730
216494
87184
262068
18653
11098
227149
721294
58505
214334
509800
141814
373192
559604
46523
112804
719812
177485
560803
695948
102516
984179
952489
833834
675097
932236
978936
140882
87744
868164
684950
780909
715926
515795
633642
475198
797048
986789
746322
396033
28760
59573
641954
682401
635280
44581
886979
517379
245185
389932
272875
804022
206462
601681
171962
589983
462660
623140
676091
142117
920372
239557
946620
50991
760173
277270
579222
517467
885882
601056
734611
850827
207645
154846
1573
288096
292305
16858
481089
815454
640588
561326
505958
382698
460137
602635
528483
558398
959234
523473
270586
125643
557148
694724
10053
90089
936428
898186
464382
522562
901836
793734
848639
508169
203000
394079
687124
410897
617027
66110
910201
214891
441145
588370
86545
749321
490341
236212
173414
515348
720400
35996
741109
426299
386870
736336
181099
289450
808507
504226
341678
14460
840761
628903
72890
381413
6653
722766
504168
656089
146588
258962
651888
995863
337995
552226
630258
83847
272754
232439
308702
427209
188922
128090
881161
633800
534275
557958
558396
410843
635123
263418
333173
601912
713391
171631
16751
458829
66193
494172
740614
85216
41794
901176
698839
800136
22677
929412
940489
288271
757209
859511
811492
739811
437162
424017
152637
188661
520455
563512
144918
62815
584492
769697
883512
284255
190314
632304
241343
784812
49957
595082
56581
854758
417352
900807
515704
118363
690174
459120
784724
159592
85759
349290
987902
868202
233059
373753
108830
10292
749685
444975
703323
488279
501272
239557
785551
7471
145029
288883
411370
618664
633533
923880
956375
636277
39245
850832
479852
957486
123228
533933
579527
447472
207722
647672
326710
556458
541160
632763
530325
773478
282106
244192
157389
492610
389294
309016
177924
293025
218429
307225
362637
614553
979854
280202
879892
380429
160526
57105
754613
905105
833127
213480
90358
411726
842049
241365
335983
256850
810550
670104
590572
716037
4415
804341
453847
420564
792324
359006
865701
241746
203539
924540
894347
26793
449552
842058
570268
816652
37235
338393
62494
687394
783118
982701
795624
528562
893678
344975
7921
60256
448312
527935
469053
346502
274725
470436
38576
861581
569348
204543
415686
877423
322712
719853
234014
427798
702607
321456
682743
235999
310830
869427
265196
651492
100745
185369
70238
992943
525123
277242
230023
547005
863043
461961
441786
563961
684780
597960
377120
964506
501486
978649
758415
113489
359820
802147
732852
678270
280590
649227
901524
885070
670739
262893
770338
289450
314250
818901
419641
44812
606584
965282
841741
852086
800125
383213
289289
912889
619711
247827
807555
399493
653519
154824
745514
874020
477673
494620
922699
93811
982022
841925
4590
449031
896492
241295
218746
541937
700946
962800
853800
344499
935576
582886
862675
655488
322572
621092
415635
824514
222310
833046
583557
290647
769811
522405
662534
221341
409711
168312
480201
413065
75064
485098
227271
374956
55311
659597
716979
590539
672855
633202
75428
776802
132499
626112
737739
980003
948781
262428
767230
540800
74814
825617
195016
289746
629997
462443
641890
674338
14005
557917
964429
623990
518812
138394
825176
402271
921564
275241
642925
150049
837118
626937
888705
731516
930056
236197
835481
303940
950405
955222
328525
237605
132268
641520
959877
902989
444083
907972
991229
557738
764565
822702
105662
607778
199262
345670
148228
220120
769756
695776
849136
348423
343936
878767
504805
770784
312471
540076
55541
598713
594282
405903
519891
147257
187497
909992
548754
920690
378323
782986
21386
309282
894197
76774
599933
362789
191115
159103
510049
276864
593174
738681
218920
700390
678894
58429
279357
707539
404724
851162
509194
666039
989512
360334
456575
756356
444227
52921
841993
975229
341366
835136
404962
484769
91023
428807
102005
941098
567523
336097
210165
156659
892379
767670
253017
542174
85112
422730
357226
48425
904750
187117
943085
224292
490851
535630
530185
141521
190343
819410
135997
476130
999785
513548
441945
497192
575405
871524
850209
353625
660145
669435
192941
66238
443847
561084
762930
940497
411159
941104
109730
949561
932215
727782
874016
744902
104493
193392
25288
729863
422112
649631
216644
29078
764282
978328
419017
33128
330815
477618
872419
572646
842965
628364
41304
850997
604605
268782
253183
821487
350919
259142
285302
30921
768879
449525
786026
802937
101794
419583
507008
532834
765603
297694
809098
831275
615352
856273
607962
652643
489681
740817
806512
140352
102853
491990
291983
813888
815268
796039
8584
481476
496858
538590
141019
795887
960521
89906
627029
239119
334165
946307
423852
797569
454540
641234
931662
505700
753620
144518
541356
37938
724615
629174
956774
843672
365723
856490
631986
509131
429248
463160
433035
901545
50058
273696
813350
453827
57658
693307
444610
653217
332849
155369
481814
704872
100101
357774
6196
781116
840147
706912
947852
76618
453206
176803
185222
122723
85530
745517
639553
329038
70530
263142
666637
157857
97267
453804
847613
720121
138151
55452
951588
174999
889094
819084
524638
106986
220736
947771
813000
568120
894962
96134
408900
181467
583059
779300
777769
352308
256660
54954
568194
478213
59791
568990
843855
927580
531855
130904
411522
408187
740960
552304
25352
248834
488872
665241
117025
117736
67154
512621
706360
49137
124839
861580
143063
816129
101728
63784
802045
646058
13128
433857
517145
359413
461930
886269
772101
609441
388618
322339
312062
720958
318644
205819
986048
521086
473047
101804
393469
433187
987485
129179
865689
206079
243938
730704
815670
81607
807513
255285
947945
361335
149115
558435
376928
158594
775820
3884
938080
879012
953908
999340
733253
631992
310835
838284
828113
451911
232239
810408
492401
652480
460860
367833
938919
653514
264055
943452
807803
215594
132437
574327
551070
719460
544612
764479
451946
819571
894239
455168
526694
67532
734066
131493
303464
449950
856319
894880
584702
462886
285353
419388
348031
442760
270346
292616
245604
139321
570078
984531
634153
996969
305532
628741
441575
852303
844650
144372
153480
86028
707431
986522
944451
832866
452825
415154
563546
529840
262456
18814
731576
92267
193314
804220
308356
528034
672968
599233
972150
199550
209363
154083
798042
986743
921473
85017
935543
537225
703423
22518
703054
526486
975309
328796
261300
347567
681278
534481
41105
497675
460713
740940
422277
278483
625523
438589
922870
937562
888102
114314
171501
318233
439077
810574
508964
10987
96775
347720
119341
394627
619010
248438
349868
491759
113974
414141
449382
737884
941928
226063
673928
344847
980264
216413
413586
351056
308128
985369
16469
359545
279103
330723
125734
815953
982383
658323
428162
207505
453732
248709
435412
451711
435728
478436
881264
827808
813241
166283
484644
101231
254151
793111
393016
643276
780708
768334
190494
431810
714608
659768
163065
729086
734852
606524
532821
856291
133158
582262
123135
486865
316240
41327
232079
197920
315756
591446
362854
268335
630651
676443
663367
958648
61541
39027
49220
899289
568955
590878
957786
788852
460530
802584
809860
642013
838336
879609
168781
370899
61708
938736
42819
778742
233843
70379
750925
301753
232822
727989
381614
907779
899020
812156
738016
268410
16495
296192
50918
395089
343778
909302
437024
654401
439359
406081
955943
152767
121416
683864
785250
51959
433985
631474
244424
306102
897658
524489
462514
328926
240278
819800
320397
377564
749137
161564
325391
539249
311053
171222
597670
301285
675282
699307
64126
613526
428386
957334
39353
805435
192016
124252
256956
284805
926134
413513
853619
708957
321285
266592
529708
765381
617732
907377
7293
340644
969904
7101
236259
350946
867448
934390
529127
666722
253001
900816
381210
483649
213708
755695
668701
339742
547886
475574
881593
495536
97232
466015
379801
282901
347608
303673
42029
869494
803061
741191
596551
163121
879003
604208
258305
613779
925462
581194
602232
710747
338377
24801
20489
971552
33440
884644
615172
475569
72882
468693
156787
507832
52504
382986
571636
933926
350584
358363
161059
200725
710461
78546
884679
235241
503940
28648
946505
589530
42714
761474
360081
365413
96428
634778
504386
247851
847361
692941
660156
335601
333047
605952
388010
728784
592057
391624
99806
343444
182022
539211
262567
149013
333943
489541
958875
661390
644016
714976
691411
65171
820343
770863
472997
318581
230078
598722
698856
13167
594236
130225
163567
373431
543082
309270
196258
683962
223263
726891
651147
773145
492759
57644
688757
847793
220208
826783
908425
431985
730572
968458
452145
750329
225739
453015
928115
386034
221450
111952
288820
672370
590627
75607
665424
109084
512415
612154
624427
450213
532138
328830
380175
562475
159225
941860
90063
893446
718021
55424
44081
251827
46111
203968
841002
104416
837709
815568
666994
371427
589445
112888
464730
492330
71707
488306
395649
239478
19707
588402
149747
890233
496647
765571
773089
83251
676671
82158
89733
154518
982267
369641
590041
278364
608118
2231
407585
939861
363171
607500
399689
901889
930825
271442
891691
338626
512415
15340
317898
376324
547791
711964
540575
760456
677926
154310
14846
955009
711519
907860
266663
161339
708501
861701
633036
631418
710788
696503
583031
405504
433330
110476
881319
422504
418993
14088
449243
106286
470055
561639
27731
608734
797363
404521
982493
598930
857778
395061
753641
777290
808648
307770
411383
625097
377436
215263
784354
65972
944824
262161
85251
851295
681411
848925
869319
413695
233922
689322
898166
821833
784895
779710
279753
89595
403765
655351
346847
342656
230833
816871
941372
934636
479730
286426
781390
296032
273763
854929
907969
443606
886017
624629
650065
628702
997558
83803
441570
785012
179055
821393
690949
230686
341250
761376
846971
660877
370270
786833
531885
717717
319120
634960
170363
606777
745346
396071
428707
933589
538689
3049
631623
864821
95473
762578
342126
97739
434282
581716
315796
667762
857035
788871
297165
78789
647544
531524
987576
621844
770014
628889
165445
974432
941768
726854
97823
736864
631805
467593
108941
422397
233080
884098
547599
776043
785812
218639
323349
315089
806453
913926
887668
643321
312029
552899
721736
970074
549667
230124
772476
691795
161610
542593
438153
278516
434062
354703
184904
639821
734209
286914
691343
29932
33380
164348
135179
364607
297777
103055
959426
904118
648364
343915
446480
943737
966899
99112
777833
480788
136269
980888
478667
496325
703437
744795
205748
686660
220545
455387
936013
922048
836510
734411
773903
616048
470089
632301
535563
576928
412006
503705
642684
396026
222660
714519
340847
188512
895245
805366
208933
494772
442882
255759
480662
472104
743812
63930
84849
476612
524644
978334
196407
594869
451921
923153
857700
436533
843198
367092
152
958768
861383
127175
280914
355944
554563
383389
718501
873955
451608
60051
656607
294739
485030
104728
199792
312218
26535
64362
441510
9479
983094
7152
490124
24086
439548
419014
568389
679689
206287
818808
196576
383985
104786
255465
815529
676026
975202
571459
526329
18397
917192
851674
794569
672933
969254
78314
851415
441270
203433
241606
190383
559968
877713
778285
404775
832728
668332
627975
294519
164175
362061
81957
628976
677480
130907
168541
580159
272087
189082
726837
51292
695335
657217
823229
989004
984623
619462
761846
822269
393703
674209
151445
412590
728030
343642
611815
793522
911225
927108
928494
913531
318033
372798
960089
555842
785156
482743
604765
920135
111011
755523
877693
579476
124658
44766
562638
149326
109570
707361
502190
345539
762352
391497
410687
573879
200722
162140
289860
205385
847241
513343
231859
896061
190142
961563
926009
321628
231628
765060
338678
787459
522703
427697
571662
356540
137472
328421
950580
646631
202567
7944
80046
400488
979960
912383
325983
987149
509103
872798
272376
339057
51545
258908
764158
653954
309096
395307
743437
31076
114851
439130
329193
502838
780342
715453
119247
443400
504895
634276
976061
904934
877850
789516
132499
365818
64610
819751
506177
721899
615029
761736
756829
413456
450480
566800
646580
958391
160670
833549
920081
358695
713383
114410
42020
307251
432352
506710
492639
601689
252260
748924
375504
353537
559674
887342
582533
529498
755014
485083
38772
310264
734494
903529
615987
9457
158594
705959
55717
834994
213460
880653
861965
925906
640167
988082
530203
119563
461092
879390
201701
118967
74521
236280
965783
864562
816165
130454
973391
834266
491611
819577
816284
696377
74158
626206
483440
6931
337255
989063
344824
127009
509768
105683
26757
147610
191354
86330
711935
490399
116480
338449
590893
805233
82376
825838
164951
838380
595760
937842
845840
566040
783213
953013
797617
606779
717663
424389
571735
919123
162785
5187
834307
262618
87729
180687
862604
405560
991725
160938
995114
642146
829968
218039
861333
148876
383012
673299
422339
637296
113011
443050
174070
780064
383737
193703
956217
750469
257154
689885
390954
768012
951574
770340
389455
331876
312221
913785
473283
330384
277775
564788
146277
369045
105240
780448
308836
479319
931793
201055
438937
997579
140579
172893
569915
788462
505986
513778
550569
686607
606618
211987
553954
916125
29512
14975
625264
124862
362670
411923
563309
887599
954427
509422
99772
622132
947023
98470
318767
914166
50468
918217
341276
165686
417684
922584
208803
178244
332454
405533
734845
809954
960794
961562
985826
36910
155625
433256
742486
715991
536766
283406
535110
839980
73784
543615
817372
615460
424113
322810
821334
407584
333166
819320
651292
22831
953765
897444
404141
55782
857473
846091
100658
744665
630019
558537
877304
972363
114780
724084
895571
409738
262799
142367
758730
135851
346210
232881
245558
211875
793862
646834
67554
337603
637767
365732
405393
908520
612446
786791
910126
902446
664603
196518
751367
492865
586224
500813
8225
106337
305384
561297
920246
496031
58164
431731
481101
292013
549980
383807
467556
509022
641894
608382
475870
723719
417910
330175
580500
108260
516963
963481
470889
122875
476589
482471
869861
208705
785256
71352
990884
758223
185489
48499
771514
365112
494416
408427
761382
278678
656081
47758
944462
864872
247317
353714
247594
882209
793592
341085
53386
326184
532884
696104
357012
265121
344953
915804
270093
734625
672985
517818
28376
903744
866510
692531
923770
201630
49343
353644
429717
995390
656038
100802
377592
832677
529560
540096
762119
363017
657124
418926
589010
35182
395086
840084
495156
682311
837438
942008
811519
387821
534524
731836
980747
775745
67439
888545
357071
984439
892747
732683
365009
967705
864315
444978
990897
259945
377647
78005
322066
640643
861334
737717
798170
55853
151656
957305
930464
747002
547665
527447
247509
878262
564261
690390
720786
161610
479601
200815
156283
845827
745707
764254
561347
673573
600126
221443
192610
564939
337305
508323
724103
370151
695273
940408
211442
882805
331686
168953
368665
827669
943492
901316
399126
809470
280334
473045
694580
578430
794954
984769
235003
476190
353046
692632
378291
607473
210749
413084
445824
16909
480948
39781
396491
474854
832255
762333
372917
71896
325823
58037
666865
356476
423888
883551
702932
489105
395052
365780
623742
48448
72273
3021
911609
881916
395756
49134
192900
593813
859154
415345
430454
929768
847909
365484
845049
696206
715773
315267
246284
858025
965415
740229
285123
248247
436513
658612
600541
27541
720362
226105
745487
607827
615273
195139
430990
831055
428388
281613
189818
819723
459428
620169
512
70470
831248
565391
437469
738026
32300
9551
67257
858891
67926
218202
385668
388353
529099
21445
898652
743499
444943
7199
256358
222226
609235
470744
672963
79936
531268
501787
691435
806963
108676
324973
205646
567539
107349
649223
587932
105164
442923
915833
202113
449821
506283
276597
182131
814284
515866
125866
431016
116605
790432
17005
760705
652840
897259
957926
227478
414903
760938
377721
702600
731757
88341
200539
501836
65330
525079
64065
603997
491000
580880
621187
305244
184453
42102
344305
249049
534672
164926
840585
669909
401809
869125
177796
809161
986995
43118
436701
21205
689210
512432
701304
715135
599903
553402
720350
708167
763516
976398
912930
920396
530750
475674
425165
228621
360855
475268
878348
357271
185614
172474
954812
901717
425921
920220
185722
938213
409353
151384
678138
629712
695278
439240
112542
79550
656258
670963
553277
683833
330656
928048
624736
924415
384438
617787
826937
716522
311181
447398
451285
139130
649246
462047
321674
833402
191260
995093
964722
957554
344721
924147
785312
640710
33073
178195
230581
850856
33431
870541
766004
765826
236342
589766
82651
451462
667833
160921
380471
717063
661728
633633
573099
347947
720840
940000
110204
325388
762862
503442
959052
944184
25423
121704
224108
418287
366513
246659
61149
607801
112056
246042
388711
709642
804904
585837
350492
674898
102732
431241
80633
48716
771903
85687
48502
145868
781779
261813
602890
314197
982080
688749
371063
139205
637874
82554
340980
915759
197622
883034
39996
553689
955785
277356
100372
179634
511456
407616
124135
588064
246139
249664
782271
248181
826963
270229
638317
437353
455927
173672
654469
8646
353688
716555
442781
223090
650197
21531
200199
284633
127780
789144
8536
210505
327511
137892
259677
625350
724245
858156
853206
987526
146297
834915
114197
940224
530274
691787
323258
863532
283107
408759
434933
519187
631742
814825
111962
132378
107654
985028
157927
635711
365571
458100
520786
682509
315540
916097
165146
101854
61201
994354
626848
677288
553826
955881
964098
577043
346375
543346
573000
176199
314278
166011
556589
723721
68414
387248
944432
421809
25887
559988
917503
176346
438101
445084
382463
578672
177425
525220
581195
797097
421727
275967
325517
66225
753830
479335
601447
125107
395891
402594
828387
981329
979336
304386
794500
968459
847584
712226
705312
625167
741981
138609
257911
133229
407661
832898
44887
391126
278039
575715
126454
940970
15830
685475
219707
567358
687048
543630
536534
568937
716843
954580
212424
638457
389349
787238
271101
568280
565486
512451
906478
748727
322161
601345
552455
528074
505281
518099
118221
324276
363587
910358
965786
888923
493470
671502
71992
100132
772488
15879
565662
853318
235232
728957
786871
566672
533480
789336
888774
524844
733847
528439
308444
492638
140974
652185
585416
218503
133468
938999
398550
310216
499005
536387
997139
752111
659519
819255
55591
955466
298963
74754
128933
542094
72047
521089
854830
879723
667408
905916
299739
230510
782467
248569
689094
334675
597415
673713
954091
442308
37091
962598
526523
135331
538179
922258
193772
1574
524090
678202
204328
112623
836239
928733
115762
882982
643012
251384
979001
286779
818133
372537
476426
447830
391621
271549
965821
896894
364564
654264
104958
243457
9062
951289
850793
852495
106209
475498
273531
961893
100530
162551
273486
183051
884496
892137
73909
376984
879849
515154
662398
126886
205195
165716
922851
35202
113736
935509
50718
727197
626917
881283
53751
291766
403786
372301
855991
468092
252168
289712
317990
911044
99507
832810
661916
664631
429420
610343
687495
422603
333194
951816
413248
901114
378345
474006
706801
660624
267088
911256
461572
313044
962221
491777
767920
344373
703881
609095
743038
247923
966729
654072
305417
637217
416545
22631
568497
233616
771976
562528
252338
63695
801177
324694
59804
53892
599704
735638
990801
27395
746933
72473
500902
969224
800334
521034
247155
994834
731393
286309
388851
717691
312443
195357
45374
301328
898585
610683
164973
485163
101432
498314
590404
537941
724731
974226
272595
52637
705764
139249
526355
493901
169262
165724
452759
522235
768190
436052
50480
799443
946252
793694
790671
354605
330597
532598
921478
658998
983413
314482
332729
219776
213761
277570
659827
220012
747557
841647
109635
636724
279371
180569
854432
915844
15599
334729
70614
734139
710887
542763
791826
686893
876629
909465
694498
160390
593015
212422
215484
19485
809577
365010
323655
17463
343582
601255
849046
908039
190782
140529
551973
895423
662142
366933
776374
116423
488254
70521
306075
340315
517434
716377
750634
737748
49999
911944
397593
996347
873088
727133
446741
290132
423296
8034
892139
664503
902426
239220
286691
558952
628040
98202
97049
291786
686277
602160
671065
654588
926396
738866
739146
316923
215254
416812
855212
772731
113220
323032
119916
522504
150124
354884
767661
515939
579546
137099
674903
952277
646753
7947
945075
569325
876225
58276
886989
28283
989649
906587
350529
997486
103369
52895
358976
22374
600150
243203
667247
902688
558058
560450
933373
156807
564169
17986
152395
484475
243594
976055
398963
61843
743650
411303
990831
872257
968167
933284
423756
406517
268721
136231
907237
474404
20506
697292
836315
285598
698815
776720
568213
703774
919760
737404
260248
187182
82468
710500
895608
41800
604212
249517
350082
461537
272503
944675
73347
185211
96157
362516
210056
609921
453009
501535
97710
607827
797617
880787
4192
161727
738822
105765
844090
158681
144075
911825
236075
90628
654692
969976
836202
694208
460222
677439
193819
792460
218210
788747
484873
418354
199448
609289
405201
70554
280106
84935
929783
247955
851776
550029
400487
277667
491916
868508
460584
167997
673223
940255
840683
600793
723090
339275
305105
88642
884178
826296
423169
65483
997013
564294
64364
97613
32295
378594
154887
310258
546247
185413
452164
173967
918614
402509
552394
877325
120786
442075
293628
871813
809852
917330
926959
859475
469030
347488
852886
738679
585128
173307
328437
222917
561982
341450
753628
939915
320651
399501
980789
302937
333399
407870
949680
323108
754738
512209
299287
78631
82811
527696
12415
227529
101809
792488
18657
602476
783987
738893
23001
454556
47234
917407
130964
552681
399658
987050
617659
71798
18595
825073
51184
687763
499392
919398
265802
716855
947040
422440
426647
480018
35962
492205
180117
819704
576224
498521
195482
434635
256014
961872
684083
745342
287466
512806
13089
106133
88199
866506
636966
756748
150078
146700
869392
571853
631117
390525
514422
294595
912458
579265
851799
784942
335778
89747
765887
598412
485223
594392
373328
646386
955380
958878
188187
61285
216570
744388
441698
50989
428903
491214
583942
443900
444478
511184
355885
76998
798781
311532
302178
417699
572261
827799
68224
722454
73720
541254
888323
348692
905693
425241
220735
306663
445666
485559
351726
177534
742220
484319
740764
302450
828875
265881
753291
816855
563676
111288
202014
259513
370880
607673
748766
669964
232021
211254
771116
548923
872253
654566
741775
535858
678658
462357
608224
746131
694452
428311
424152
702412
851312
388578
554335
904726
84502
905840
598833
454489
603824
858012
340010
483228
305074
822257
653643
893579
209453
331839
985127
683968
388803
435574
106794
855446
775090
529843
841777
512070
534169
605953
792212
464686
110513
537748
397
726838
931819
404090
191892
706394
140511
621830
189014
230781
356377
727340
809866
308391
677269
749855
4169
955151
850167
893186
914999
153536
590803
89478
233700
68261
752796
566945
939747
911867
556283
896231
59946
704966
508148
37606
167187
158512
821117
191528
90659
602921
509721
917676
63962
767258
562993
932365
60580
349952
425127
692572
334359
634868
780892
162215
396903
745368
455171
663313
142606
678257
491069
937573
183248
445978
4277
10203
248422
129086
866624
152165
680250
651498
247075
208085
136969
803979
6198
447717
407783
953241
459830
119680
536420
443036
262156
395777
732982
730729
698203
174760
269238
667855
510945
678604
648903
458987
954186
330004
852615
789797
950238
359642
454499
934940
159687
801979
483397
702658
989342
699165
145164
353223
117392
264651
126779
575235
94700
870065
626553
720739
12870
454418
78160
922242
499074
246575
919866
210535
807877
181458
688320
377836
731665
408655
833668
982627
791090
353757
803622
705101
94809
339371
562708
992057
380165
847347
822894
16548
514791
492470
144274
774731
101957
1116
213620
419278
443321
616950
787725
564189
931082
925713
804371
250592
37032
905238
236079
360261
660581
601080
629079
588424
717835
482380
235324
218118
479865
899365
622525
90261
242796
431337
24724
326240
376678
155872
543048
766896
449922
684671
772257
882087
838543
975845
876085
546736
419722
70771
164918
918396
510982
565422
233643
648123
75501
505231
434956
871519
648773
11953
648577
743848
968217
486951
740492
763717
410242
145438
385784
712480
1616
883742
155056
590733
300945
722140
493202
613606
915309
708133
486348
793368
931252
312694
920258
153209
672287
45587
438414
673998
656282
510965
109932
279674
980523
349330
505296
642616
176670
730355
670658
686339
266765
508759
659737
557262
937894
84585
692553
502965
247403
594556
312081
253396
462483
276266
52894
472792
159799
966348
943969
514907
195703
57326
534155
632207
429752
268419
976003
802340
595518
443781
27045
778612
423527
547420
264579
820450
89182
832686
164156
969615
838105
425322
515167
209179
233115
611096
609601
990395
650080
477912
587298
870262
67446
242413
347337
843819
44362
865415
875441
147993
539887
52210
588975
576947
130956
921779
798667
450842
975679
887835
48663
141695
707406
961675
525580
472012
960100
364664
312350
714272
663305
99021
511825
358723
278124
969846
556805
173940
788407
642987
753435
312051
349726
487446
968016
601989
713299
27213
206079
3423
323227
38421
999003
871469
659022
158983
567471
707027
346529
203599
615887
559773
183464
527684
346878
177583
969362
654305
493816
984019
347773
316253
969954
156203
933174
720962
563232
10409
377564
149730
116704
843563
442081
610773
512793
374187
704818
863073
199696
980106
723906
943604
876827
887125
890909
624171
879998
499122
231148
229346
637016
853973
848699
155827
124550
139577
74945
600909
604215
22689
525885
69206
477099
518692
462698
714160
495135
444856
95645
995267
685875
672528
232083
440840
573245
662993
804872
149486
934672
584597
812327
824890
927063
478108
48241
836520
115145
225393
367372
143719
779901
573543
282064
520624
668343
49554
390614
586659
69060
562896
670210
739408
771287
486836
711865
83008
682669
715397
864982
702129
445801
327925
503946
912715
859987
244120
134935
886102
269770
721369
84762
904824
724797
992660
139775
424359
427405
853574
34310
259285
610206
543023
503262
175526
755931
977984
796189
664982
411372
581128
799887
13679
156306
267208
367393
254795
513032
879935
992083
480271
713117
566271
695659
330351
531692
973144
469141
447808
67470
719951
98238
189941
628728
77678
131924
871521
498679
40871
554706
705294
330258
357444
421922
658335
30126
3837
27744
183186
275374
538776
383253
30761
478232
27632
519843
732267
886124
425217
441741
813554
425425
86489
692027
131364
48285
695052
203116
26120
565647
741863
745793
604241
46263
384194
591532
170513
223344
513150
707658
861349
568129
204287
484421
687748
341608
366177
251724
142460
287882
566137
11079
422696
568115
669968
974327
227078
686384
920604
567515
597321
590912
399420
927044
935242
770525
722290
233286
989259
206491
952281
852423
99382
96446
853868
408405
720519
873550
50899
68422
663089
16782
284657
903393
352009
267367
626129
638737
505186
147362
256396
538966
626576
185021
888358
784820
704217
670167
366274
343894
494022
836578
991420
497509
35200
810886
166396
833616
472825
525952
978406
701591
69473
791588
934609
131064
909860
353901
7546
896994
494658
635318
937222
194573
466618
828184
240765
368091
373570
211
917656
174982
577877
926080
897218
5852
739778
618551
989941
734197
756175
136371
921800
320308
843820
604497
991447
123029
872677
595831
257860
383878
663889
640513
170834
762217
833352
40138
396476
533356
179697
759368
296993
916743
281569
63536
692291
165713
464732
139473
682715
23582
78256
262703
782314
774429
861231
605270
182670
472661
999137
293619
615164
874482
364039
568000
46965
120485
859241
671076
203442
596708
170423
60920
701125
479144
456317
540362
995078
790175
262045
647961
556259
949186
425511
83065
203966
297074
356914
38758
353417
525188
392353
54275
769877
276274
653842
483193
36961
630215
914788
385040
811300
582238
166258
531067
839706
549926
616233
816942
155484
678222
814479
528193
614051
359733
362547
215418
459812
110004
515745
850257
598239
657509
31791
522808
115393
824342
322839
871798
912868
809965
488807
878911
921516
494815
359901
469970
599097
139839
462186
522947
524930
645556
923217
52987
738272
903751
913608
504948
287528
745460
488826
814260
411720
761379
670639
1857
317375
254211
236692
538826
304943
25589
523281
958568
232565
498661
678192
449210
292657
985683
271951
746646
457331
341968
199044
548725
646259
354153
775489
80731
366484
440172
187873
659105
907714
675253
963627
185174
90941
630752
686341
132455
752696
655735
390563
576674
211984
77983
234452
716874
322881
264940
803225
311210
894263
216505
992866
875421
990248
311358
6341
268468
804062
707076
24972
234133
834364
548722
984706
64081
883966
742738
89360
770466
962025
832196
109014
560440
126629
94870
938771
702041
814000
918833
148125
927441
71352
36617
980918
500464
937133
538261
965373
215024
94494
34510
786527
666467
60041
720286
103635
327194
236888
179449
403380
14296
638377
606742
516261
491746
43097
804936
585715
610699
897624
579271
861197
951370
29660
539090
661006
939635
461004
132242
127432
270274
459480
641826
919872
414352
982051
46525
908530
587699
513294
690210
530
597314
870415
330035
649103
84826
388180
732980
441418
133627
113457
946757
256870
842795
786882
341160
331616
115509
426059
566590
62323
671475
549565
401930
717096
946867
398966
494200
954574
986896
546249
39317
446636
849309
417476
209988
70188
284329
132255
197358
39524
208482
460433
382489
623035
653793
755738
613520
199206
833087
365112
20972
682845
589645
689705
960791
944112
783963
254901
783534
208273
896384
39534
486917
110178
27605
943007
576065
563427
225983
709661
632231
824118
824883
421723
353596
512841
775214
926004
350244
694993
761853
523765
145831
612181
934049
439326
65484
456750
378715
85795
676411
414383
433804
588492
183745
970241
841892
737430
439182
80771
790182
550330
986603
633286
477782
249023
237203
796469
762511
707133
712990
74568
921820
877590
359985
495691
987740
244399
786786
852252
221520
565613
200871
195946
234653
429579
146730
183313
517035
446265
402623
846681
613152
531660
271274
936984
394330
260325
335850
368849
884435
346112
750663
548458
431815
347048
828996
975631
942540
887886
111023
286827
819052
619863
846819
110590
959135
55689
676777
162481
75490
813702
536468
965233
762219
296570
408848
376963
9521
827397
837361
271555
304850
324094
345896
268376
304717
213004
45537
686853
785053
216012
789468
916311
961153
188293
195938
385708
300916
736087
916604
198405
779842
339834
365782
654082
143464
237008
383033
667655
689922
647377
802627
671291
146744
808511
377518
627794
92337
743130
573817
631046
532305
834132
66921
115778
55179
411880
527159
683576
328192
845788
328319
939857
276367
299738
512757
584783
98924
637528
616999
708080
431717
589201
670672
615732
444006
13062
481985
173579
300968
556322
921644
331419
84495
667575
820691
998457
932415
118741
521691
108612
586835
564117
537202
208868
878381
651884
793518
720653
391262
395858
316717
350518
300612
399556
897511
655487
512220
61432
194544
363085
548946
225088
602606
879353
898351
925756
703481
906618
470274
227822
303770
253356
541312
202780
911422
506017
430911
626546
890245
579711
318685
50563
951936
298961
237200
871016
921754
805973
271491
498549
896880
282134
421170
521517
166851
134729
719895
982140
952969
438893
951563
698002
235061
804541
159632
227635
430611
869908
112073
181352
914937
64989
242595
21520
623757
35267
869938
624739
68496
127954
720867
509954
341193
729656
170084
730785
986043
753169
993066
382482
597418
768758
674562
535299
128767
840865
993504
526365
414384
802598
782367
725612
650943
715536
978612
639736
476210
505732
836385
593181
807793
384077
170530
50008
713700
496345
637793
370257
776335
394026
780873
620090
153845
54715
806683
817616
958858
304871
492449
629798
382226
814311
983473
549559
398275
455466
543067
120255
597836
6667
758798
921116
686014
484868
866775
353769
761886
687418
477463
684196
16084
200037
606929
189505
745642
75472
218397
704295
457330
485090
294544
245623
422910
454558
412399
37535
280295
681572
472255
460864
253666
897021
600398
608258
407403
850820
605668
584159
556236
132868
785653
433460
959088
859323
312466
270043
186787
145025
126577
178627
834883
123919
423430
17589
137358
157884
967760
448663
507280
802248
988182
574037
792925
892107
843290
300686
996753
293854
851427
902881
814067
384655
331255
637686
48400
332632
84386
422596
844005
862968
714230
859721
535647
765487
699871
134444
139870
691122
641952
648053
907570
691607
694719
371472
943449
131855
438820
600602
309451
974327
217843
941354
981769
88254
787657
310446
424162
29025
981760
696109
148225
668429
71115
597650
816207
504124
796854
265639
726938
712119
450787
813067
344433
124904
458117
178900
208791
86541
62219
158042
610816
603354
475823
725855
803272
861989
888207
648432
825215
439651
852069
352238
318305
87055
719467
414400
375957
893461
556992
752515
922909
688476
669544
536508
789902
648355
356529
378107
283479
639545
392643
552640
283695
588951
984705
3023
15279
687535
191112
266041
445771
49347
856084
344647
475039
342606
50788
542588
746554
776522
355202
13600
392906
346972
754535
291319
400950
772428
355682
924161
653023
901994
665930
216043
726121
884434
203290
466369
351537
676532
177001
933549
774981
35746
983316
194637
686397
97922
146220
403820
932404
632681
956315
378601
116888
419003
294382
911619
474056
514176
729375
764478
87538
980953
45946
591614
923181
926162
85938
956689
366758
98259
800104
608523
135066
92422
620874
906594
867048
419337
377897
659918
22348
461647
396322
541875
314673
959475
499885
473482
520366
787000
814775
250742
349515
868567
473183
124807
230247
267282
775144
636532
268802
362831
616467
622016
307183
545403
839519
478817
719727
966540
879454
884644
161255
210083
607216
604126
801217
95988
856475
995110
853817
748610
158044
304872
937574
412321
519566
364039
301460
32575
820839
917051
934486
425921
693541
980395
356992
359460
300778
408350
985454
249417
580516
768666
248833
171331
480467
957025
56274
359483
289993
515561
49549
515717
201171
145
294657
476980
295223
909938
659074
172865
894430
839702
691437
162984
707712
88249
793553
270361
58207
438645
749071
891432
782752
156460
423601
5543
382863
74224
550680
316621
125314
869561
746730
321650
933659
716947
387848
792391
838690
173214
980185
770893
413969
197127
549920
950720
140456
940268
626584
905488
351673
615536
782827
758192
615456
55731
705979
647040
365403
898770
900239
822715
251969
493740
977432
604547
454225
154253
622196
749554
730556
5101
490605
341649
875842
301620
296311
100305
241408
768800
664049
701373
894152
655454
418114
141510
442691
74946
934401
608114
838391
254824
453072
888095
419940
517053
831562
364522
73358
386475
556354
448803
795100
698510
766358
617206
109072
658551
701812
146375
290839
445917
825651
670271
317909
166957
999048
679766
731053
304461
74236
281319
803764
244435
107337
951641
393552
924873
257337
619896
179533
83591
365032
268558
214718
882283
428917
142997
265866
588589
754131
261312
182346
787687
832544
578188
158825
563896
486143
318636
236253
100844
169190
496037
662693
822309
99587
694265
614111
286619
208544
444559
154294
933943
267850
77782
52477
17623
782327
483892
337731
932205
810975
792434
823492
83305
80153
979425
306847
276574
626579
916524
13915
792400
924338
933879
786082
551294
950218
499303
161123
808463
907466
479106
783681
443456
809105
186976
779164
279616
212490
517333
165084
80067
7401
161267
536664
803090
10511
575943
197756
528608
978444
793924
166187
375825
404398
631943
865040
300762
190027
495532
618763
506299
867429
784232
589614
288036
56860
16018
954570
226674
390753
480404
770764
627092
559377
457393
91356
619333
450333
165639
653581
187985
331327
61113
630184
245056
836098
501800
26698
699166
135901
870604
954194
609413
519492
123662
418332
430162
773638
955857
288086
424105
520077
339768
703984
792263
857909
825783
996854
377965
308215
317698
766184
747368
722733
241640
306358
739711
505844
811979
337185
379278
597354
186655
920100
74382
745567
315683
51631
246791
779218
179289
396711
389596
251339
591317
201572
652420
175829
481845
3325
480374
804243
643156
262527
10994
775833
184026
436541
282169
365062
393951
997950
427207
625285
632169
974610
341713
238686
633501
992304
89649
700799
757205
309687
972175
421879
413750
475359
929877
683740
668879
506675
981070
775466
68195
868012
395235
435326
807480
877637
428550
562497
951895
14823
181230
974569
205289
814362
288394
283947
846798
582909
998681
836935
721464
167088
704337
914972
388241
901968
368575
278750
471237
280501
559796
492836
847192
730199
27035
932648
913256
56453
735151
946364
399424
7018
787837
961887
22014
251327
318162
761617
745165
325612
67014
300545
623256
687293
268214
447592
875503
918798
673326
393034
620229
229323
208253
449589
84532
979800
731773
124922
492693
662606
400151
951145
169665
163608
289035
291079
354652
910683
368680
885478
950179
366215
714221
564798
726364
851415
686984
229039
961489
61147
717139
563225
402312
71240
444610
983229
790757
250047
510494
758835
403860
507641
484029
337689
50433
556015
627600
681925
854460
603413
541484
673432
574429
135181
592198
695290
786548
626851
437052
386363
355402
290700
706923
363491
846007
862520
637965
704212
713917
657329
810189
688935
826985
760305
108683
345822
464118
357795
357010
57947
466896
868871
804009
809127
995568
474931
490344
206941
668916
337422
310895
954665
152461
379319
736349
109945
155284
423537
87425
297955
796799
572155
190634
40267
922196
731354
366182
73575
451720
642930
836979
849116
875581
768324
389187
817242
15849
329270
919864
973530
501709
360458
710665
686411
547097
35582
273197
189861
1912
638552
867291
210120
466577
833132
851621
104967
154504
794132
113305
731511
657798
671528
80633
991123
492618
567865
531822
104033
669965
28767
922329
648390
149331
480506
642546
389955
114195
763320
620996
71174
366851
956283
912920
870850
269449
594106
569879
840659
406346
130192
635543
950785
415262
334900
2792
761093
461216
330809
408231
726015
236954
499784
818097
514465
668285
810284
621939
548585
855126
786342
684772
352168
591726
188088
752852
510198
649253
447957
816565
822202
465897
933983
421746
306180
584437
637821
259330
253787
336149
693954
992621
831581
58671
857195
35045
108760
297439
303929
236584
840449
207102
600079
260197
530050
522563
200308
502979
655165
416370
308328
626119
181949
710814
814837
715039
366893
13652
991828
496808
514251
589664
507066
41940
617762
313583
993248
309020
900483
548245
498099
433409
142630
310705
180036
461598
638565
647804
929465
238278
443511
866285
253925
817422
86337
740316
570319
682811
665796
436126
311100
279660
24708
835697
15793
843188
97782
182315
258346
163989
670743
984805
465875
851187
567664
576196
283586
737795
714570
128431
12154
525544
261478
377332
146438
315172
855662
862099
33832
864632
917792
771438
158277
624309
933806
426145
400064
605795
538183
696174
136514
909047
835078
389650
351378
872491
652918
278467
3017
935295
32445
421861
756173
342696
811065
996217
924042
971815
844200
482280
452310
410868
620793
728953
394559
819978
363333
175813
856506
174003
943117
958907
357873
829335
262596
58183
951084
253882
614708
300020
863010
525224
98050
256278
772103
948265
712541
201383
648109
815267
383442
42644
523864
334974
315181
806319
549871
953186
681727
198621
665464
100677
195994
296532
954367
413520
127222
175794
827634
326190
79162
581997
163810
954479
605404
673055
841874
110813
153828
247593
102492
80243
837580
928483
57581
104808
736968
150844
316112
363163
937400
540521
801852
866446
277310
448643
51815
383436
74989
934629
940458
711456
584620
657115
949303
219546
624215
605591
574518
835392
897631
485004
205176
905002
85182
498129
680071
790075
197198
4235
396854
367145
668032
257773
568050
389139
322005
556861
880716
962907
377129
13535
329386
19129
30883
950686
354644
808760
396429
578970
323296
52850
747121
998722
726273
662349
880788
777630
753527
974524
680022
410784
756625
807532
398131
197138
542076
194135
608001
511773
912256
226557
823364
116657
70620
377098
751420
495189
205237
150962
758554
998530
972359
461812
748493
442773
307587
787841
479080
817460
677801
572775
685250
182960
844349
678119
512868
132613
114332
26079
892002
680674
592481
559459
582066
910503
850658
224128
859339
320662
151322
516709
754603
242259
739377
590338
11310
59189
305788
917786
98416
662194
591898
306167
215639
132942
587945
280604
162526
48342
812450
433553
753380
530409
616095
476015
321809
146659
100463
664851
859322
454496
569720
426251
369190
465927
415756
552235
685763
332746
257096
499871
688980
303261
243749
60117
991218
56511
923135
338021
837518
93609
217021
839682
580054
573638
326951
911167
68781
439029
579223
327344
579843
224068
759934
435095
493838
645474
731424
164395
886297
685700
929894
684728
299502
413707
133297
625086
682266
702170
688098
914061
434791
491264
484032
378775
653980
543141
283182
555146
186718
463221
967440
523695
42228
446675
103503
219954
251864
856996
377455
376111
420990
798368
904048
308575
611805
312964
814796
282936
35300
531558
335244
365666
388953
964217
300154
40270
803839
82734
641828
734523
815863
546345
622413
150316
235273
572354
587178
859773
81763
7063
385138
809610
802786
50200
362699
262923
883592
873
714315
977971
459125
315269
589631
600516
485236
348339
615480
678811
976700
217171
376131
217021
905034
178054
35943
571602
203652
821100
787133
626037
115957
272573
744873
887141
835113
483887
891986
150133
756768
792752
560819
662494
761878
277336
368971
322406
532303
607933
813174
258795
889559
160192
669094
469538
245568
312447
161429
379711
184459
891710
97801
723809
957224
693600
340333
616593
586960
392870
470898
146243
872964
254660
279844
221372
661783
259789
412266
221404
90407
707106
579331
499390
480866
277686
319631
514624
118893
10730
898600
617393
885969
663113
747857
578833
335330
187198
86719
465974
614602
80400
504564
585258
926712
235756
835740
307376
500501
557179
391702
347993
890482
928323
998069
169347
831580
770837
263123
574487
66642
723744
335107
357731
58754
194059
643365
27392
930808
386654
135956
850529
404325
41315
132247
901725
905972
949112
443915
966247
343346
317732
178625
814207
69618
183493
96801
844219
205781
210533
514797
827420
175332
604697
707486
980871
534064
322414
651535
393329
689148
424691
803593
921194
323719
644942
951951
62966
960465
717554
760266
981373
441408
957643
370260
829710
670516
849556
605705
857866
782428
894363
169809
950634
795212
948759
296181
370927
621683
606507
664118
208713
60196
374684
135084
846654
243343
811376
614332
721843
851137
989320
95683
611166
947890
209059
234406
889698
12187
586516
407619
401055
311054
150061
598512
900839
356790
560209
613933
294756
354373
238644
270980
64906
917525
585264
106836
251259
88307
512350
777230
70959
411537
78300
771772
684406
958671
417957
176663
18947
781414
129366
780366
357510
793714
993874
927363
392897
254510
246929
954264
193708
227232
278256
730030
582538
564160
201662
302916
500757
675239
975215
411503
625161
652056
640702
605376
132014
587156
293603
781958
399689
187566
440770
357978
456421
103332
13549
400925
313729
443074
934813
915709
191123
393330
281684
121344
319611
982671
261677
753139
899803
17172
739789
458265
456317
249885
181204
80715
325017
84163
265650
234455
3523
819468
747132
887131
882952
615846
667189
60358
701359
341317
614253
595848
127424
650404
364711
704694
676876
317474
362084
27404
599984
258525
60390
364885
812027
154982
711970
296501
546280
55639
160167
169253
428000
296604
561804
797117
638523
235599
11115
673258
945977
749469
650058
9315
758184
533743
92052
900498
677520
9187
229809
632281
699658
710512
783724
156861
386153
851178
640980
974010
517122
783786
937962
230145
711958
220152
619205
523761
30445
605520
599964
598796
699981
423622
359165
22909
133187
760364
544812
840069
748565
884925
759460
673009
918463
737747
368643
231579
871469
236262
901150
652851
36523
350965
232437
780444
449944
657825
389366
602511
670796
591032
229505
942732
743077
334054
267258
823818
272304
467858
2455
752829
283920
721894
686779
377612
798183
27491
368853
914284
260423
307415
568751
360225
754102
772611
235874
371831
57072
711786
532496
700936
683079
690170
573811
196865
799916
255913
943696
193454
654342
389237
411244
211125
48512
45029
364148
979750
750235
246522
657628
86591
662115
314015
867840
411076
982232
547050
633674
430635
80843
406217
753196
578715
56638
520925
695580
701867
196198
478611
162553
650608
577883
212014
4208
410918
948067
449849
321304
723106
254190
433326
485015
109774
382540
403994
515216
649283
363598
334641
716212
857042
370301
712399
510707
711169
799033
933945
788107
140215
415004
330691
430306
142808
645754
529066
98558
629684
926938
688537
694876
848387
396635
779973
928203
425666
762343
344692
872766
318426
191095
225498
291224
107657
221992
140626
682051
943848
114029
34479
951382
904403
48924
91581
785326
524140
77919
853920
627775
65815
118766
596694
571055
904752
239025
744710
386817
790078
176396
379799
581231
493508
767164
798442
583181
530649
271729
474964
620575
119134
758840
869274
950818
413426
399384
30695
292386
580271
566156
292189
69848
77577
799065
906766
898799
333663
96265
84172
81818
349486
731329
801204
674911
471986
636109
532855
689278
838161
135528
992874
707859
950748
769413
301383
750856
591823
88728
146275
633051
295782
87609
95351
500974
28592
938756
684288
161962
369288
907917
791472
221056
923900
224469
906216
579336
209773
152503
854039
951853
724137
45436
141373
283334
76152
676162
682210
499783
140382
465922
784955
613154
582360
943691
255634
715226
675528
875390
568763
220927
254978
755708
612225
837377
854987
795314
750575
524186
370263
959195
652958
832652
328109
258749
260602
772409
130001
478107
168074
492951
121334
733319
785507
18852
96738
102623
819826
996427
866900
321884
171500
116086
409573
507602
281807
821824
167852
653638
394940
239926
328217
786205
334571
720429
817053
304671
752630
264817
99562
165870
797090
468315
863295
147968
52433
587324
987312
850720
693754
733802
687199
902893
960395
136966
974339
394662
945640
896814
466557
96707
250697
148801
455734
225300
322266
764831
429947
603111
342449
880323
855124
484260
811829
316310
452535
420212
678349
600736
396084
986968
655642
492002
319912
876615
202332
899474
373964
712532
477372
749063
510384
192450
942857
781375
836430
960698
626142
265270
826121
536971
548042
545099
444311
754828
405452
362447
200952
830235
771747
965939
847780
203376
34413
407484
718722
169182
711023
9638
81982
293931
530602
501848
302707
821858
267633
653238
89759
556993
639829
128624
620047
806527
676067
190369
166945
148414
546322
494602
410619
971478
378275
350343
829446
277538
822175
849249
928271
202634
631119
248178
530343
593578
662297
517589
614671
51461
235702
325409
28428
364778
733020
133427
72803
885662
335361
494569
11656
476628
629880
522796
540351
355002
369964
165917
540530
947901
343214
148145
979732
562038
730120
79106
94601
623639
489720
118807
576190
848314
473062
786244
180791
203353
108712
829957
608851
238281
629506
221831
181775
715005
191810
114403
982604
539806
63955
827440
487724
424863
746833
997055
2824
849779
672405
626117
888278
378172
972872
604122
650556
621484
56203
202169
271190
808566
544747
622134
450164
965998
135771
451779
928832
134218
35687
84284
501643
971766
699535
174416
312872
261420
891751
840600
535301
449890
512053
128206
7233
595076
628655
848249
459708
617468
388912
642411
111404
753731
796927
372230
480801
696828
305379
744758
925689
624101
420386
14125
117147
234318
640031
649154
960381
153063
379450
48188
150842
754350
73644
290340
733835
250041
32017
419994
715264
227817
455947
326588
139582
447119
251382
196665
771043
690056
976579
222248
557773
283054
731349
371212
457699
515449
455623
268502
487690
216747
549558
108540
556670
378691
695913
751511
447805
649945
132421
350171
775060
998872
682393
294248
762026
571517
45943
268061
403141
346252
626294
558985
563870
708312
526805
491513
502692
989484
100616
951937
690270
967723
40999
145966
606176
775604
960252
895952
884479
623083
634269
766475
529936
713369
818262
788480
23067
552588
654614
444596
45352
365856
670432
455126
501782
885475
43699
582317
342158
949523
577708
800206
544134
166553
661849
772206
746947
712624
772426
179267
625208
302715
98139
608186
275690
806481
982549
713829
733183
978528
241553
725400
290134
956288
451446
475023
65391
269391
759178
757543
774183
791805
397430
158510
503293
326397
773677
668429
717496
170254
247734
464755
848352
971690
979108
149063
256178
237167
241205
970288
505651
875573
482993
318166
981719
971448
596663
94615
745444
661520
201251
335559
261309
796004
623001
636017
315843
683803
952696
158007
77790
4241
308336
165439
385015
392487
48378
886888
80408
16250
263689
128322
939792
120506
864697
702586
531476
868684
800651
694076
496422
888801
335662
590007
71749
939480
635768
485057
955202
160271
67202
376905
856960
366516
614208
474469
668818
853373
362400
315124
429432
225463
597324
622843
823374
504973
946308
260254
827782
646715
998984
400795
625334
844215
696045
147254
298235
606970
317755
58186
335095
404277
996839
905525
9935
505984
394107
251852
95145
373366
415643
491475
71728
591498
831709
215080
359856
526457
753020
147482
823009
213913
467667
781108
413274
705367
83345
663602
74064
486411
19619
330327
24358
119720
432190
888333
378765
666105
525807
42847
653170
250736
720422
457556
31503
63478
306757
828970
759794
979955
236813
160041
481516
14979
570117
608702
389469
870889
434101
613051
220170
280423
223188
733545
665434
242137
222943
237299
208095
930519
627980
928377
763828
463589
861323
49988
230859
266570
556900
46419
670678
508261
493965
749512
162694
750546
998993
566717
744406
461385
139930
982981
79277
996360
39161
7230
987523
338220
336902
829144
51474
257668
76506
430707
244121
957851
144470
696464
197398
233802
123410
878500
384290
700076
41172
798660
573258
220219
229212
370213
97707
387229
295060
38497
915832
741180
679891
632283
947766
847325
940018
432183
583904
600141
145747
892970
457887
407006
208293
558979
955905
930682
908325
967280
53541
482513
240026
721128
606063
427463
987844
817913
598507
745372
789232
369075
213337
456962
232654
962822
736551
467158
281097
917315
986476
845650
908411
173626
98107
223251
244724
36185
824200
381832
930761
508133
600422
59741
617018
650509
144014
268658
375210
41086
947191
154957
796612
809959
671853
157261
702465
24849
371285
269361
463635
889897
539304
285825
673361
1232
522250
648593
154478
725284
900465
801704
460653
102272
306497
684849
423482
497389
649773
761332
223795
737865
899456
973380
617600
335800
525324
947943
164223
243791
540671
804555
280225
467570
343612
267169
809407
764423
716920
695560
338455
430487
333920
628763
612759
758579
652929
382427
717784
729273
481228
840554
802869
846377
571945
408311
664992
361816
588252
416026
973439
167611
735194
889248
608614
938918
375379
312761
743264
217170
32995
401155
489697
959458
74751
587509
926837
383939
634193
666979
869859
346312
267595
759659
800024
832349
927707
505705
85150
570611
662119
709123
971419
973544
943560
793109
689630
217327
970870
901260
742859
438669
782275
745368
342268
167768
46650
761629
877641
66864
735749
382720
617762
683351
712442
279169
102643
529292
557104
385574
78477
976747
312776
162276
258939
660296
871898
903610
285303
532758
757915
322537
531412
81607
606428
372313
833221
858116
718308
112576
998272
193635
16119
769680
407899
228322
590411
687901
598699
826148
113027
743663
127243
667858
350662
937329
845420
662192
438298
98984
908392
270961
749297
311082
839592
591085
619455
289852
416967
195638
804882
194538
768293
896275
739532
955764
530657
159496
538580
530709
643047
196189
708035
565870
949441
27117
844967
828972
30397
85755
797710
59094
619164
949895
956800
716337
546989
596382
794176
956673
832059
326286
99664
125509
171399
60427
901329
802226
470060
82954
935388
970974
594354
351455
200714
586853
752348
303107
521417
622247
161158
240965
720403
361909
660437
3001
978831
67967
953525
338528
913883
532641
334912
599234
792013
865203
456965
212713
68447
256903
666245
820285
483602
821953
652375
25644
9300
547326
46593
930054
318442
688627
21084
800622
494501
955910
417776
436657
701026
195879
984200
777584
374232
405427
72860
824294
992508
739249
26244
527482
129281
509246
284299
421723
733498
636147
689553
509349
742017
247053
802201
963400
581930
236139
281334
350274
899944
279837
872795
688765
241715
500754
997102
974516
971458
158713
237929
387179
441458
21464
21190
269808
826447
939666
535823
680792
967861
119542
299514
950153
253062
811425
607053
927762
928891
689637
138868
575558
17772
166856
318115
54415
691757
698409
112245
258650
217044
866217
875216
298805
817452
642611
815797
464185
314987
331784
423879
369018
341201
945403
46299
959456
955206
788251
5134
897442
559829
35689
89145
133212
176947
175212
495362
624293
704696
728194
504709
341017
87062
212929
65718
18256
275084
126785
325923
327006
38339
890700
451783
4956
932610
329609
654362
964801
607899
912593
577068
74330
727255
407709
16894
152877
544180
933382
730884
87215
978573
614218
745181
414826
813078
602235
187414
712782
687639
166249
677373
438868
823116
122580
550279
603130
145271
185866
890372
63128
812079
417826
170266
927807
500003
580491
401856
651443
133339
21510
675112
445968
800593
665616
454962
296543
949985
893114
930060
448168
717889
481167
674489
476129
918398
523388
988754
678935
611566
256945
349575
431684
226854
925107
428222
957500
688408
862180
433017
231732
685337
89265
603374
105527
692648
962516
8577
711568
461378
855289
36372
16385
947443
115642
802837
584052
138429
287295
646687
788552
602303
815432
957255
530392
300212
379148
230623
269071
516368
448420
342452
608816
557569
394359
565290
366400
875631
196309
238404
338402
365599
585791
136113
329198
199282
107721
923913
22074
910854
691880
814087
426306
434969
531636
242850
889960
818664
401668
908510
787476
218173
595292
284190
946877
784174
89460
69035
797964
954432
193530
519935
705054
866060
977696
503587
690035
801327
573701
438884
291909
473343
410550
820798
203337
830074
519624
212176
643980
408128
574947
857040
567823
678767
853191
200713
542461
427529
237921
399820
564466
392701
979630
188
634832
871872
572983
287470
950913
210426
129142
710739
353870
664425
169563
123296
218448
443984
858278
513879
163679
517465
587907
655928
700732
701044
596182
694879
706946
886341
453899
723859
875159
313348
438420
850092
151600
106853
366209
992105
352626
766268
274204
527011
359070
460922
381159
394186
403496
485755
416830
697639
562550
770483
224219
497287
470723
820059
702035
387945
402131
38575
987277
175830
400854
618890
709687
325121
1169
952137
982918
618071
976343
710047
847889
964808
162852
111574
392102
780481
455117
344048
310549
191746
806258
599002
359747
263214
772781
54559
721229
390294
555841
812708
163872
340776
288657
608935
664726
362677
560968
563041
96348
569220
855724
85376
817941
718279
744
313580
239939
666309
593522
479886
930220
347163
713425
214761
817953
149976
395636
118744
707527
683006
677743
273863
296126
175555
256890
426108
867045
854999
857315
358776
653034
591038
763109
748618
309070
882435
442138
389633
263622
235204
760683
119211
944464
507768
392439
968313
572041
156429
104599
289751
639122
740770
787095
323311
107987
919483
107200
4231
305692
409696
3996
441006
700751
939015
656825
806547
932275
709343
911437
293486
870017
627321
48185
23635
356236
766895
437042
740317
645946
984633
489342
775875
234560
82479
945918
74168
960177
413408
720847
226171
679370
451646
481054
34747
299470
261476
998273
612196
496978
427839
997039
837711
18345
424764
687613
258367
261229
730152
87549
405223
523937
160119
204843
878565
73615
21805
667173
460596
863237
904261
69927
134443
430255
384296
392955
353538
697463
828403
947189
98094
363001
253608
617108
801318
765299
593885
834813
723208
600605
941436
493343
896085
592175
233552
464608
531007
440321
66184
612389
14054
460481
206227
119225
877501
503300
936374
120323
399043
763208
841062
111561
465507
307602
498910
928427
630746
229784
450213
869920
376405
152651
377365
427630
912111
556574
365571
405273
184076
64230
777502
689596
550887
186726
297962
369593
643173
862365
726285
924465
291085
378447
268654
442158
143799
558538
703139
314770
637432
789566
259166
765347
554861
530603
858565
952955
196798
883007
364124
46714
518864
784104
813712
136465
860256
632602
953437
74478
339448
533129
662232
102391
738734
745211
32482
23582
943372
548537
690439
544641
36865
823903
342128
662829
891952
979114
545042
806223
998283
439686
926230
526078
71126
253589
735032
465625
282595
154439
841365
504023
398466
108930
174422
523060
527742
859695
692780
274221
186795
25361
984408
176680
452394
347227
136717
882006
866003
3277
396527
727439
279655
169652
738865
242381
275455
603660
386519
297734
588995
230824
399583
984066
917681
671976
875014
322552
305448
438645
916069
939282
680437
488557
774863
789374
570637
514504
442023
45816
949758
837281
1724
512868
200966
648782
61973
23013
437110
914866
653
42762
868456
227849
771715
284298
559146
303335
893884
983547
143279
320060
460964
365309
174627
507672
493804
827577
203278
799644
250296
951036
150557
198253
868092
961701
103552
223471
279461
255084
357820
592022
866106
514326
479662
770308
313896
92503
894819
199431
539775
619155
310364
442271
863856
551245
909917
237850
387923
503606
962455
378895
482300
706487
216372
524992
99000
514600
457855
182174
836987
396462
375049
786834
58778
465438
970162
420528
444740
679127
920694
933273
656593
879431
391795
27093
914062
745988
557120
28208
205581
947645
900294
36083
620554
875782
698123
874880
746257
125889
596529
992877
717459
690897
233599
962317
827737
362356
926090
306603
717991
594960
924224
36125
891739
400527
448165
752310
748903
461486
370663
751240
874331
846645
909506
497183
8614
854483
972020
414211
797898
69110
962
328379
437780
119870
301948
387423
538330
544175
70592
638803
831664
616428
766333
437292
665106
327102
815814
153699
613923
854793
572194
618770
629488
428842
959741
585090
474535
460951
488820
585906
549441
914423
147343
191251
639931
476899
906075
194493
818440
72271
360220
764481
757960
490648
231702
340632
485313
209595
231773
54896
627492
137454
160284
232166
194056
324159
245059
894026
899604
841087
365430
743766
615576
694961
269559
394512
676371
608822
975245
315355
590924
557231
27854
614620
62236
173097
973157
78879
410421
202988
946721
444300
33358
908595
397185
456810
503385
456857
11116
39577
551897
827312
242430
544840
54264
470074
247207
527147
718218
871551
288678
676727
549705
960493
779107
31843
703453
445428
930869
558882
27271
408851
648988
664553
284287
359123
34019
912207
177806
467660
579833
786524
147632
963281
522757
57953
703743
638447
2421
226005
661886
207441
506320
912502
925857
752037
816818
630958
669639
743565
147486
54147
794238
966
451676
99479
14364
710765
450830
284529
50305
102561
316214
891812
658268
147407
564511
449935
682893
725898
955141
769580
240539
707061
903365
766648
797020
926521
651607
361822
188847
117824
658146
817767
880178
320440
408801
910518
754523
671724
885040
266796
480826
229661
55042
114506
746400
502007
552213
540416
555059
274646
566277
195651
408609
776716
828360
947082
366569
25165
560837
541696
130409
128315
710548
75592
687798
307462
879013
991650
717097
977042
195425
677194
964452
661750
955158
37344
803638
888057
782782
11268
672472
29640
532657
852
723239
998699
894625
88396
963058
655758
686933
719349
871322
390011
111321
594821
773377
544536
463059
348357
336592
895184
739987
416767
642246
633951
81895
159838
776522
184624
925622
828496
606372
732310
985228
630086
489793
454054
584043
694678
640004
694311
862058
417350
952866
900937
25567
857609
425047
18581
480005
668828
135759
795795
593321
965227
801799
868728
645626
614831
799988
324349
357059
211781
759853
779579
980735
538771
981353
712121
97393
132627
668607
27972
262566
885533
624772
665382
526468
801664
11617
385704
763075
225573
863012
101956
329914
234137
398866
447087
225447
206604
629505
386963
806317
848795
709354
56596
341742
93277
449772
838248
780060
160875
260288
299576
180324
364402
790068
967425
680380
429999
358890
611524
79177
129012
530397
203437
592903
597651
101282
234823
346470
360452
139274
721416
773200
592654
557047
706639
636015
142872
422678
700556
400840
149459
203508
355077
202724
977461
506817
719161
582833
127496
396456
615325
624831
133321
764077
126863
333172
723663
128650
653001
519807
81302
701511
906627
755057
843980
811353
300763
384072
64261
83729
675988
769652
46353
86703
663796
581559
937064
769419
674291
678891
269892
656254
694281
695306
57203
759102
245821
265074
927710
906647
160396
817724
299346
902394
127214
514625
280477
630246
796033
409391
677183
656517
340278
415555
632568
242229
510247
587904
64681
568058
873299
196751
567524
792345
317045
941541
268626
47285
101394
928900
210234
927439
354729
656149
609750
184886
432475
908031
849196
596254
743261
859556
730447
785021
36967
487547
82989
371516
23932
89462
736934
486877
246601
65111
633856
350390
326769
481720
929244
302613
763285
984509
837869
738708
65080
504892
401130
157678
642236
647793
499753
418489
440127
193185
244370
861920
523627
695424
160449
901164
865238
177816
249594
944917
179124
881102
796163
681741
271638
205433
895851
22375
86614
307232
762586
199518
39753
388532
461128
672813
987131
275285
370145
891790
809037
3459
261766
40541
789368
534213
916140
826753
818399
772795
539148
439029
444124
801083
300634
75209
90886
693691
788270
422518
666421
251791
668777
49194
552797
606533
197037
888887
728434
775662
786480
557612
170865
101671
117057
72028
864643
394590
156137
707699
487524
219788
857738
876216
371882
498516
956223
248370
158421
814707
825742
931916
80950
91499
783886
614698
765608
315334
587785
55621
391177
331445
813479
711921
949117
458482
422880
563213
272701
195178
691248
569464
91335
109311
574483
650197
287318
887182
367049
36680
187876
635604
354017
268293
565695
163910
61903
288088
290748
360943
599697
668029
224672
828012
119112
763917
249192
1655
912301
242828
813325
9312
57097
4998
38135
314930
884880
592395
254706
696192
872084
903636
919743
570940
845839
399411
16153
171469
929197
49508
527498
253737
386112
59802
953536
485716
527726
33490
805994
209698
244284
751007
529377
304033
950308
942314
277818
606963
912994
921593
375230
184249
825482
968733
224241
52553
5445
207281
175218
927861
895029
256619
927402
503010
162446
643174
807335
272784
941287
920631
235107
124612
144206
930378
267983
504267
176978
166900
742207
596076
923885
995341
890628
409209
533821
826123
427110
559229
837608
869103
167701
286708
388942
535996
943937
285778
279738
667637
239344
480098
432146
687320
117910
4749
735891
646928
153180
713138
826573
638463
539995
46106
853555
318601
115880
481001
121040
639929
361500
164610
235180
154881
326912
505086
203451
721377
349877
222412
263489
490808
345081
446997
371086
411291
247182
259901
753758
436612
204862
186871
796737
537033
722815
296851
649630
827384
503713
427569
826411
64311
942255
115416
505642
56631
670908
378875
238171
931415
938229
665653
654425
203340
731545
494133
879396
737344
95666
758999
203923
787484
124690
164166
724632
158478
434714
125899
94282
194642
481750
745788
702894
245996
498795
278152
635748
792121
767238
686918
468343
32601
474017
87491
34247
94311
464856
657199
767143
232408
745991
682453
404647
475751
650707
274667
61082
325074
889668
906482
711716
959725
911362
224500
350621
545306
993522
691655
436868
28665
248684
567146
813905
299361
921091
203959
733727
179527
662355
674176
792601
660433
958179
211525
335079
940684
512715
73514
894288
138865
600382
931591
15308
115263
796767
85791
438308
557936
348975
224643
954173
325254
204587
215345
335887
756185
841674
719834
124143
818769
166706
501339
901581
888374
762465
617867
604864
733324
956971
304394
846456
821281
493519
187115
86986
457382
40112
609543
804628
569924
423994
701661
964443
522352
699078
955106
629705
250673
686225
437984
768048
515463
325490
842979
420541
787149
728826
638817
741156
265933
599828
27955
565718
690420
944989
892769
708933
134318
799767
814792
40592
941942
517198
507457
500790
21704
361703
368121
308126
629452
760997
801639
156674
963424
385189
125802
714071
939582
193605
589219
591980
355252
301446
211352
90729
511653
158981
144600
690821
629070
462285
647112
706380
936896
588033
393285
919549
668142
190102
685074
87207
232759
423713
806146
644312
36713
27368
527545
366720
360503
507764
260404
105399
890818
576380
593672
189925
857487
527353
901736
682603
597424
591515
153522
787696
719437
587401
186822
493713
680954
62621
576134
903242
699174
354822
22922
503160
695726
417943
976898
573604
331821
582287
200470
946083
375934
917181
149364
57386
64655
13323
633814
755895
453288
509407
420657
103491
214539
493003
664621
527127
830751
336181
398464
247576
449404
739970
220136
930845
37973
805272
223764
847608
889862
64784
469989
38547
622027
377359
626661
331829
183940
532768
146128
978758
819559
801634
975002
868354
825394
350497
737644
607310
408147
686433
920581
278296
69790
426678
530722
121515
254857
515244
76318
668456
989983
238740
203446
301315
514770
980379
477209
861642
391963
402842
330533
867325
478873
842913
809089
634933
542233
391540
184364
428115
274385
807953
844407
674225
646341
98219
461372
184932
163647
280858
778902
153510
86269
135829
126003
718722
586356
180048
453078
531694
430747
99565
544280
428407
1549
242799
319062
331881
960054
375959
417188
123400
920189
626291
513481
436346
742189
363433
182950
783064
440036
867289
315112
761382
521107
998455
163055
854862
344124
699047
320572
813209
861400
411025
156476
690656
2134
291622
114857
269351
307055
725714
10346
297802
321085
463778
146451
258783
925904
491441
317475
739913
274414
340810
594407
561552
665237
822086
452872
513127
960082
200936
549455
8885
57719
793947
558143
873592
732951
197196
977628
551107
958033
530874
266802
948341
46370
653320
706817
903350
434732
335899
904269
176765
331098
981866
269722
385078
589311
89057
533588
482783
603778
995321
604783
287318
753875
225294
253510
370500
691051
475890
171618
184236
171690
64540
374223
488968
700947
729073
326901
221968
700887
617533
211650
387910
964702
596448
994225
385713
918180
399457
564414
345528
515760
598773
670486
91013
878200
705205
610803
974295
971891
544637
742331
485268
617221
266487
927236
775735
398127
675113
168813
415777
965929
997698
316577
380841
526058
333391
696554
533365
232569
711039
861437
319011
756084
981587
155667
732800
417808
119055
71274
560114
609532
153080
347355
458420
201369
114184
716451
980648
949549
925532
937344
82062
566446
37043
899548
352215
327285
848427
758585
265786
108623
721431
630551
20012
876612
573087
453232
542859
681377
872124
391619
363632
808130
729615
156935
951002
822042
224895
859068
382956
69679
884476
216558
23151
569803
492638
595319
847485
985098
823617
589088
852392
928482
552686
726462
616419
720211
106344
702759
435619
227122
108691
596225
608149
714285
163104
831926
760735
939788
945874
954087
700350
637662
376867
482363
177844
982014
70626
935698
162871
167153
210916
90759
180411
325938
28410
159786
507271
688961
899078
159095
623175
895249
816150
71023
657772
104988
35904
64041
231709
791864
899064
724231
827894
256895
765041
914890
747443
862502
794679
477822
873000
172411
118610
477424
200481
860366
132518
914771
813999
351898
949739
987332
848747
556927
869314
522178
711857
220828
316102
419145
172844
917518
737282
995955
258248
921549
335144
909867
855428
316112
757337
30557
436583
37318
127342
922200
398286
446390
640901
54610
279750
973013
433007
121635
923778
647098
757133
62183
480367
69564
572233
830393
928083
7384
474443
160809
14841
530931
715441
926853
921003
787867
364330
337381
143375
39177
233869
705353
148923
791498
387374
707953
266278
545454
158504
613996
185432
259536
373242
729421
360822
569716
897506
256890
148197
580784
676831
401854
270407
908314
410287
449710
584439
176018
28332
480601
876552
482541
390849
32096
630585
579505
416576
205506
338603
460120
552648
395494
463893
992722
815907
44425
211129
538644
444265
484445
168092
969293
684086
59532
812365
10698
794637
809811
724508
597617
818307
91478
357581
230169
224815
429929
610179
525839
226638
358850
731722
33186
372200
937722
27624
606845
124403
377154
682705
663447
581212
369604
158246
72469
85372
24341
108296
180509
841806
68499
221826
615972
485138
270648
881362
290959
613077
708610
876791
79821
95840
98876
931338
51333
886100
935431
984399
80757
422811
969128
320279
335874
128387
291913
186044
34183
323169
486109
931203
205665
208987
654051
656462
294676
443392
288694
384311
627290
658223
523503
769577
331320
363693
99803
968865
924530
539815
93792
418632
159002
345257
210268
848212
472970
998286
637338
999829
292252
98837
585537
440262
209529
447058
175529
384631
560465
531751
909917
132386
223041
267119
91829
181370
828463
213841
855579
583135
753476
585788
129470
230215
373056
785178
708399
100359
509180
992340
248203
577110
734391
831932
114001
793879
606116
794367
749984
441896
354600
446471
396620
116752
117385
824090
101078
469005
457907
60458
383832
139024
467842
773560
732597
433182
912871
185411
77712
201758
366211
813370
659245
472602
401262
510228
258088
630514
834481
54958
123494
834103
996596
236672
907532
690240
131500
732466
494147
624599
280848
100603
793502
891706
39519
369916
754661
963822
922128
614746
512416
307020
271355
367285
632159
910414
170224
137386
251100
473507
426411
551052
762815
104110
623353
873688
839941
168642
305085
797224
539117
48876
279972
295618
978378
459624
200081
813688
198578
468464
559370
434094
37531
834043
64217
84451
776424
759081
253840
834502
761386
970161
336229
764750
272758
989193
842313
8606
940316
857855
132181
482062
668306
220898
780429
567366
977202
83094
96748
86543
875294
556954
285261
658024
77853
548475
142543
939213
288817
536876
105196
50644
679628
271905
367542
668997
102127
128718
775803
935564
846476
26799
39120
862883
989879
275228
79900
865493
334532
89819
723479
313460
804475
226588
255191
856436
215958
458004
896549
456624
958603
779632
539687
214762
644435
333187
975302
559256
37264
218264
699603
697132
189670
358723
642134
20212
559328
793945
511343
606963
323911
216679
357746
368094
760478
323359
804321
406072
245157
420980
781061
609227
652098
527318
574858
509410
587417
10550
76013
544157
134915
471765
117718
203210
220751
513946
630371
82257
887806
976708
230521
592948
702217
365378
872621
909946
449563
678855
701822
957720
489526
387286
913194
694315
503332
488076
218913
682572
66985
176608
175179
355165
944959
975426
419061
614554
252461
16284
596046
908774
226017
113733
207796
554533
633845
702822
159937
483893
99682
449286
857218
534729
731124
82979
528857
419196
123301
408396
164096
688433
884488
414949
219971
182598
50455
40111
611835
416498
263065
409084
566632
693471
314627
313081
885590
315501
48067
411205
942779
501319
32972
968067
600553
453744
608802
233669
483989
73015
410723
218188
475785
947545
74814
476727
184057
555811
550637
606336
788214
865133
400408
890236
369532
576068
249330
655785
728071
87297
564812
382787
806960
191937
424097
537720
478994
376220
600907
896032
462399
65602
542701
961713
336614
729816
555747
599740
212457
177263
12554
18190
312170
218613
860705
172926
544940
495237
626183
519704
659552
819250
830567
715655
605307
24948
262224
1792
941879
390564
146185
226442
464750
921195
300237
55226
245514
330779
763923
984189
925067
903992
392202
737776
939284
852103
475644
428930
493355
646772
198165
782867
715130
711943
388112
522484
176217
354442
947419
545082
577432
217972
986541
683140
893509
413704
557125
459769
172877
804746
62987
644729
715763
750677
132732
344442
343761
383822
393995
66532
19770
51922
341683
269004
684841
455137
169577
178494
728845
753792
419050
580536
422400
886656
599086
421117
628905
739370
465379
415373
755336
240
731982
758421
46342
802821
421552
437581
160856
672662
119735
683491
695826
442435
181738
482754
685993
90814
264095
806731
496155
885724
331769
179821
602053
515716
230012
567597
834595
925054
787369
155145
458073
543597
65807
333823
59576
292125
693939
200202
933388
589274
747963
413311
697951
572317
397002
40576
950677
687585
449211
847185
315682
620767
310727
935027
42026
126038
400539
471210
536333
826549
628776
821078
844930
532282
980708
884076
227497
181747
77888
48472
531425
825007
61793
111126
708132
948763
807858
323007
719722
463940
799795
231486
727245
306724
375152
205707
919143
739964
972771
452877
328078
24000
621539
468976
703460
831503
740473
483041
659241
353534
943289
941290
608917
992993
487780
774519
738318
818262
577147
290555
261486
13606
760356
37781
367062
707430
720286
226628
594260
241056
413108
875061
874590
700649
845349
981031
752268
46667
951957
9870
847719
300404
620619
903936
767185
947991
483349
904111
328519
93522
776796
288293
490583
828995
448125
970790
954983
813828
766156
581
782504
696915
491927
74078
992394
708250
306296
806469
343442
444464
342719
356223
7622
172735
26437
98897
209390
216200
904182
327408
904369
996986
439630
363393
441730
958552
252568
506514
914651
476050
179193
863463
109396
248470
410508
388065
642677
712165
63411
222953
869081
331511
678622
836185
69839
780798
352543
332488
164873
192442
169298
93685
666842
165767
417453
504037
217268
67693
620058
927051
484758
275455
224132
665757
207482
346698
137351
144010
130304
73416
537990
807375
14433
265560
385968
217211
748199
577147
672981
979417
968382
367208
303231
652953
816590
706484
412469
80905
197636
774101
908850
589997
466705
99039
566576
115548
979732
786397
79502
530971
830092
154846
537911
832482
379602
391619
361635
689938
176528
801250
60862
366744
997541
64213
291401
743301
176074
159074
825044
808039
693157
684775
99441
397352
55902
447800
679072
746316
526393
806089
767630
979904
758064
717650
192059
528325
204037
244200
549848
797168
448460
706024
420169
34097
739216
618134
996792
401374
334794
495476
780781
427737
322044
951299
591218
213466
420053
751306
198392
943756
587208
359426
705720
1795
6493
665525
22036
848589
560106
77410
305074
206748
512849
540833
63731
185663
499913
682310
773957
874136
848511
394417
915103
295664
283566
616537
409778
488131
568723
160518
18855
968469
979867
137319
358361
998257
117171
801715
317971
622406
812138
865075
312912
26138
899591
136394
810948
487952
387060
880812
934929
135383
892382
128011
56428
304782
440902
11885
403040
644504
7273
545590
444257
122848
852871
202435
546039
873906
216943
708487
108996
393626
487985
305843
805852
662102
916919
807180
640586
459250
369685
264568
876857
780950
66085
777438
681365
703391
618863
749689
952648
836156
468289
489297
554870
572712
656951
748559
980343
138901
612461
399103
222996
634811
253442
562920
43891
998229
866463
742222
177887
262739
688907
363383
622297
245554
709654
298011
35173
566964
141358
886806
200795
175637
782837
104018
37649
979124
212061
976748
947293
724990
680170
496556
537701
677803
594351
666657
236154
938677
141154
357946
461219
287008
12588
939538
516933
67718
98799
662054
288539
898684
598412
557075
916635
797620
621739
249919
564999
417905
675750
537637
54400
331382
968813
608057
854583
312927
13286
272160
567717
759124
440095
338058
962802
942455
92369
654425
514470
350614
207693
583398
254250
289846
855754
563636
23810
458934
442296
981818
557488
193091
395603
350445
52801
79728
80647
245431
658909
485947
459439
701648
369574
853263
299531
78612
772307
23629
541916
46189
288337
211950
494264
31564
926619
850822
775109
725795
353938
394877
868746
414415
848989
401236
62798
688579
340313
171192
717245
765208
203250
560821
134497
246569
628869
37092
600152
758929
213843
756472
717089
804573
860669
153858
175151
79787
939031
316881
337420
814063
767093
471119
493277
939699
148448
27922
557782
355209
587297
185380
814264
618863
825381
929999
468388
899436
739354
620950
368423
297080
638738
182560
396255
242278
120496
410118
681355
110116
19548
726763
969124
29549
445500
82672
867034
613271
943041
649907
296820
928300
794030
110853
189312
995986
237660
667247
875902
949194
417274
417744
996358
105709
323195
101936
321486
32170
366285
852779
276907
39601
968067
797846
227349
615172
222122
583903
956489
420384
366100
699379
633175
496491
763568
350552
144981
267206
900452
669038
66745
624552
521299
372100
756768
774451
208256
316902
706472
51183
159694
559088
784188
561155
545790
992727
439042
634762
565440
746544
229940
5667
256365
697692
13356
625650
525374
871466
534883
323657
903230
742243
887272
494820
591380
964032
308741
585466
607758
240482
160152
413319
395833
997429
695241
299312
673063
891016
839480
468563
578720
994311
448304
909269
390499
816829
127360
585489
645950
219473
159754
244999
986358
577690
418991
76713
724266
229534
847440
47232
414024
797921
713218
822064
30263
826964
196548
927937
349787
250143
935553
55249
889428
962556
719466
240912
159942
94471
637862
733373
154906
123944
528195
305967
21972
56441
254386
644862
517513
193387
878084
437237
559680
1955
516561
769816
989027
369693
381767
468473
494404
75542
850450
736260
799448
815049
202885
149485
141353
219186
400852
26283
858525
33592
61189
740828
349705
685607
189682
844865
517012
994019
60989
39604
884981
432396
309389
542199
993313
149776
280045
784428
497177
736220
625997
557840
884380
415941
211304
674882
317090
259133
714365
916768
452366
82121
553844
342225
114064
847767
580554
626271
374236
646296
951015
858218
121032
1407
355741
928068
306646
95785
420127
964709
850999
965063
424777
192821
402824
307345
784856
326386
126562
316060
546751
932000
826743
759260
606069
772533
866567
753351
343885
578978
73196
976170
245308
549589
308506
878213
197491
102709
371632
927863
670858
308423
783190
670310
875667
21733
951635
593955
311028
288304
330774
595239
392846
711822
671659
987476
467012
168120
570730
601977
623885
853765
773776
29940
25038
625779
208872
603898
80097
664228
572647
729446
340792
520227
706398
350943
578580
457756
957443
380271
417386
386230
268562
875384
982140
991625
359640
679116
321618
177973
663441
17747
76550
378460
490328
485249
970543
111348
585852
337887
10484
905399
924671
520932
456099
849312
926632
226723
939517
444975
340400
526712
306508
4133
270931
69950
434796
816420
624370
790669
899249
412637
961574
991601
728575
260660
168395
598528
648085
910122
924218
678400
105240
545034
706187
230924
206569
279331
341046
216706
899150
381893
449767
586686
557134
373277
433107
117705
805611
978712
356598
225242
849802
199543
342106
873349
635952
708322
532046
8499
444519
184755
601669
364332
145792
611890
771845
119080
793179
589404
646803
193576
651534
746864
528752
742430
793820
574035
426648
933928
241351
467582
456263
342786
46906
443435
602312
115934
123389
232559
623541
386232
67825
95992
10764
89050
169393
198622
757809
698893
818243
57333
490524
669754
670408
481392
312660
657968
815862
863468
404874
718994
595432
798528
517345
33274
542317
652987
315836
883448
915543
294431
425936
174158
117026
376649
514076
823207
611701
707240
89362
622242
213072
928730
838983
930228
225436
956822
371787
535637
208840
893594
756831
388635
910489
53758
879985
280976
394013
355304
238921
997677
139056
184786
536873
968886
851480
876813
734244
350131
756113
317867
500434
765884
526829
786181
436573
373296
259
446959
872718
430044
293447
313491
818791
405595
138549
273354
983721
343778
115287
62399
641179
876580
314555
9003
617400
520267
121021
842796
926615
903976
610022
358516
115626
957493
339575
580400
770107
990139
136895
604022
578208
973661
75870
582782
508133
222215
714689
710820
677723
471052
86615
925244
103786
945666
162023
815041
680078
729450
771514
408977
591237
42729
939867
659232
886115
272364
778853
728272
295096
593460
309389
749856
287924
311625
767734
698836
583314
363502
812779
530639
529727
468419
504822
229180
59505
860498
579118
945973
787005
604500
978388
153507
999664
425852
220699
402082
173265
832128
233559
817362
381768
211274
118471
735971
69233
584173
621706
894323
650215
230541
408888
853323
72777
74137
448860
823659
14648
382679
909433
187947
357636
799798
849106
517194
259721
249812
730924
463822
741750
829489
223529
224161
934177
436225
575625
255894
957241
849926
521896
919150
352913
464320
136946
553629
576130
366828
668844
73544
368100
129524
921856
760258
529020
644521
897140
462582
29559
344691
398587
96036
87114
943645
552480
723029
939229
3992
416358
185573
532515
738059
101283
668278
925092
47791
78757
804596
297607
546580
665175
380642
468022
663876
841949
214392
300251
442294
741401
29293
241372
140457
116540
711590
686564
921776
632588
218615
217580
368745
81714
247284
992355
128789
481003
611224
279697
3804
595964
863507
444932
368577
72614
556867
599288
952322
467959
528322
577436
885789
789196
659613
648085
303608
283595
25330
966322
75521
815657
594100
973307
990211
388125
550262
459987
515861
100228
798571
833685
126166
653694
69086
231010
503486
305428
426955
399398
149274
83307
403131
955407
494326
504690
629384
779887
880612
528051
715748
345924
315045
140947
338896
262716
539062
749368
310609
678510
605081
138083
571302
944841
623704
270860
696246
503356
991432
217668
202475
879806
781049
233919
407796
47497
917411
705677
370358
684815
387771
499694
339122
801228
368658
178061
93088
619820
800995
322292
708127
772591
692701
466894
374660
155775
766282
969483
621621
303222
753043
200049
974414
470999
251210
577309
708264
935873
356237
242863
19125
427657
756634
444290
195112
845669
1536
526296
692383
110485
513424
331494
896254
545411
472532
774181
186909
529061
633922
800904
964491
722350
500649
376863
681086
427662
654193
856925
35371
586273
764669
285168
986268
758408
273498
170587
252620
302236
455136
936178
972591
33795
143478
15912
620432
26844
646512
820281
770452
739505
426433
302555
978161
983138
592331
94841
579419
589806
678885
242334
911737
40777
863921
806654
508639
359062
699004
155602
90841
95280
12668
80527
747054
244580
84317
159496
135660
540569
873267
503532
470196
252717
606211
991032
396521
636573
705838
378727
477804
799292
24389
68821
591912
799172
475445
23666
963436
664666
755066
350341
702795
989717
367399
116930
222204
595678
806487
955191
351986
6551
601779
308185
107956
950669
790419
880288
496118
73373
896178
159067
127308
937162
172780
47568
759105
751799
36244
605948
904623
948497
847995
875666
679842
809990
665742
881931
157640
908255
223975
48475
547107
1902
484937
573062
896549
889222
912746
519880
241549
384471
941090
424930
130835
227406
792596
468551
525688
300395
135291
465078
996115
52830
602820
758680
894377
21366
477657
1071
927358
792463
508932
946384
293129
862764
170218
338367
955625
154658
189113
554462
150278
39082
480601
278852
90065
207108
459922
437735
312686
897227
543152
49213
917305
504126
477993
322881
268202
793741
859720
910446
587603
533276
202313
580725
914756
910086
66236
586584
939537
783566
621629
89290
177333
715154
284840
405237
739428
772046
634250
672241
392100
265760
961445
244826
205440
267232
754537
456211
838817
339825
641004
694947
485572
406682
532853
568254
663861
566556
942449
453085
649877
48314
106850
757039
645428
434099
58902
702967
577996
194891
139297
492867
654808
55250
514797
696551
666302
677727
389886
155852
501830
823284
28942
315232
916051
989058
820663
143191
363834
884321
909781
73172
949741
530297
4734
774324
985529
342869
647186
754939
607749
29262
265639
24492
125922
377528
667221
386341
576251
348175
191815
940634
684201
505845
842727
335335
368306
13841
316700
818453
136830
667871
789036
722992
527341
761939
1845
513032
13785
205117
199573
832237
557253
37093
200515
915145
923129
735031
706381
773603
490209
509084
628396
213631
482428
269787
277260
632691
119569
527982
765660
325687
702673
278481
505580
249619
789423
520533
671873
967168
305168
648338
961301
869323
924773
829844
65694
284551
878043
747058
347185
466992
605253
453071
228695
164454
286882
745168
387147
809859
23665
606334
676584
393165
62293
517501
575768
624634
208530
84179
419860
843903
331116
818497
298749
711875
495863
37848
213148
21990
613791
535821
330551
830524
156694
618225
900086
721223
953686
261229
294401
233089
698752
545169
367126
993432
406510
402885
988314
642012
437815
594941
709786
306990
954683
190814
661166
972293
620732
669771
331921
290865
858418
935714
954960
312280
763581
440746
318869
451531
52489
135532
146432
593904
915014
700512
248727
435076
171423
304965
323072
470023
48202
35609
15484
773486
695099
640394
313042
737655
453465
579630
948832
164649
896147
157298
700245
882165
514355
320019
294462
60769
68570
252970
436980
190030
219130
812840
650116
868006
819670
649412
21878
887263
739091
496822
632457
377753
378410
996742
845123
183693
651576
837740
994550
626265
920412
649266
875648
239498
226849
85554
395832
795402
889238
805333
876565
159577
470315
610044
923870
574688
242448
737587
982456
567358
873108
193293
491854
614534
630560
301256
876051
546806
932671
470546
202851
903727
764759
288603
622212
154510
7887
827674
569827
885095
940613
367901
833821
976781
88349
413365
558146
312314
582227
278158
197904
86478
581679
912496
574375
413760
753792
376183
858004
135159
918892
785901
49650
14423
671413
802434
718470
618918
246305
152531
251890
527578
68190
745403
810879
721482
87668
512425
342754
370333
98791
499972
21055
985368
966625
609357
338278
589591
481972
484807
247252
470106
737395
967387
660309
786705
465586
892030
90646
242306
297662
60744
589520
623966
883392
693388
872836
180006
63492
32149
133495
318114
202171
505174
290203
764356
184471
331578
368405
841292
344012
972449
149093
181829
600477
171094
162504
174825
967760
581926
213424
452481
750727
10705
492084
194955
985013
83084
247829
700541
350768
946829
123041
104427
684486
751941
610151
563864
487089
921028
55163
488467
989645
472091
44002
925250
238883
804775
935554
451358
690557
118921
199434
494473
250746
165967
903453
572436
354504
766644
686579
974312
424207
996714
397711
352171
682978
244494
100512
8723
987882
9075
425720
720870
136978
273850
196625
161796
579372
499321
712374
164258
329240
879017
788908
62516
673970
23031
65982
966375
481145
234012
15730
124690
853817
874427
926003
898285
988330
159409
264962
847481
684993
503651
298067
806490
294149
250631
824863
832711
139848
67732
667840
674936
974014
866767
243332
472131
65768
414986
186393
93008
968761
680196
467505
917815
898395
474221
854262
130704
474900
39105
795897
191400
829431
155039
268789
669385
14960
314001
125416
416482
519190
534702
257833
46331
615425
61933
16878
980099
445351
570889
108480
131227
694663
465488
752457
137064
854664
117123
978342
484768
670769
884533
405916
225463
261290
666331
696476
219260
388082
268547
226800
169003
326247
967167
580462
426222
999916
911416
719754
224588
726826
491480
982371
83458
53585
47304
47288
251323
921262
225740
983052
700287
773203
989020
586204
242256
412728
585749
47584
258196
119853
211824
423835
1439
674517
566177
865994
578117
177433
875395
661527
803069
868497
619216
864750
102355
115000
890312
950236
895552
453571
989259
825437
918811
765468
979401
119320
881136
850765
915515
280691
520054
102197
861884
1320
444588
549734
379371
89036
693871
851192
456079
215826
495078
728013
546750
641769
398855
762691
642331
482812
351193
454395
994755
454315
91525
476884
744557
686001
101856
978469
528212
154018
444232
317944
376816
417352
407266
431687
306157
637358
371466
280129
694075
165943
296864
185976
298613
655593
364087
240942
218207
607629
371278
852529
64167
71268
972264
798924
256765
774941
682605
101241
352931
363559
688204
546941
146648
166099
257250
253557
177345
572625
71066
163131
185819
795593
780141
526922
375835
583482
790256
865079
357824
277317
433314
421238
367142
640283
865846
78856
626920
1621
791907
615739
263572
686414
197871
506640
161036
871466
58016
509392
421376
148171
734308
147977
585303
280896
44083
908791
163433
310234
594425
709249
460289
246645
349278
6515
873512
72217
432589
237716
423004
865028
441998
261300
229321
614651
183888
689067
952787
640382
160691
233922
157452
726447
909829
424530
14393
247889
251175
374032
114160
652801
579787
515278
830670
885652
638696
10468
218365
789691
309124
790826
862737
722129
231925
156591
737887
163620
739089
633339
545410
299234
394252
210687
419798
570083
346339
644170
36478
928839
748352
595582
743091
287792
579349
206647
893115
78280
315033
463060
756611
906021
335538
970631
957595
765827
380842
473746
765791
443633
335550
681603
109417
620288
36725
948388
607666
650782
548283
51275
529358
424993
835258
860914
188490
529193
698083
241359
504342
832651
43036
465143
186200
301356
219267
513711
754725
926239
524347
456286
440693
669602
331042
266088
143747
712127
298090
629530
637386
820255
807526
140512
343928
108013
611975
626670
638882
664533
271038
944682
685052
926317
779351
117329
190595
5900
378381
837328
603109
820124
363603
910329
323225
863217
116825
643255
296113
971876
967050
857520
423303
887848
459720
237195
226800
697768
606261
429312
141563
476121
714580
80903
133613
406045
382785
874584
607013
740934
475140
919791
459297
902787
786202
426835
859292
285537
572989
176311
514665
104749
960237
944159
228077
1104
229215
708062
172972
90814
35149
755816
74245
321683
680987
985762
555717
845061
57343
987083
795058
833958
281114
449739
498924
545099
832992
35302
591141
286210
185106
413879
569160
750289
949757
789680
86659
256374
14150
295326
134258
831955
685668
613906
291936
324464
184532
495723
96056
355087
32185
547006
12755
672706
663450
810213
142283
513754
824437
464653
752881
981407
648451
975890
2607
491039
252889
650646
373421
949338
447809
174966
172318
541361
482407
582553
628593
640637
562640
367908
426900
483208
36143
513916
879205
92588
288009
941757
300959
771679
834004
96127
744827
776332
813545
293132
353183
365391
223553
913184
923458
428884
309684
481967
609022
799829
808436
198734
922023
959144
530428
518321
487389
376739
643348
680372
138305
633354
776711
671362
383755
532107
578606
929886
214061
143065
692339
44948
244795
338625
572963
329929
673062
462526
457723
291006
743578
176942
800188
489742
280301
188404
712518
982094
93449
552961
881535
742904
191617
17713
150640
557133
164733
724616
284386
523813
493015
148645
420855
159180
784073
237515
29922
792568
922203
851614
626925
438986
766309
881745
15435
427924
404554
919221
349883
578223
46104
679677
72805
353943
703693
737852
509358
274390
123762
721154
614634
368810
554332
297065
438184
518130
426433
31983
950238
980123
513791
833236
303666
332279
627345
772086
306077
666517
117834
154252
787820
523996
752070
481285
615393
733424
697068
829221
11649
543944
764571
794510
445558
736841
748580
281606
69851
967436
310373
751851
525717
973607
363883
90054
450626
53272
594494
722986
174538
648683
783491
805304
893815
252655
825937
499214
332431
100323
322770
419833
472783
959517
410252
458872
858508
125203
264028
834306
904129
369109
54967
207649
935746
106733
709128
454636
132236
880815
116264
307232
769015
223986
901678
50750
800689
630581
5474
197352
866730
520728
240460
452801
510432
281076
127000
320744
352847
792486
945559
563569
762341
125905
438392
342221
201352
69434
713489
907608
915114
962348
363529
264388
130181
960679
677754
497977
989083
475469
423946
993833
931106
852215
620529
766393
437982
208384
16823
831350
111179
687980
569206
999600
915303
394049
947504
881915
114153
648262
176491
949130
342658
315140
458429
606644
555661
870825
523092
992204
769203
252214
890699
279604
91449
693421
205790
383431
625881
622489
755946
10077
210935
610778
991861
194921
963374
243293
662470
801134
758896
183412
458704
696438
256625
529802
24030
895270
704889
552044
494316
518471
566775
747261
129879
93971
126517
787054
708653
876629
147920
545065
526652
727789
304731
388043
795022
834580
768887
228476
353076
380959
373394
697537
642220
419776
967532
720732
16380
795811
709722
767992
24457
489906
325567
176274
333691
337881
331935
770840
97833
835298
977254
28969
495528
637303
738088
717835
463881
504131
904255
371286
725775
947504
28781
133606
185830
125481
827439
115807
755851
37668
961117
343240
197905
105858
649626
897846
383442
85912
777703
865120
341290
992083
915770
249833
935745
398026
250560
522096
85129
670135
141552
155166
790758
474542
211828
863321
493275
800598
710415
560251
511054
54479
328061
801766
966983
315645
946273
876543
620255
831596
992051
555068
3255
763975
918897
140845
84714
953989
57923
580163
206478
855630
677175
261184
139585
792984
156685
787337
589416
380373
865591
636907
491645
905489
221571
955564
170873
982633
674740
390715
437330
104443
115619
878406
17781
384631
215721
277670
222254
523786
245324
271632
30144
631777
268147
992763
280397
480545
46686
586537
890291
379155
769021
145937
399437
491098
585472
730628
672938
787670
254851
713584
737760
391436
687620
131024
445805
791959
561109
62180
722454
126596
290652
569109
403921
932695
4675
572357
769481
758496
493925
554324
475420
135210
575287
243219
784668
85651
805568
132102
984272
483206
471045
592346
400128
764248
155668
556058
809945
999679
973794
196027
789645
19713
255377
445019
39147
12748
773765
125417
829622
18566
108030
441759
187899
945528
770527
675965
423456
654877
610275
264081
512153
641107
123763
645812
903653
59005
98991
470799
551383
975689
581640
66955
513267
957085
809614
263964
91932
950203
546017
123358
941626
854228
597161
854564
186080
888728
42302
409786
581859
322909
421150
10926
601249
383235
761466
690809
298573
180997
133696
105875
541224
592055
539454
480530
621665
674032
846033
80978
713348
730774
845514
123441
227593
699036
638239
823301
587330
87424
28452
487258
769430
977440
795182
143303
895905
644183
362553
270004
263959
153092
544604
947957
112623
498651
367787
181071
314298
779687
215375
272378
531927
368615
678057
51309
724906
594807
629890
636248
415089
522478
962689
838810
629696
774285
406202
887172
942799
203847
58916
847467
323523
586480
722825
702087
637485
943507
875919
873205
811614
849829
740766
669747
158678
472221
477979
49703
574664
148882
442029
841422
696064
355447
969801
217988
457983
803347
788579
244223
293022
518228
108792
699365
831964
419813
938763
427779
864767
131845
306392
26262
722014
9411
767139
338259
330534
804898
253507
485092
359728
683237
321651
581973
407669
690173
687100
912645
730700
488923
706337
22349
42253
865005
729958
366723
232940
293820
143824
994629
732827
607460
326694
652357
962063
447588
182721
145107
97179
301379
987664
7181
500760
623280
894809
881277
474380
555212
148449
900051
257437
528343
997005
509599
958010
98932
66695
502281
624624
784851
750139
500369
282907
843847
582057
80515
624511
643527
46287
882014
960434
183733
934186
739720
498112
527941
74343
974198
78444
200628
340068
15053
993568
566483
53762
512920
614738
535229
317321
810631
322969
987626
245938
594408
772402
164754
605108
804593
583279
165112
891281
164247
567010
651798
421023
728592
371716
497353
769341
317831
741829
292701
785732
147169
812543
163943
499894
683938
413430
885113
64125
355629
45576
676835
798445
54755
459541
863335
242511
473530
38176
561134
650370
410381
820877
905232
746247
944335
111638
741062
650165
257157
638628
922976
793150
367232
868067
745240
715374
527835
748476
489422
439840
132802
409314
523829
284661
46973
556611
134126
460273
419512
158210
41072
763192
651392
921187
922961
265221
249792
181480
995470
619193
972452
941033
120362
285105
424616
697914
97970
805129
267162
126901
600457
75736
436357
896514
231515
703842
169382
390141
790547
790031
318648
795540
762085
553740
461542
596713
236528
68134
828868
206458
141079
397068
140850
796376
802999
184646
468299
402404
273025
807001
209973
537710
251038
822767
958961
549839
719700
646161
395476
304462
527242
686083
452479
262431
170907
904732
447616
566630
512807
201022
24788
399646
648406
747053
368092
347477
20590
386882
221102
703683
411037
974716
157464
951262
540169
563250
34406
152412
36946
389354
443186
156796
703405
501807
709167
689102
760128
52990
416421
605465
197505
955372
1595
535371
211033
522983
53692
661027
442258
531550
447417
481771
532376
433281
735311
352255
743193
705336
708892
128390
592020
377592
955469
935032
56923
415245
282189
204537
126062
255148
980371
988993
903800
489983
299265
529146
606038
748213
762734
148188
844184
818266
432988
697667
512308
386478
92372
333426
907637
532506
166152
468409
440582
629358
403040
121924
121037
919750
477801
423664
792717
587013
201022
764283
8256
663976
158474
28689
172709
387575
303188
176313
226871
297144
490064
983287
797264
752368
894844
366974
304283
816263
286731
215308
304171
253451
436963
880655
456748
391830
166735
125482
370640
143234
987469
143292
554598
864723
828657
268954
985024
346691
57096
991688
82022
336993
27472
453333
607430
939083
54869
790428
333269
768649
863140
231119
741413
9197
985407
376381
964818
568047
517601
985524
432421
461782
653090
962197
59152
91131
663813
29880
504711
86135
600336
26263
265794
383603
666845
279263
261923
618909
922437
806413
560812
7510
43741
544861
327246
117801
90545
443674
28016
824721
425229
384095
992658
672227
299252
925866
481854
340759
913039
903967
390878
721330
802187
354256
29821
717387
169504
795719
22965
174625
897065
47264
302791
173998
754383
651396
774994
400894
962289
324531
335191
458425
547714
668483
648897
390571
897471
916906
485952
618033
517033
54482
312617
920105
4165
422821
897539
498265
425745
173601
932554
487129
718529
935901
33773
674302
801076
421857
904471
275512
571125
254191
94602
431298
757546
506777
768286
21907
799489
535541
823540
850691
433446
588870
942534
610612
694694
341659
470731
217650
545089
63955
774147
147267
931305
421273
787055
937114
84084
842803
343993
400730
466338
890772
100874
104954
599956
537358
494933
408107
760806
781337
300020
956524
731237
910817
96448
918043
196404
732599
735127
999582
255333
346316
484097
432325
667325
411466
196375
884612
223455
973955
989668
791197
969897
820495
585883
293006
780607
326228
867812
84523
37158
675871
778495
566356
72288
747035
567197
882207
376818
385475
407504
930840
861889
904746
189649
280871
83327
517885
696878
391864
919489
410093
931337
739102
997962
867404
128905
488854
443186
883532
230345
838654
979035
344984
125450
536016
603744
669555
564646
980514
985010
945535
374304
870536
781379
470518
358336
719366
821615
142965
436620
456729
377874
160933
597855
516849
243628
977128
288585
150055
576547
589744
109119
165594
111579
733850
175915
519413
672488
110322
82370
248870
414950
484850
603575
84736
478902
534022
743062
80720
698023
117592
535799
676665
321324
148906
270525
92094
287869
143379
391310
532579
865453
706297
88262
197316
307479
683645
265845
590462
590065
257163
58551
2691
331065
371802
176433
801632
691382
358633
577890
991480
306850
270968
850010
961897
204553
390723
965077
65831
488783
131047
780373
857586
495387
174377
323082
671715
198138
156495
171193
636462
717202
62471
358725
689900
274703
593402
252959
385542
805940
870478
910687
746497
740734
369093
120860
969220
390972
108822
206270
779770
837859
517627
444310
586500
672203
975729
989818
973885
460151
746470
966822
254691
6128
308627
733203
727829
549970
663921
1565
933560
107089
861451
745993
694812
755296
30906
80998
936753
89738
769597
841044
705542
747290
857278
61738
544782
908204
759065
730039
531065
311820
232108
730018
274294
521596
483090
106814
308238
450915
238059
706160
763855
346679
913623
221721
468435
620692
82606
683039
836907
188183
923509
208929
314025
393519
399185
33049
554142
112749
216165
419178
884514
998204
825119
833183
457058
838657
727484
754421
120912
31693
222249
74886
34701
777755
41616
687285
581451
709133
86339
709431
718564
147862
318656
644626
271110
32505
106890
314150
72016
5025
591521
257192
465644
190379
609005
256665
972864
300132
169437
928727
904744
978776
424902
805991
728761
695644
432091
923955
114696
635225
45814
908550
318647
557142
78297
382725
734993
410854
602188
562719
553897
218458
233490
676391
870713
319952
465018
486254
985509
376233
269042
899221
422656
691441
439173
485743
403853
954755
257691
362395
28128
893582
227928
209383
352363
831964
2970
809150
810035
576291
767246
504941
254438
429782
791803
709089
154862
537640
859281
354213
282258
525159
490191
953438
608096
289835
696090
715945
949464
752404
632059
959440
990769
130509
117418
393826
233396
108638
204948
664939
713619
874686
477
110391
652658
330533
421638
987955
153694
401871
220601
579643
52714
977924
43785
291464
556605
290819
75671
760307
524351
701583
531149
443075
847186
205089
644561
565585
641415
227557
512976
557990
132971
596263
332277
599448
195041
94798
831009
218662
212603
872887
986922
337695
355431
299173
667353
284843
507947
857062
185620
302835
608312
484960
925531
932116
291748
478668
906953
364305
292554
244857
233171
201416
981548
364508
570067
365231
436006
769607
666703
198618
301150
512851
380550
626272
505767
870259
346135
169746
200636
661005
99569
914322
573255
601254
642001
680322
844579
185269
961371
741979
460286
126032
678405
944234
746161
181301
815040
467592
858552
733549
345712
385776
958079
465949
604846
459142
353658
115311
50591
625940
979961
552926
480061
76244
717332
635088
704457
844120
158003
183668
584930
138720
807484
932824
272629
636904
808612
180639
95929
971447
996405
724698
938204
231197
37102
991324
994723
30106
657717
200754
160984
580080
190483
660022
173128
396096
700059
833508
24936
738551
46896
195369
181119
147043
644551
312362
317002
480094
918022
47056
632690
285579
476803
208942
326919
952705
822267
563674
340857
586859
54821
343672
802854
635207
169981
428230
367736
22736
745371
680270
589613
361433
900180
105455
518048
443792
71598
584491
989079
424799
761213
871707
924909
404894
45198
852828
411970
787605
517142
534782
774014
427155
760498
885652
565799
436003
312628
78985
548672
537287
601513
102507
418950
82106
666122
867006
704970
468344
249208
451617
737661
616135
475072
390853
288253
428431
756759
447851
64815
388777
876085
724985
957780
248740
779294
887339
503918
367951
907197
37664
738104
70704
128201
139091
152201
536307
925851
279218
274457
681277
681092
10300
203535
191790
810056
792948
151442
519664
141532
322210
786074
856376
269338
864184
597222
199629
294873
418068
953437
788551
712682
195426
587524
539566
76812
175812
433199
404620
922757
561914
571176
991644
170781
577862
39837
423119
212942
340431
159716
632548
425691
933855
280528
4060
345942
109845
837419
236373
968226
316256
974214
18558
251051
44137
107745
53353
806955
546517
196529
729659
208579
998809
876137
795619
723322
880368
364441
882495
584190
816032
507781
48617
190651
653657
194304
351764
494567
928515
443919
952560
769984
983460
321297
612994
404535
932423
292304
330740
367795
350
176927
122894
728875
426852
850143
349183
915509
507568
551503
104040
67130
199848
649494
514900
773310
504567
47917
949341
235849
557885
840181
331840
255652
85027
588901
628640
356242
270488
122903
670403
486130
386562
547616
439053
588316
170811
394990
888778
794096
852489
873752
587005
34116
995823
299685
455432
203331
219239
72101
409804
736621
831705
386728
14389
984032
352054
365721
862908
455799
461410
310166
289000
811115
328058
150122
982124
998747
430148
493829
206000
184980
217677
362143
305966
322405
561042
915205
4209
661730
249376
392387
694232
54668
506987
168789
179657
647685
966136
282951
73151
335944
469585
234187
274413
265667
790157
315751
641678
70808
57095
179403
378493
480292
718937
671497
21111
794426
786818
108548
859993
391004
881907
104283
906366
276639
93135
621542
231901
198122
837176
735398
24473
714025
183248
97632
637872
869861
868704
944976
492349
129967
136914
170632
867271
216826
134217
479931
611436
505348
482547
776022
276450
921197
506970
28713
935368
488736
110707
635482
5864
575228
713219
998565
653142
8532
992886
435084
73016
90299
841138
485469
88838
236226
32465
764346
586178
380531
124529
104071
950869
551829
361145
788401
492561
509123
119603
472633
727306
556751
334420
784405
746505
572445
365126
934954
142225
266932
988423
911932
187371
601535
289344
439203
592890
355719
722300
922145
124304
541002
697977
524993
825410
353708
450851
221688
22728
848551
361370
252867
633622
412822
102938
916173
46322
188540
246466
198735
901233
818413
81668
26389
315216
534845
961279
763957
5941
468470
905140
13101
57243
331451
360024
954120
872100
832779
402111
419445
275539
95585
799341
381986
387158
827973
529277
773371
101027
324315
800244
328751
705676
534565
986170
963051
749081
934904
449556
417354
268746
570290
986458
48673
583123
360104
151669
734817
542649
217133
345680
619397
638787
270679
898468
33162
483666
744769
325447
482946
746724
902543
102872
863188
622891
92567
353455
619532
758212
851216
761214
510041
491602
407646
432745
413703
555024
567703
649537
345758
714523
503833
878014
361803
908262
874008
370281
859551
766145
389751
899590
443873
335395
845225
914066
877036
181306
89428
944338
109298
462698
584214
168140
482577
211210
366150
160879
596930
502372
298776
460000
716218
689380
137833
981531
277148
19970
363026
199733
358255
145939
565180
922855
957000
192186
900843
80788
947980
479657
543506
5410
997873
744351
193816
624887
351601
373534
926737
483029
551907
447179
195670
526329
110259
342979
202305
506340
414113
62091
676009
273982
4687
458095
597826
48186
85462
166559
403777
432477
702893
861080
441152
143510
47757
317507
986107
463062
335852
429689
750904
431081
712067
372467
572888
966208
733714
517704
373594
26857
76867
460894
428814
799416
341553
923245
864700
394345
98895
704650
609122
174881
225321
420169
249367
468308
908475
59978
845665
950765
452508
204347
828174
449563
635850
131920
490419
414179
981622
643792
740681
428997
496061
675381
961144
990773
810557
869344
572898
378556
515308
689758
721523
142292
585849
238855
129351
761992
809240
584587
946577
390371
649192
201108
723772
375060
193559
497563
409891
316188
712240
30471
210887
383390
876765
933249
812457
348182
736158
95918
262755
166755
53989
947578
696211
956278
828709
18554
568683
472364
607868
740031
466837
268139
654985
9236
239285
862818
184910
18746
318152
849861
423376
575075
433091
706006
931998
905225
137769
288240
174025
698495
507874
53031
419162
634703
874844
369274
593527
351323
8880
739186
567904
964522
218449
64240
504070
958015
903547
827581
172637
411143
519676
515705
849591
448053
319241
176555
50674
467890
675964
806384
848099
743801
71425
602555
703197
626358
878311
716616
151298
611852
638388
708476
92279
516029
673984
424834
598975
218584
231149
190965
433190
601030
53742
99567
342068
854428
635435
453244
211580
286030
253036
271073
43989
697103
994152
527343
880502
543179
815024
313230
79435
796559
399440
767248
548305
441427
45960
558165
399553
612798
237037
753765
949025
899588
308211
772935
796555
868515
649846
229245
833898
8260
808008
47811
456791
619681
613653
91506
720727
502042
46897
320462
268394
337255
941205
739865
48189
705013
349597
202507
314815
808325
164121
382710
374741
426581
754221
391558
708929
281294
614844
103253
133144
475649
887346
817339
183147
656359
871358
339350
405056
983300
851697
336201
681874
500364
158248
346982
818675
479534
597403
230382
841246
875168
994452
827491
333734
757477
894479
236330
875882
160333
774076
818134
186913
903186
173239
640111
987687
372322
51896
193822
200244
484146
425457
893995
405057
436754
668280
872004
713379
96655
681464
829175
929703
622039
864896
976316
54932
295750
182239
771871
252932
361856
177388
577519
796700
144923
397945
977543
212883
560000
790737
815688
836793
124287
514630
820614
87031
733420
816251
274142
381772
442329
824058
20779
596809
798513
842910
979043
626945
803529
648709
349043
128060
573349
577202
813943
840983
401945
411348
499463
518071
752406
733488
710502
574682
472519
898650
242736
593625
490273
575408
411999
481889
214176
942079
651590
809841
575116
20456
807641
676713
970125
917934
133578
18589
837925
142095
931507
624988
808876
765920
654245
231460
699045
755212
349595
79281
990550
396638
826009
301408
291708
391027
767540
23410
702978
175851
206664
549049
245367
758351
70630
656316
312901
111556
543826
306831
810798
949326
329789
975503
576243
311034
286681
366836
112877
967908
373502
310011
868408
672210
432092
354906
873922
391150
7404
464804
131393
502533
878303
796733
307472
811181
833628
547435
868321
884503
85865
625445
544774
56947
477321
68656
175728
194046
845768
19128
896170
565444
819487
602135
339940
770526
92352
708730
486846
552478
370127
618104
463861
975430
618159
230265
562510
86721
66531
255588
68616
530124
127235
390720
213127
985337
175595
912882
81715
445219
775157
749392
304668
806464
57552
385946
465359
834136
86915
888451
89142
19799
891634
404340
679577
659127
286309
355203
950467
379002
670709
832908
363067
424359
96359
99842
186142
71492
689634
257363
591012
585747
483671
873065
639416
473973
541839
202583
288352
759301
793542
883953
450387
100904
588198
663249
74330
101489
637334
935952
248838
694332
617067
518586
859077
204275
210473
446990
815801
77302
60848
801021
103459
32924
208107
931644
407553
161283
235129
503891
302369
373389
869604
313559
729186
147424
676337
201394
405668
687215
539923
367281
532491
671410
390782
535502
791738
322878
528088
681117
485614
852453
668185
961659
197329
631702
184219
289591
460957
996365
552988
369641
423848
103796
723537
181184
522657
120034
258072
997528
314408
196509
922423
379035
272045
468059
751634
553270
906518
367445
758469
31249
904439
158126
400448
659131
145999
728425
429087
847291
371241
784723
194278
504043
224290
395478
60301
210899
579846
676420
153243
662628
654893
656495
363587
961728
160699
668756
443780
534928
306992
869468
685229
147308
885484
584749
636712
743545
545364
264108
729560
899097
730856
622792
781366
436040
611174
34456
351527
958608
529274
4190
958633
485396
583317
396035
805551
974589
213150
716876
449689
723916
730839
650845
472064
485772
618710
64773
955471
76075
121208
802820
189709
917347
784378
975578
454920
809054
641524
833970
690303
519259
766704
380815
981696
931613
444779
750357
184076
741992
161466
6144
718284
243840
268412
239379
807988
942344
758434
430809
745181
428354
891865
156920
916092
920362
42002
900142
232841
20916
191389
662818
464624
388420
41369
632955
974923
453938
611549
933690
663205
946355
634350
684242
149831
125435
100164
207269
80737
36466
739837
471121
560589
813997
583096
329331
794006
127104
239939
113033
270959
652242
732879
699336
371113
423644
798103
333754
221267
30258
187123
349012
573485
634022
868983
826370
552402
869555
510411
35746
728422
264783
302592
164488
267292
599480
296065
718715
605883
463332
695832
348109
269293
392271
452236
291136
696625
754229
564147
272441
677350
936251
306504
711816
561355
498353
864897
10272
209085
475538
290229
928110
120250
197121
254389
650818
490324
571075
909651
714715
153681
920995
631874
853268
967196
976991
323242
780775
442549
712844
607494
542914
850264
121015
823307
139297
226670
503749
949271
775435
894386
58069
584423
181372
606835
659083
633992
313509
238450
764895
22194
461748
531355
684722
712603
909609
520045
209395
813225
836770
421007
669480
958788
17932
499482
832564
471382
169455
967357
412458
513973
365815
617806
37196
963830
709233
489141
375872
687254
172019
157121
289186
694385
151689
280539
104950
19406
776653
129417
275292
174762
622725
244979
964777
701086
61323
952539
489249
725011
919402
454412
39428
678353
236590
682142
932569
25475
425572
361045
269775
831059
481950
231916
184622
830874
745615
538919
732905
899413
655186
684979
611609
535530
775848
472313
338665
341363
412296
912196
894495
219961
808383
266661
607847
925460
465050
460837
592473
367971
583785
458274
740602
554013
122305
120445
18470
674344
865882
270073
802752
906328
26184
114539
247584
241268
452825
286159
273613
686843
637240
973454
36333
764916
41491
73584
664548
288626
661827
521078
944392
768927
992350
958221
964173
265646
547884
296667
944536
599894
771547
786546
211660
522494
635055
973343
256190
885667
776645
995909
700306
222005
269791
737382
905103
320465
839471
309820
559084
787484
90239
334057
183241
952446
108765
177742
193114
248986
821034
306285
547788
479867
907741
982090
393875
680715
164553
234261
6327
858623
871178
645811
282809
389874
901500
623996
775154
656935
922024
705014
674848
255437
586008
469635
739880
47266
778634
391794
750264
185803
187332
387326
200543
2030
96947
994176
60643
868179
78797
521535
172860
235466
737857
844381
451456
257875
920682
72533
262659
757159
176595
709055
228986
517150
812409
857045
756759
262011
743649
721086
232318
480773
346693
117361
465415
366461
943078
888710
473917
747576
661711
957027
171778
884844
937950
560600
492093
803545
819516
123784
835378
648596
851023
130610
773442
379169
957594
400508
50189
795513
511363
30673
108192
765369
962704
114712
954597
258180
853057
313093
237946
745207
816961
487090
945972
597548
78436
948010
763900
826831
217035
201192
519241
682659
336358
965283
633273
410865
709036
48964
246952
984627
312400
775292
909278
179145
892834
591869
954379
636059
809634
19437
126750
774864
425139
369934
941897
86076
34837
539504
457814
127615
179738
763290
683491
671703
494492
299517
604496
312155
225672
34305
364413
139208
53069
893930
911667
289201
105952
170362
777781
224077
849828
607796
162294
288532
256134
706055
712788
184720
244
48345
418451
667653
590985
760322
170134
211991
430067
996953
964830
861301
939623
335173
764839
640622
944915
83436
991245
62875
173444
253248
882893
119605
120107
883211
236908